{
"type": "FeatureCollection",
"crs": { "type": "name", "properties": { "name": "urn:ogc:def:crs:OGC:1.3:CRS84" } },
"features": [
{ "type": "Feature", "properties": { "id": "e_501_tee_j.5041", "fid": 5041, "sys_id": 915437968, "etak_id": 4587076, "kood": 501, "kood_tekst": "Tee", "tyyp": 60, "tyyp_tekst": "Muu tee", "laius": 3, "teekate": 40, "teekate_tekst": "Pinnas", "liiklus": 10, "liiklus_tekst": "Kahesuunaline", "tee": 3860111.0, "teeosa": 1.0, "soidutee": 1, "soidutee_tekst": "Parempoolne või ainuke", "tee_synon": null, "teeosa_synon": null, "soidutee_synon": 997, "soidutee_synon_tekst": "Täitmata", "tee_synon2": null, "teeosa_synon2": null, "soidutee_synon2": 997, "soidutee_synon2_tekst": "Täitmata", "nimetus": "Punapea tee", "a_tasand": 0, "l_tasand": 0, "ads_oid": null, "ads_nimetus": null, "karto_nimi": null, "tahtsus": 997, "tahtsus_tekst": "Täitmata", "no_oid": null, "markused": null, "vajalik": 30, "vajalik_tekst": "Korras", "andmeallika_id": 58, "korgusallika_id": 221, "ruumikujuallika_id": 58, "muutmisaeg": "2024-05-29T14:25:06Z", "geom_muutmisaeg": "2022-01-12T11:39:41Z" }, "geometry": { "type": "LineString", "coordinates": [ [ 22.998678247681678, 58.372256363948665 ], [ 22.9987420563155, 58.372212254630462 ], [ 22.998775268478241, 58.372177252910511 ], [ 22.998826431216557, 58.3721090064629 ], [ 22.998849860903444, 58.372054361848306 ], [ 22.998873995254517, 58.371953855867858 ], [ 22.998881118612438, 58.371865554214395 ], [ 22.998808303095593, 58.371655223887949 ], [ 22.99879545478521, 58.371592509613727 ], [ 22.998790098223342, 58.371528992067553 ], [ 22.99880068141718, 58.371471714515437 ], [ 22.998834037056522, 58.371381104346312 ], [ 22.998907818888842, 58.371226518519933 ] ] } },
{ "type": "Feature", "properties": { "id": "e_501_tee_j.13024", "fid": 13024, "sys_id": 915445916, "etak_id": 4636705, "kood": 501, "kood_tekst": "Tee", "tyyp": 60, "tyyp_tekst": "Muu tee", "laius": 3, "teekate": 40, "teekate_tekst": "Pinnas", "liiklus": 10, "liiklus_tekst": "Kahesuunaline", "tee": null, "teeosa": null, "soidutee": 997, "soidutee_tekst": "Täitmata", "tee_synon": null, "teeosa_synon": null, "soidutee_synon": 997, "soidutee_synon_tekst": "Täitmata", "tee_synon2": null, "teeosa_synon2": null, "soidutee_synon2": 997, "soidutee_synon2_tekst": "Täitmata", "nimetus": null, "a_tasand": 0, "l_tasand": 0, "ads_oid": null, "ads_nimetus": null, "karto_nimi": null, "tahtsus": 997, "tahtsus_tekst": "Täitmata", "no_oid": null, "markused": null, "vajalik": 30, "vajalik_tekst": "Korras", "andmeallika_id": 222, "korgusallika_id": 222, "ruumikujuallika_id": 222, "muutmisaeg": "2022-11-29T17:50:14Z", "geom_muutmisaeg": "2022-11-29T17:54:53Z" }, "geometry": { "type": "LineString", "coordinates": [ [ 23.018063542476323, 58.367559459094991 ], [ 23.017832915453354, 58.367474490786492 ], [ 23.017730998006698, 58.367433927882566 ], [ 23.017644578817443, 58.367395271064844 ], [ 23.017444397166269, 58.367305741340552 ], [ 23.017224854801434, 58.367211913758688 ], [ 23.016958229519126, 58.36710657978302 ], [ 23.0167863526408, 58.367040254213563 ], [ 23.016662583141738, 58.366977558530934 ] ] } },
{ "type": "Feature", "properties": { "id": "e_501_tee_j.14796", "fid": 14796, "sys_id": 915447681, "etak_id": 4862798, "kood": 501, "kood_tekst": "Tee", "tyyp": 60, "tyyp_tekst": "Muu tee", "laius": 3, "teekate": 20, "teekate_tekst": "Kruuskate", "liiklus": 10, "liiklus_tekst": "Kahesuunaline", "tee": 3860006.0, "teeosa": 1.0, "soidutee": 1, "soidutee_tekst": "Parempoolne või ainuke", "tee_synon": null, "teeosa_synon": null, "soidutee_synon": 997, "soidutee_synon_tekst": "Täitmata", "tee_synon2": null, "teeosa_synon2": null, "soidutee_synon2": 997, "soidutee_synon2_tekst": "Täitmata", "nimetus": "Pärdi tee", "a_tasand": 0, "l_tasand": 0, "ads_oid": null, "ads_nimetus": null, "karto_nimi": null, "tahtsus": 997, "tahtsus_tekst": "Täitmata", "no_oid": null, "markused": null, "vajalik": 30, "vajalik_tekst": "Korras", "andmeallika_id": 222, "korgusallika_id": 222, "ruumikujuallika_id": 222, "muutmisaeg": "2022-11-30T11:04:01Z", "geom_muutmisaeg": "2022-11-30T11:10:53Z" }, "geometry": { "type": "LineString", "coordinates": [ [ 23.024385584448979, 58.368269597371601 ], [ 23.024676100642282, 58.368185857834213 ], [ 23.024774344435102, 58.368159445820645 ], [ 23.025032306779206, 58.368074962914129 ], [ 23.025223637901629, 58.368005244614764 ] ] } },
{ "type": "Feature", "properties": { "id": "e_501_tee_j.17489", "fid": 17489, "sys_id": 915450375, "etak_id": 4658499, "kood": 501, "kood_tekst": "Tee", "tyyp": 70, "tyyp_tekst": "Rada", "laius": 0, "teekate": 40, "teekate_tekst": "Pinnas", "liiklus": 10, "liiklus_tekst": "Kahesuunaline", "tee": null, "teeosa": null, "soidutee": 997, "soidutee_tekst": "Täitmata", "tee_synon": null, "teeosa_synon": null, "soidutee_synon": 997, "soidutee_synon_tekst": "Täitmata", "tee_synon2": null, "teeosa_synon2": null, "soidutee_synon2": 997, "soidutee_synon2_tekst": "Täitmata", "nimetus": null, "a_tasand": 0, "l_tasand": 0, "ads_oid": null, "ads_nimetus": null, "karto_nimi": null, "tahtsus": 997, "tahtsus_tekst": "Täitmata", "no_oid": null, "markused": null, "vajalik": 30, "vajalik_tekst": "Korras", "andmeallika_id": 46, "korgusallika_id": 999, "ruumikujuallika_id": 46, "muutmisaeg": "2024-12-05T14:28:10Z", "geom_muutmisaeg": "2024-12-05T15:50:09Z" }, "geometry": { "type": "LineString", "coordinates": [ [ 23.010607272971587, 58.384314547011954 ], [ 23.010822438494007, 58.38456619998049 ], [ 23.010898685873535, 58.384655372209188 ], [ 23.011138673513749, 58.385016936006153 ] ] } },
{ "type": "Feature", "properties": { "id": "e_501_tee_j.17529", "fid": 17529, "sys_id": 915450415, "etak_id": 4666691, "kood": 501, "kood_tekst": "Tee", "tyyp": 70, "tyyp_tekst": "Rada", "laius": 0, "teekate": 40, "teekate_tekst": "Pinnas", "liiklus": 10, "liiklus_tekst": "Kahesuunaline", "tee": null, "teeosa": null, "soidutee": 997, "soidutee_tekst": "Täitmata", "tee_synon": null, "teeosa_synon": null, "soidutee_synon": 997, "soidutee_synon_tekst": "Täitmata", "tee_synon2": null, "teeosa_synon2": null, "soidutee_synon2": 997, "soidutee_synon2_tekst": "Täitmata", "nimetus": null, "a_tasand": 0, "l_tasand": 0, "ads_oid": null, "ads_nimetus": null, "karto_nimi": null, "tahtsus": 997, "tahtsus_tekst": "Täitmata", "no_oid": null, "markused": null, "vajalik": 30, "vajalik_tekst": "Korras", "andmeallika_id": 222, "korgusallika_id": 222, "ruumikujuallika_id": 222, "muutmisaeg": "2022-11-29T12:27:40Z", "geom_muutmisaeg": "2022-11-29T12:30:05Z" }, "geometry": { "type": "LineString", "coordinates": [ [ 22.992102017122011, 58.369145725596809 ], [ 22.992306647552283, 58.369136996773889 ], [ 22.992506109206349, 58.369119561674111 ], [ 22.992660241482145, 58.369105333409713 ], [ 22.992859369693889, 58.369076230842374 ], [ 22.99319553824699, 58.368998238309906 ], [ 22.993555083728307, 58.368927451130283 ], [ 22.994018350674633, 58.368761337573673 ], [ 22.994162082409979, 58.368755160917274 ], [ 22.994312267959181, 58.368804294375522 ], [ 22.994474629416924, 58.368880120642871 ], [ 22.994633213952739, 58.368954174942196 ], [ 22.994741590162722, 58.368976049282786 ], [ 22.994859577555061, 58.368980920328667 ], [ 22.994984063744088, 58.368975444248086 ] ] } },
{ "type": "Feature", "properties": { "id": "e_501_tee_j.17651", "fid": 17651, "sys_id": 915450536, "etak_id": 4666869, "kood": 501, "kood_tekst": "Tee", "tyyp": 60, "tyyp_tekst": "Muu tee", "laius": 3, "teekate": 40, "teekate_tekst": "Pinnas", "liiklus": 10, "liiklus_tekst": "Kahesuunaline", "tee": null, "teeosa": null, "soidutee": 997, "soidutee_tekst": "Täitmata", "tee_synon": null, "teeosa_synon": null, "soidutee_synon": 997, "soidutee_synon_tekst": "Täitmata", "tee_synon2": null, "teeosa_synon2": null, "soidutee_synon2": 997, "soidutee_synon2_tekst": "Täitmata", "nimetus": null, "a_tasand": 0, "l_tasand": 0, "ads_oid": null, "ads_nimetus": null, "karto_nimi": null, "tahtsus": 997, "tahtsus_tekst": "Täitmata", "no_oid": null, "markused": null, "vajalik": 30, "vajalik_tekst": "Korras", "andmeallika_id": 223, "korgusallika_id": 221, "ruumikujuallika_id": 223, "muutmisaeg": "2024-05-29T14:54:16Z", "geom_muutmisaeg": "2022-06-01T11:43:46Z" }, "geometry": { "type": "LineString", "coordinates": [ [ 23.021893897523253, 58.377912544752832 ], [ 23.022042951569755, 58.377874033531604 ], [ 23.022422923268671, 58.377732923016545 ] ] } },
{ "type": "Feature", "properties": { "id": "e_501_tee_j.25533", "fid": 25533, "sys_id": 915458419, "etak_id": 4677322, "kood": 501, "kood_tekst": "Tee", "tyyp": 30, "tyyp_tekst": "Kõrvalmaantee", "laius": 5, "teekate": 20, "teekate_tekst": "Kruuskate", "liiklus": 10, "liiklus_tekst": "Kahesuunaline", "tee": 21168.0, "teeosa": 1.0, "soidutee": 1, "soidutee_tekst": "Parempoolne või ainuke", "tee_synon": null, "teeosa_synon": null, "soidutee_synon": 997, "soidutee_synon_tekst": "Täitmata", "tee_synon2": null, "teeosa_synon2": null, "soidutee_synon2": 997, "soidutee_synon2_tekst": "Täitmata", "nimetus": "Kahtla-Ruhve tee", "a_tasand": 0, "l_tasand": 0, "ads_oid": null, "ads_nimetus": null, "karto_nimi": null, "tahtsus": 997, "tahtsus_tekst": "Täitmata", "no_oid": null, "markused": null, "vajalik": 30, "vajalik_tekst": "Korras", "andmeallika_id": 58, "korgusallika_id": 221, "ruumikujuallika_id": 46, "muutmisaeg": "2024-05-29T14:25:24Z", "geom_muutmisaeg": "2021-01-12T15:24:24Z" }, "geometry": { "type": "LineString", "coordinates": [ [ 23.009470255758419, 58.402011343505791 ], [ 23.009500667961913, 58.401732940070552 ], [ 23.009523226484536, 58.401438178167538 ], [ 23.009560375535042, 58.401058898682265 ], [ 23.009587703310881, 58.400660838998867 ], [ 23.009588400863272, 58.400635432754079 ], [ 23.00959222723797, 58.400594875606231 ], [ 23.009599641358587, 58.400563595032246 ], [ 23.009612306511976, 58.400522594571989 ], [ 23.009632016764492, 58.400476808831726 ], [ 23.009663916035631, 58.400406945068802 ], [ 23.009712588288778, 58.40032516994885 ], [ 23.009739087943199, 58.400280640052372 ], [ 23.009868189760269, 58.400103310052152 ], [ 23.01006508325904, 58.399857022736235 ], [ 23.010149707588894, 58.399755196689782 ], [ 23.010248584567773, 58.399626426123149 ], [ 23.010290480454135, 58.399559270612833 ], [ 23.010328712802956, 58.399489177392404 ], [ 23.010361551885403, 58.399427177706386 ], [ 23.010377992861468, 58.399374721794175 ], [ 23.010385937731552, 58.399337303393054 ] ] } },
{ "type": "Feature", "properties": { "id": "e_501_tee_j.25608", "fid": 25608, "sys_id": 915458496, "etak_id": 4731000, "kood": 501, "kood_tekst": "Tee", "tyyp": 60, "tyyp_tekst": "Muu tee", "laius": 3, "teekate": 40, "teekate_tekst": "Pinnas", "liiklus": 10, "liiklus_tekst": "Kahesuunaline", "tee": null, "teeosa": null, "soidutee": 997, "soidutee_tekst": "Täitmata", "tee_synon": null, "teeosa_synon": null, "soidutee_synon": 997, "soidutee_synon_tekst": "Täitmata", "tee_synon2": null, "teeosa_synon2": null, "soidutee_synon2": 997, "soidutee_synon2_tekst": "Täitmata", "nimetus": null, "a_tasand": 0, "l_tasand": 0, "ads_oid": null, "ads_nimetus": null, "karto_nimi": null, "tahtsus": 997, "tahtsus_tekst": "Täitmata", "no_oid": null, "markused": null, "vajalik": 30, "vajalik_tekst": "Korras", "andmeallika_id": 223, "korgusallika_id": 221, "ruumikujuallika_id": 223, "muutmisaeg": "2024-05-29T14:54:16Z", "geom_muutmisaeg": "2022-06-01T11:43:46Z" }, "geometry": { "type": "LineString", "coordinates": [ [ 23.022422923268671, 58.377732923016545 ], [ 23.022610784200001, 58.377640023870164 ] ] } },
{ "type": "Feature", "properties": { "id": "e_501_tee_j.27030", "fid": 27030, "sys_id": 915459921, "etak_id": 4733510, "kood": 501, "kood_tekst": "Tee", "tyyp": 70, "tyyp_tekst": "Rada", "laius": 0, "teekate": 40, "teekate_tekst": "Pinnas", "liiklus": 10, "liiklus_tekst": "Kahesuunaline", "tee": null, "teeosa": null, "soidutee": 997, "soidutee_tekst": "Täitmata", "tee_synon": null, "teeosa_synon": null, "soidutee_synon": 997, "soidutee_synon_tekst": "Täitmata", "tee_synon2": null, "teeosa_synon2": null, "soidutee_synon2": 997, "soidutee_synon2_tekst": "Täitmata", "nimetus": null, "a_tasand": 0, "l_tasand": 0, "ads_oid": null, "ads_nimetus": null, "karto_nimi": null, "tahtsus": 997, "tahtsus_tekst": "Täitmata", "no_oid": null, "markused": null, "vajalik": 30, "vajalik_tekst": "Korras", "andmeallika_id": 46, "korgusallika_id": 210, "ruumikujuallika_id": 23, "muutmisaeg": "2020-02-10T09:28:41Z", "geom_muutmisaeg": "2007-04-30T11:57:46Z" }, "geometry": { "type": "LineString", "coordinates": [ [ 23.013443283773988, 58.379076846390618 ], [ 23.013399193550963, 58.379045805207923 ], [ 23.013126132187963, 58.378876947863503 ], [ 23.013116473355961, 58.378867804030385 ] ] } },
{ "type": "Feature", "properties": { "id": "e_501_tee_j.29079", "fid": 29079, "sys_id": 915461975, "etak_id": 4747693, "kood": 501, "kood_tekst": "Tee", "tyyp": 60, "tyyp_tekst": "Muu tee", "laius": 3, "teekate": 40, "teekate_tekst": "Pinnas", "liiklus": 10, "liiklus_tekst": "Kahesuunaline", "tee": null, "teeosa": null, "soidutee": 997, "soidutee_tekst": "Täitmata", "tee_synon": null, "teeosa_synon": null, "soidutee_synon": 997, "soidutee_synon_tekst": "Täitmata", "tee_synon2": null, "teeosa_synon2": null, "soidutee_synon2": 997, "soidutee_synon2_tekst": "Täitmata", "nimetus": null, "a_tasand": 0, "l_tasand": 0, "ads_oid": null, "ads_nimetus": null, "karto_nimi": null, "tahtsus": 997, "tahtsus_tekst": "Täitmata", "no_oid": null, "markused": null, "vajalik": 30, "vajalik_tekst": "Korras", "andmeallika_id": 222, "korgusallika_id": 222, "ruumikujuallika_id": 222, "muutmisaeg": "2022-11-29T17:54:29Z", "geom_muutmisaeg": "2022-11-29T17:54:53Z" }, "geometry": { "type": "LineString", "coordinates": [ [ 23.022033967678862, 58.369179962906266 ], [ 23.021770849129567, 58.368744081280859 ] ] } },
{ "type": "Feature", "properties": { "id": "e_501_tee_j.32707", "fid": 32707, "sys_id": 915465613, "etak_id": 4769031, "kood": 501, "kood_tekst": "Tee", "tyyp": 70, "tyyp_tekst": "Rada", "laius": 0, "teekate": 40, "teekate_tekst": "Pinnas", "liiklus": 10, "liiklus_tekst": "Kahesuunaline", "tee": null, "teeosa": null, "soidutee": 997, "soidutee_tekst": "Täitmata", "tee_synon": null, "teeosa_synon": null, "soidutee_synon": 997, "soidutee_synon_tekst": "Täitmata", "tee_synon2": null, "teeosa_synon2": null, "soidutee_synon2": 997, "soidutee_synon2_tekst": "Täitmata", "nimetus": null, "a_tasand": 0, "l_tasand": 0, "ads_oid": null, "ads_nimetus": null, "karto_nimi": null, "tahtsus": 997, "tahtsus_tekst": "Täitmata", "no_oid": null, "markused": null, "vajalik": 30, "vajalik_tekst": "Korras", "andmeallika_id": 46, "korgusallika_id": 210, "ruumikujuallika_id": 23, "muutmisaeg": "2020-02-27T15:20:48Z", "geom_muutmisaeg": "2007-04-30T11:57:46Z" }, "geometry": { "type": "LineString", "coordinates": [ [ 23.021220931927548, 58.381254943192047 ], [ 23.022285984239261, 58.381175642975855 ] ] } },
{ "type": "Feature", "properties": { "id": "e_501_tee_j.33962", "fid": 33962, "sys_id": 915466862, "etak_id": 4779621, "kood": 501, "kood_tekst": "Tee", "tyyp": 70, "tyyp_tekst": "Rada", "laius": 0, "teekate": 40, "teekate_tekst": "Pinnas", "liiklus": 10, "liiklus_tekst": "Kahesuunaline", "tee": null, "teeosa": null, "soidutee": 997, "soidutee_tekst": "Täitmata", "tee_synon": null, "teeosa_synon": null, "soidutee_synon": 997, "soidutee_synon_tekst": "Täitmata", "tee_synon2": null, "teeosa_synon2": null, "soidutee_synon2": 997, "soidutee_synon2_tekst": "Täitmata", "nimetus": null, "a_tasand": 0, "l_tasand": 0, "ads_oid": null, "ads_nimetus": null, "karto_nimi": null, "tahtsus": 997, "tahtsus_tekst": "Täitmata", "no_oid": null, "markused": null, "vajalik": 30, "vajalik_tekst": "Korras", "andmeallika_id": 46, "korgusallika_id": 210, "ruumikujuallika_id": 23, "muutmisaeg": "2020-03-10T09:29:27Z", "geom_muutmisaeg": "2015-05-19T12:28:08Z" }, "geometry": { "type": "LineString", "coordinates": [ [ 23.020188661506456, 58.374205310245891 ], [ 23.020469004880074, 58.374302723600728 ], [ 23.020735916848722, 58.374336109122062 ], [ 23.021016438280736, 58.374408748519606 ], [ 23.021266944333782, 58.374515916368665 ], [ 23.021550990799035, 58.374584810255854 ], [ 23.021804210276947, 58.374664529913467 ], [ 23.021813157035847, 58.374667346148023 ], [ 23.021951729945542, 58.374710978962788 ], [ 23.022515948934121, 58.374927042461685 ] ] } },
{ "type": "Feature", "properties": { "id": "e_501_tee_j.36049", "fid": 36049, "sys_id": 915468948, "etak_id": 4784992, "kood": 501, "kood_tekst": "Tee", "tyyp": 70, "tyyp_tekst": "Rada", "laius": 0, "teekate": 40, "teekate_tekst": "Pinnas", "liiklus": 10, "liiklus_tekst": "Kahesuunaline", "tee": null, "teeosa": null, "soidutee": 997, "soidutee_tekst": "Täitmata", "tee_synon": null, "teeosa_synon": null, "soidutee_synon": 997, "soidutee_synon_tekst": "Täitmata", "tee_synon2": null, "teeosa_synon2": null, "soidutee_synon2": 997, "soidutee_synon2_tekst": "Täitmata", "nimetus": null, "a_tasand": 0, "l_tasand": 0, "ads_oid": null, "ads_nimetus": null, "karto_nimi": null, "tahtsus": 997, "tahtsus_tekst": "Täitmata", "no_oid": null, "markused": null, "vajalik": 30, "vajalik_tekst": "Korras", "andmeallika_id": 46, "korgusallika_id": 210, "ruumikujuallika_id": 23, "muutmisaeg": "2020-03-25T14:31:56Z", "geom_muutmisaeg": "2019-04-19T04:44:07Z" }, "geometry": { "type": "LineString", "coordinates": [ [ 23.013116473355961, 58.378867804030385 ], [ 23.012924714270781, 58.378872329052655 ], [ 23.012506102221746, 58.378919736181004 ], [ 23.012181864455606, 58.378996588151857 ], [ 23.011816357395293, 58.379083221756879 ], [ 23.011093700835303, 58.379280112521521 ], [ 23.010769409775737, 58.379395769481206 ], [ 23.010432611635714, 58.379573196736679 ], [ 23.010180648952556, 58.379779386262612 ], [ 23.009873448487948, 58.380047006072061 ] ] } },
{ "type": "Feature", "properties": { "id": "e_501_tee_j.38468", "fid": 38468, "sys_id": 915471371, "etak_id": 4616163, "kood": 501, "kood_tekst": "Tee", "tyyp": 30, "tyyp_tekst": "Kõrvalmaantee", "laius": 5, "teekate": 20, "teekate_tekst": "Kruuskate", "liiklus": 10, "liiklus_tekst": "Kahesuunaline", "tee": 21168.0, "teeosa": 1.0, "soidutee": 1, "soidutee_tekst": "Parempoolne või ainuke", "tee_synon": null, "teeosa_synon": null, "soidutee_synon": 997, "soidutee_synon_tekst": "Täitmata", "tee_synon2": null, "teeosa_synon2": null, "soidutee_synon2": 997, "soidutee_synon2_tekst": "Täitmata", "nimetus": "Kahtla-Ruhve tee", "a_tasand": 0, "l_tasand": 0, "ads_oid": null, "ads_nimetus": null, "karto_nimi": null, "tahtsus": 997, "tahtsus_tekst": "Täitmata", "no_oid": null, "markused": null, "vajalik": 30, "vajalik_tekst": "Korras", "andmeallika_id": 58, "korgusallika_id": 221, "ruumikujuallika_id": 223, "muutmisaeg": "2024-05-29T14:30:33Z", "geom_muutmisaeg": "2022-05-25T11:14:00Z" }, "geometry": { "type": "LineString", "coordinates": [ [ 23.006684912272693, 58.407123405985558 ], [ 23.006836053861253, 58.407072895360216 ], [ 23.006939487111197, 58.407031819320906 ], [ 23.007073854696664, 58.406962752376906 ], [ 23.007188466570202, 58.406900787157667 ], [ 23.007288298944797, 58.406831451688895 ], [ 23.007373027974708, 58.40676683871763 ], [ 23.007448878432577, 58.40669066312401 ], [ 23.007528507130317, 58.406603041180034 ], [ 23.007591972008829, 58.406516496901503 ], [ 23.007636282631026, 58.406456400782027 ], [ 23.007940931996696, 58.405882559249662 ], [ 23.008245140812161, 58.405330075572635 ] ] } },
{ "type": "Feature", "properties": { "id": "e_501_tee_j.40573", "fid": 40573, "sys_id": 915473471, "etak_id": 4820000, "kood": 501, "kood_tekst": "Tee", "tyyp": 60, "tyyp_tekst": "Muu tee", "laius": 3, "teekate": 20, "teekate_tekst": "Kruuskate", "liiklus": 10, "liiklus_tekst": "Kahesuunaline", "tee": 3860006.0, "teeosa": 1.0, "soidutee": 1, "soidutee_tekst": "Parempoolne või ainuke", "tee_synon": null, "teeosa_synon": null, "soidutee_synon": 997, "soidutee_synon_tekst": "Täitmata", "tee_synon2": null, "teeosa_synon2": null, "soidutee_synon2": 997, "soidutee_synon2_tekst": "Täitmata", "nimetus": "Pärdi tee", "a_tasand": 0, "l_tasand": 0, "ads_oid": null, "ads_nimetus": null, "karto_nimi": null, "tahtsus": 997, "tahtsus_tekst": "Täitmata", "no_oid": null, "markused": null, "vajalik": 30, "vajalik_tekst": "Korras", "andmeallika_id": 222, "korgusallika_id": 222, "ruumikujuallika_id": 222, "muutmisaeg": "2022-11-30T11:06:15Z", "geom_muutmisaeg": "2022-11-30T11:10:53Z" }, "geometry": { "type": "LineString", "coordinates": [ [ 23.022577055783646, 58.369815821473807 ], [ 23.022564503293871, 58.369522818098041 ], [ 23.022590738282144, 58.369407535205248 ], [ 23.02260284234708, 58.369354389155177 ], [ 23.022683394131874, 58.36920442172439 ], [ 23.022802638902391, 58.369076570330456 ], [ 23.023043961321687, 58.36889119742105 ], [ 23.023080541602535, 58.368869334226822 ], [ 23.023209307351479, 58.368785096326 ], [ 23.023372695584502, 58.368692871139594 ], [ 23.023676624564608, 58.368539736085367 ], [ 23.023752863558272, 58.36850820891005 ], [ 23.024028301909329, 58.36840008426136 ], [ 23.024087371444384, 58.368376354408078 ], [ 23.024385584448979, 58.368269597371601 ] ] } },
{ "type": "Feature", "properties": { "id": "e_501_tee_j.41066", "fid": 41066, "sys_id": 915473971, "etak_id": 4824025, "kood": 501, "kood_tekst": "Tee", "tyyp": 60, "tyyp_tekst": "Muu tee", "laius": 3, "teekate": 20, "teekate_tekst": "Kruuskate", "liiklus": 10, "liiklus_tekst": "Kahesuunaline", "tee": 3860110.0, "teeosa": 1.0, "soidutee": 1, "soidutee_tekst": "Parempoolne või ainuke", "tee_synon": null, "teeosa_synon": null, "soidutee_synon": 997, "soidutee_synon_tekst": "Täitmata", "tee_synon2": null, "teeosa_synon2": null, "soidutee_synon2": 997, "soidutee_synon2_tekst": "Täitmata", "nimetus": "Luigenoka tee", "a_tasand": 0, "l_tasand": 0, "ads_oid": null, "ads_nimetus": null, "karto_nimi": null, "tahtsus": 997, "tahtsus_tekst": "Täitmata", "no_oid": null, "markused": null, "vajalik": 30, "vajalik_tekst": "Korras", "andmeallika_id": 222, "korgusallika_id": 221, "ruumikujuallika_id": 223, "muutmisaeg": "2024-05-29T14:22:20Z", "geom_muutmisaeg": "2022-07-07T16:49:12Z" }, "geometry": { "type": "LineString", "coordinates": [ [ 22.991925988805122, 58.369533468555744 ], [ 22.992050367314729, 58.369265947548904 ], [ 22.992102017122011, 58.369145725596809 ] ] } },
{ "type": "Feature", "properties": { "id": "e_501_tee_j.41435", "fid": 41435, "sys_id": 915474343, "etak_id": 4828748, "kood": 501, "kood_tekst": "Tee", "tyyp": 70, "tyyp_tekst": "Rada", "laius": 0, "teekate": 40, "teekate_tekst": "Pinnas", "liiklus": 10, "liiklus_tekst": "Kahesuunaline", "tee": null, "teeosa": null, "soidutee": 997, "soidutee_tekst": "Täitmata", "tee_synon": null, "teeosa_synon": null, "soidutee_synon": 997, "soidutee_synon_tekst": "Täitmata", "tee_synon2": null, "teeosa_synon2": null, "soidutee_synon2": 997, "soidutee_synon2_tekst": "Täitmata", "nimetus": null, "a_tasand": 0, "l_tasand": 0, "ads_oid": null, "ads_nimetus": null, "karto_nimi": null, "tahtsus": 997, "tahtsus_tekst": "Täitmata", "no_oid": null, "markused": null, "vajalik": 30, "vajalik_tekst": "Korras", "andmeallika_id": 46, "korgusallika_id": 221, "ruumikujuallika_id": 46, "muutmisaeg": "2024-05-29T14:21:25Z", "geom_muutmisaeg": "2019-04-18T12:35:01Z" }, "geometry": { "type": "LineString", "coordinates": [ [ 23.015406477129236, 58.379219281861467 ], [ 23.015106355872881, 58.379257904390322 ], [ 23.014586746953331, 58.379357814020665 ], [ 23.014086542349709, 58.379480167198786 ], [ 23.01403205130493, 58.379479270556871 ], [ 23.013934721108591, 58.379459401880275 ], [ 23.013784240897198, 58.379360813402783 ], [ 23.013618468159429, 58.379200319440919 ], [ 23.013443283773988, 58.379076846390618 ] ] } },
{ "type": "Feature", "properties": { "id": "e_501_tee_j.52694", "fid": 52694, "sys_id": 915485609, "etak_id": 4908843, "kood": 501, "kood_tekst": "Tee", "tyyp": 70, "tyyp_tekst": "Rada", "laius": 0, "teekate": 40, "teekate_tekst": "Pinnas", "liiklus": 10, "liiklus_tekst": "Kahesuunaline", "tee": null, "teeosa": null, "soidutee": 997, "soidutee_tekst": "Täitmata", "tee_synon": null, "teeosa_synon": null, "soidutee_synon": 997, "soidutee_synon_tekst": "Täitmata", "tee_synon2": null, "teeosa_synon2": null, "soidutee_synon2": 997, "soidutee_synon2_tekst": "Täitmata", "nimetus": null, "a_tasand": 0, "l_tasand": 0, "ads_oid": null, "ads_nimetus": null, "karto_nimi": null, "tahtsus": 997, "tahtsus_tekst": "Täitmata", "no_oid": null, "markused": null, "vajalik": 30, "vajalik_tekst": "Korras", "andmeallika_id": 222, "korgusallika_id": 222, "ruumikujuallika_id": 222, "muutmisaeg": "2022-11-30T10:49:34Z", "geom_muutmisaeg": "2022-11-30T11:03:22Z" }, "geometry": { "type": "LineString", "coordinates": [ [ 23.023812149232569, 58.368354531319966 ], [ 23.023987893135505, 58.36823009206654 ], [ 23.024103560294296, 58.368176220161743 ], [ 23.024399473972988, 58.368090726642805 ], [ 23.024688103987444, 58.368066443063796 ] ] } },
{ "type": "Feature", "properties": { "id": "e_501_tee_j.55136", "fid": 55136, "sys_id": 915488050, "etak_id": 4782505, "kood": 501, "kood_tekst": "Tee", "tyyp": 30, "tyyp_tekst": "Kõrvalmaantee", "laius": 5, "teekate": 20, "teekate_tekst": "Kruuskate", "liiklus": 10, "liiklus_tekst": "Kahesuunaline", "tee": 21168.0, "teeosa": 1.0, "soidutee": 1, "soidutee_tekst": "Parempoolne või ainuke", "tee_synon": null, "teeosa_synon": null, "soidutee_synon": 997, "soidutee_synon_tekst": "Täitmata", "tee_synon2": null, "teeosa_synon2": null, "soidutee_synon2": 997, "soidutee_synon2_tekst": "Täitmata", "nimetus": "Kahtla-Ruhve tee", "a_tasand": 0, "l_tasand": 0, "ads_oid": null, "ads_nimetus": null, "karto_nimi": null, "tahtsus": 997, "tahtsus_tekst": "Täitmata", "no_oid": null, "markused": null, "vajalik": 30, "vajalik_tekst": "Korras", "andmeallika_id": 58, "korgusallika_id": 221, "ruumikujuallika_id": 46, "muutmisaeg": "2024-05-29T14:30:37Z", "geom_muutmisaeg": "2021-01-12T15:24:24Z" }, "geometry": { "type": "LineString", "coordinates": [ [ 23.009209316320113, 58.40343694330484 ], [ 23.009227735318376, 58.403372075402686 ], [ 23.009317097954384, 58.403090088370604 ], [ 23.009380226631091, 58.402714772737667 ], [ 23.009455983802422, 58.402215226456818 ], [ 23.009470255758419, 58.402011343505791 ] ] } },
{ "type": "Feature", "properties": { "id": "e_501_tee_j.69733", "fid": 69733, "sys_id": 915502662, "etak_id": 4722904, "kood": 501, "kood_tekst": "Tee", "tyyp": 30, "tyyp_tekst": "Kõrvalmaantee", "laius": 5, "teekate": 20, "teekate_tekst": "Kruuskate", "liiklus": 10, "liiklus_tekst": "Kahesuunaline", "tee": 21168.0, "teeosa": 1.0, "soidutee": 1, "soidutee_tekst": "Parempoolne või ainuke", "tee_synon": null, "teeosa_synon": null, "soidutee_synon": 997, "soidutee_synon_tekst": "Täitmata", "tee_synon2": null, "teeosa_synon2": null, "soidutee_synon2": 997, "soidutee_synon2_tekst": "Täitmata", "nimetus": "Kahtla-Ruhve tee", "a_tasand": 0, "l_tasand": 0, "ads_oid": null, "ads_nimetus": null, "karto_nimi": null, "tahtsus": 997, "tahtsus_tekst": "Täitmata", "no_oid": null, "markused": null, "vajalik": 30, "vajalik_tekst": "Korras", "andmeallika_id": 58, "korgusallika_id": 210, "ruumikujuallika_id": 58, "muutmisaeg": "2023-12-02T13:58:18Z", "geom_muutmisaeg": "2007-04-30T11:57:46Z" }, "geometry": { "type": "LineString", "coordinates": [ [ 23.010660014487421, 58.38799098307944 ], [ 23.010891812513147, 58.387755902095719 ], [ 23.01136671413007, 58.387217672885448 ], [ 23.011815062351783, 58.386662445101962 ], [ 23.012013182986834, 58.386414350885062 ] ] } },
{ "type": "Feature", "properties": { "id": "e_501_tee_j.82179", "fid": 82179, "sys_id": 915515080, "etak_id": 5065385, "kood": 501, "kood_tekst": "Tee", "tyyp": 70, "tyyp_tekst": "Rada", "laius": 0, "teekate": 40, "teekate_tekst": "Pinnas", "liiklus": 10, "liiklus_tekst": "Kahesuunaline", "tee": null, "teeosa": null, "soidutee": 997, "soidutee_tekst": "Täitmata", "tee_synon": null, "teeosa_synon": null, "soidutee_synon": 997, "soidutee_synon_tekst": "Täitmata", "tee_synon2": null, "teeosa_synon2": null, "soidutee_synon2": 997, "soidutee_synon2_tekst": "Täitmata", "nimetus": null, "a_tasand": 0, "l_tasand": 0, "ads_oid": null, "ads_nimetus": null, "karto_nimi": null, "tahtsus": 997, "tahtsus_tekst": "Täitmata", "no_oid": null, "markused": null, "vajalik": 30, "vajalik_tekst": "Korras", "andmeallika_id": 46, "korgusallika_id": 210, "ruumikujuallika_id": 147, "muutmisaeg": "2020-05-14T10:27:22Z", "geom_muutmisaeg": "2020-03-05T02:13:04Z" }, "geometry": { "type": "LineString", "coordinates": [ [ 23.021004517086681, 58.372309377431527 ], [ 23.021070331054997, 58.372395096394676 ], [ 23.021218427990263, 58.372558219857744 ], [ 23.021379973319537, 58.3728710426455 ], [ 23.021533975242303, 58.373021065166554 ], [ 23.021654894723905, 58.373138849443755 ], [ 23.02170037900423, 58.373181850021332 ], [ 23.021744497292172, 58.373223574023029 ], [ 23.021970146552817, 58.37340705436565 ], [ 23.022004640878887, 58.373444529137714 ], [ 23.022183350568689, 58.37363873903211 ], [ 23.022376445401267, 58.373850505734865 ], [ 23.022624078017774, 58.374177733375156 ], [ 23.022802006774675, 58.37440590533047 ], [ 23.023091754976548, 58.374558976136164 ] ] } },
{ "type": "Feature", "properties": { "id": "e_501_tee_j.88550", "fid": 88550, "sys_id": 915521407, "etak_id": 4665887, "kood": 501, "kood_tekst": "Tee", "tyyp": 60, "tyyp_tekst": "Muu tee", "laius": 3, "teekate": 40, "teekate_tekst": "Pinnas", "liiklus": 10, "liiklus_tekst": "Kahesuunaline", "tee": null, "teeosa": null, "soidutee": 997, "soidutee_tekst": "Täitmata", "tee_synon": null, "teeosa_synon": null, "soidutee_synon": 997, "soidutee_synon_tekst": "Täitmata", "tee_synon2": null, "teeosa_synon2": null, "soidutee_synon2": 997, "soidutee_synon2_tekst": "Täitmata", "nimetus": null, "a_tasand": 0, "l_tasand": 0, "ads_oid": null, "ads_nimetus": null, "karto_nimi": null, "tahtsus": 997, "tahtsus_tekst": "Täitmata", "no_oid": null, "markused": null, "vajalik": 30, "vajalik_tekst": "Korras", "andmeallika_id": 222, "korgusallika_id": 222, "ruumikujuallika_id": 222, "muutmisaeg": "2022-12-05T11:00:34Z", "geom_muutmisaeg": "2022-12-05T11:03:57Z" }, "geometry": { "type": "LineString", "coordinates": [ [ 23.015915017998942, 58.366212814395674 ], [ 23.016187541332375, 58.365957134769886 ], [ 23.016310135967803, 58.365868905271107 ], [ 23.016257062610574, 58.365783685898599 ], [ 23.016267757998865, 58.365724369653577 ], [ 23.016309298622001, 58.365693800689677 ], [ 23.016580397503954, 58.365578951036895 ], [ 23.016698018097848, 58.365538462195943 ], [ 23.016844691769421, 58.365528484514172 ], [ 23.017022479881671, 58.365525974689987 ], [ 23.017151435391348, 58.365548383557289 ], [ 23.017305352386796, 58.365604055559629 ], [ 23.017404050153598, 58.365649568649275 ], [ 23.017473160541837, 58.365692905389324 ] ] } },
{ "type": "Feature", "properties": { "id": "e_501_tee_j.89672", "fid": 89672, "sys_id": 915522532, "etak_id": 4732259, "kood": 501, "kood_tekst": "Tee", "tyyp": 70, "tyyp_tekst": "Rada", "laius": 0, "teekate": 40, "teekate_tekst": "Pinnas", "liiklus": 10, "liiklus_tekst": "Kahesuunaline", "tee": null, "teeosa": null, "soidutee": 997, "soidutee_tekst": "Täitmata", "tee_synon": null, "teeosa_synon": null, "soidutee_synon": 997, "soidutee_synon_tekst": "Täitmata", "tee_synon2": null, "teeosa_synon2": null, "soidutee_synon2": 997, "soidutee_synon2_tekst": "Täitmata", "nimetus": null, "a_tasand": 0, "l_tasand": 0, "ads_oid": null, "ads_nimetus": null, "karto_nimi": null, "tahtsus": 997, "tahtsus_tekst": "Täitmata", "no_oid": null, "markused": null, "vajalik": 30, "vajalik_tekst": "Korras", "andmeallika_id": 46, "korgusallika_id": 210, "ruumikujuallika_id": 23, "muutmisaeg": "2020-06-08T10:51:56Z", "geom_muutmisaeg": "2015-05-19T12:28:08Z" }, "geometry": { "type": "LineString", "coordinates": [ [ 22.996698124185151, 58.385218687128919 ], [ 22.996855209737188, 58.385070144384756 ], [ 22.997102022551083, 58.384814723693232 ], [ 22.997317876865985, 58.384601639888807 ], [ 22.997417344585301, 58.384488920953267 ], [ 22.997723624792666, 58.384234325122577 ], [ 22.99776613668007, 58.384216628082385 ], [ 22.998066038595276, 58.384091733971964 ], [ 22.998358212361993, 58.383984207605891 ], [ 22.998667674887127, 58.383785675079267 ], [ 22.998770947371739, 58.383713302540464 ], [ 22.999072523993778, 58.383413060267912 ], [ 22.999267075412785, 58.383154720701768 ], [ 22.999372240198909, 58.383069791346337 ], [ 22.999818200158781, 58.382760082904014 ], [ 23.000302040556956, 58.382470774407523 ], [ 23.000725622878559, 58.382292445090755 ], [ 23.001149506469265, 58.382217900791346 ] ] } },
{ "type": "Feature", "properties": { "id": "e_501_tee_j.92939", "fid": 92939, "sys_id": 915525803, "etak_id": 5016305, "kood": 501, "kood_tekst": "Tee", "tyyp": 60, "tyyp_tekst": "Muu tee", "laius": 3, "teekate": 20, "teekate_tekst": "Kruuskate", "liiklus": 10, "liiklus_tekst": "Kahesuunaline", "tee": null, "teeosa": null, "soidutee": 997, "soidutee_tekst": "Täitmata", "tee_synon": null, "teeosa_synon": null, "soidutee_synon": 997, "soidutee_synon_tekst": "Täitmata", "tee_synon2": null, "teeosa_synon2": null, "soidutee_synon2": 997, "soidutee_synon2_tekst": "Täitmata", "nimetus": null, "a_tasand": 0, "l_tasand": 0, "ads_oid": null, "ads_nimetus": null, "karto_nimi": null, "tahtsus": 997, "tahtsus_tekst": "Täitmata", "no_oid": null, "markused": null, "vajalik": 30, "vajalik_tekst": "Korras", "andmeallika_id": 222, "korgusallika_id": 222, "ruumikujuallika_id": 222, "muutmisaeg": "2022-06-08T13:09:39Z", "geom_muutmisaeg": "2022-06-08T13:15:04Z" }, "geometry": { "type": "LineString", "coordinates": [ [ 23.02803512055274, 58.365115401062859 ], [ 23.028045804682872, 58.365087368016695 ], [ 23.028111499971381, 58.365025075527413 ], [ 23.028307427040005, 58.364896294536621 ], [ 23.028440862011699, 58.364796660533983 ], [ 23.028741582230651, 58.364568188404704 ], [ 23.028955603774396, 58.364441142466646 ], [ 23.029317185491642, 58.364238040795129 ], [ 23.029598972222235, 58.364088028099019 ], [ 23.029788383732665, 58.363993810827338 ], [ 23.02992649675868, 58.363933154392292 ], [ 23.030072177962271, 58.363884955826649 ], [ 23.030158514195573, 58.363863459782337 ] ] } },
{ "type": "Feature", "properties": { "id": "e_501_tee_j.96613", "fid": 96613, "sys_id": 915529474, "etak_id": 4815980, "kood": 501, "kood_tekst": "Tee", "tyyp": 70, "tyyp_tekst": "Rada", "laius": 0, "teekate": 40, "teekate_tekst": "Pinnas", "liiklus": 10, "liiklus_tekst": "Kahesuunaline", "tee": null, "teeosa": null, "soidutee": 997, "soidutee_tekst": "Täitmata", "tee_synon": null, "teeosa_synon": null, "soidutee_synon": 997, "soidutee_synon_tekst": "Täitmata", "tee_synon2": null, "teeosa_synon2": null, "soidutee_synon2": 997, "soidutee_synon2_tekst": "Täitmata", "nimetus": null, "a_tasand": 0, "l_tasand": 0, "ads_oid": null, "ads_nimetus": null, "karto_nimi": null, "tahtsus": 997, "tahtsus_tekst": "Täitmata", "no_oid": null, "markused": null, "vajalik": 30, "vajalik_tekst": "Korras", "andmeallika_id": 222, "korgusallika_id": 222, "ruumikujuallika_id": 222, "muutmisaeg": "2022-12-05T10:40:08Z", "geom_muutmisaeg": "2022-12-05T10:40:22Z" }, "geometry": { "type": "LineString", "coordinates": [ [ 23.030809809539843, 58.36340579908795 ], [ 23.03093780857203, 58.363346178227822 ], [ 23.031044129460188, 58.363276398639705 ], [ 23.031200182686121, 58.36318141425798 ], [ 23.031332272158775, 58.363096627966854 ], [ 23.03157619566624, 58.362955240170287 ], [ 23.031647412393362, 58.362908037236629 ], [ 23.031721470950053, 58.362846946790754 ], [ 23.031871965796551, 58.3627177978668 ], [ 23.031978895057183, 58.36258839917312 ], [ 23.032113921847284, 58.362381559947487 ], [ 23.032251408322132, 58.362215765944718 ], [ 23.032289893554893, 58.362164507231121 ], [ 23.032443654446038, 58.362022012158903 ], [ 23.032592269998144, 58.361898855371706 ], [ 23.032632782726687, 58.361835947737191 ] ] } },
{ "type": "Feature", "properties": { "id": "e_501_tee_j.97091", "fid": 97091, "sys_id": 915529954, "etak_id": 5003779, "kood": 501, "kood_tekst": "Tee", "tyyp": 70, "tyyp_tekst": "Rada", "laius": 0, "teekate": 40, "teekate_tekst": "Pinnas", "liiklus": 10, "liiklus_tekst": "Kahesuunaline", "tee": null, "teeosa": null, "soidutee": 997, "soidutee_tekst": "Täitmata", "tee_synon": null, "teeosa_synon": null, "soidutee_synon": 997, "soidutee_synon_tekst": "Täitmata", "tee_synon2": null, "teeosa_synon2": null, "soidutee_synon2": 997, "soidutee_synon2_tekst": "Täitmata", "nimetus": null, "a_tasand": 0, "l_tasand": 0, "ads_oid": null, "ads_nimetus": null, "karto_nimi": null, "tahtsus": 997, "tahtsus_tekst": "Täitmata", "no_oid": null, "markused": null, "vajalik": 30, "vajalik_tekst": "Korras", "andmeallika_id": 222, "korgusallika_id": 222, "ruumikujuallika_id": 222, "muutmisaeg": "2022-11-29T12:23:39Z", "geom_muutmisaeg": "2022-11-29T12:30:05Z" }, "geometry": { "type": "LineString", "coordinates": [ [ 22.998678247681678, 58.372256363948665 ], [ 22.998872133350353, 58.372219721951822 ], [ 22.999065935442363, 58.372175778738644 ], [ 22.99923035862356, 58.372131164946872 ], [ 23.001852695002967, 58.371368554584841 ], [ 23.002156888490568, 58.371285089366651 ], [ 23.00231555434285, 58.371107899465784 ], [ 23.002746606759231, 58.37094425927868 ], [ 23.003306060087862, 58.3707727215983 ], [ 23.003823390909048, 58.370664247474586 ], [ 23.00403227903638, 58.370614515079296 ], [ 23.004587579215155, 58.370504888427803 ], [ 23.005004428629235, 58.370425976456467 ], [ 23.005664892795224, 58.370380756959733 ], [ 23.00608461515467, 58.37035133143069 ], [ 23.006634387617598, 58.370297971764181 ], [ 23.006862540352245, 58.370286098198306 ] ] } },
{ "type": "Feature", "properties": { "id": "e_501_tee_j.99751", "fid": 99751, "sys_id": 915532613, "etak_id": 4799453, "kood": 501, "kood_tekst": "Tee", "tyyp": 70, "tyyp_tekst": "Rada", "laius": 0, "teekate": 40, "teekate_tekst": "Pinnas", "liiklus": 10, "liiklus_tekst": "Kahesuunaline", "tee": null, "teeosa": null, "soidutee": 997, "soidutee_tekst": "Täitmata", "tee_synon": null, "teeosa_synon": null, "soidutee_synon": 997, "soidutee_synon_tekst": "Täitmata", "tee_synon2": null, "teeosa_synon2": null, "soidutee_synon2": 997, "soidutee_synon2_tekst": "Täitmata", "nimetus": null, "a_tasand": 0, "l_tasand": 0, "ads_oid": null, "ads_nimetus": null, "karto_nimi": null, "tahtsus": 997, "tahtsus_tekst": "Täitmata", "no_oid": null, "markused": null, "vajalik": 30, "vajalik_tekst": "Korras", "andmeallika_id": 222, "korgusallika_id": 222, "ruumikujuallika_id": 222, "muutmisaeg": "2022-11-29T14:43:46Z", "geom_muutmisaeg": "2022-11-29T14:45:17Z" }, "geometry": { "type": "LineString", "coordinates": [ [ 23.004313168138076, 58.362457651034916 ], [ 23.004083212796914, 58.362469164378659 ], [ 23.003913339592355, 58.362463573508485 ], [ 23.00382221933064, 58.362452553964467 ], [ 23.003733554981789, 58.362432026362896 ], [ 23.00365689980789, 58.362407372121716 ] ] } },
{ "type": "Feature", "properties": { "id": "e_501_tee_j.103264", "fid": 103264, "sys_id": 915536130, "etak_id": 4630855, "kood": 501, "kood_tekst": "Tee", "tyyp": 70, "tyyp_tekst": "Rada", "laius": 0, "teekate": 40, "teekate_tekst": "Pinnas", "liiklus": 10, "liiklus_tekst": "Kahesuunaline", "tee": null, "teeosa": null, "soidutee": 997, "soidutee_tekst": "Täitmata", "tee_synon": null, "teeosa_synon": null, "soidutee_synon": 997, "soidutee_synon_tekst": "Täitmata", "tee_synon2": null, "teeosa_synon2": null, "soidutee_synon2": 997, "soidutee_synon2_tekst": "Täitmata", "nimetus": null, "a_tasand": 0, "l_tasand": 0, "ads_oid": null, "ads_nimetus": null, "karto_nimi": null, "tahtsus": 997, "tahtsus_tekst": "Täitmata", "no_oid": null, "markused": null, "vajalik": 30, "vajalik_tekst": "Korras", "andmeallika_id": 46, "korgusallika_id": 999, "ruumikujuallika_id": 46, "muutmisaeg": "2025-02-03T09:55:42Z", "geom_muutmisaeg": "2025-02-03T09:56:23Z" }, "geometry": { "type": "LineString", "coordinates": [ [ 23.011702456927207, 58.405136821404234 ], [ 23.011429599107363, 58.405282780739476 ], [ 23.011176866169674, 58.405467416758775 ], [ 23.010902582656907, 58.405737018959748 ], [ 23.010766971131478, 58.40599690991769 ], [ 23.010551863282426, 58.406248642571605 ], [ 23.010266310786076, 58.40640630910314 ], [ 23.009819867431354, 58.406733157058511 ], [ 23.009621461456145, 58.406889477048757 ], [ 23.009280437456557, 58.407171031029236 ], [ 23.008570233652488, 58.407135612898664 ], [ 23.008021665604275, 58.407101643132044 ], [ 23.007579037905963, 58.40706632972914 ], [ 23.007113164948773, 58.407078784088867 ], [ 23.006818731368657, 58.407112620217511 ], [ 23.006684912272693, 58.407123405985558 ] ] } },
{ "type": "Feature", "properties": { "id": "e_501_tee_j.104180", "fid": 104180, "sys_id": 915537047, "etak_id": 4676594, "kood": 501, "kood_tekst": "Tee", "tyyp": 70, "tyyp_tekst": "Rada", "laius": 0, "teekate": 40, "teekate_tekst": "Pinnas", "liiklus": 10, "liiklus_tekst": "Kahesuunaline", "tee": null, "teeosa": null, "soidutee": 997, "soidutee_tekst": "Täitmata", "tee_synon": null, "teeosa_synon": null, "soidutee_synon": 997, "soidutee_synon_tekst": "Täitmata", "tee_synon2": null, "teeosa_synon2": null, "soidutee_synon2": 997, "soidutee_synon2_tekst": "Täitmata", "nimetus": null, "a_tasand": 0, "l_tasand": 0, "ads_oid": null, "ads_nimetus": null, "karto_nimi": null, "tahtsus": 997, "tahtsus_tekst": "Täitmata", "no_oid": null, "markused": null, "vajalik": 30, "vajalik_tekst": "Korras", "andmeallika_id": 46, "korgusallika_id": 210, "ruumikujuallika_id": 23, "muutmisaeg": "2020-03-04T10:54:50Z", "geom_muutmisaeg": "2007-04-30T11:57:46Z" }, "geometry": { "type": "LineString", "coordinates": [ [ 23.022315552565949, 58.380843264507796 ], [ 23.022110557909397, 58.380923954877083 ], [ 23.022018728069288, 58.380986466400671 ], [ 23.021597285158332, 58.381166147884151 ], [ 23.021220931927548, 58.381254943192047 ] ] } },
{ "type": "Feature", "properties": { "id": "e_501_tee_j.105086", "fid": 105086, "sys_id": 915537959, "etak_id": 5056957, "kood": 501, "kood_tekst": "Tee", "tyyp": 30, "tyyp_tekst": "Kõrvalmaantee", "laius": 5, "teekate": 20, "teekate_tekst": "Kruuskate", "liiklus": 10, "liiklus_tekst": "Kahesuunaline", "tee": 21168.0, "teeosa": 1.0, "soidutee": 1, "soidutee_tekst": "Parempoolne või ainuke", "tee_synon": null, "teeosa_synon": null, "soidutee_synon": 997, "soidutee_synon_tekst": "Täitmata", "tee_synon2": null, "teeosa_synon2": null, "soidutee_synon2": 997, "soidutee_synon2_tekst": "Täitmata", "nimetus": "Kahtla-Ruhve tee", "a_tasand": 0, "l_tasand": 0, "ads_oid": null, "ads_nimetus": null, "karto_nimi": null, "tahtsus": 997, "tahtsus_tekst": "Täitmata", "no_oid": null, "markused": null, "vajalik": 30, "vajalik_tekst": "Korras", "andmeallika_id": 58, "korgusallika_id": 222, "ruumikujuallika_id": 222, "muutmisaeg": "2023-12-02T14:00:30Z", "geom_muutmisaeg": "2023-02-09T11:11:28Z" }, "geometry": { "type": "LineString", "coordinates": [ [ 23.017330112701092, 58.381462018840892 ], [ 23.01754124137609, 58.381353152063653 ] ] } },
{ "type": "Feature", "properties": { "id": "e_501_tee_j.113358", "fid": 113358, "sys_id": 915546235, "etak_id": 4619647, "kood": 501, "kood_tekst": "Tee", "tyyp": 70, "tyyp_tekst": "Rada", "laius": 0, "teekate": 40, "teekate_tekst": "Pinnas", "liiklus": 10, "liiklus_tekst": "Kahesuunaline", "tee": null, "teeosa": null, "soidutee": 997, "soidutee_tekst": "Täitmata", "tee_synon": null, "teeosa_synon": null, "soidutee_synon": 997, "soidutee_synon_tekst": "Täitmata", "tee_synon2": null, "teeosa_synon2": null, "soidutee_synon2": 997, "soidutee_synon2_tekst": "Täitmata", "nimetus": null, "a_tasand": 0, "l_tasand": 0, "ads_oid": null, "ads_nimetus": null, "karto_nimi": null, "tahtsus": 997, "tahtsus_tekst": "Täitmata", "no_oid": null, "markused": null, "vajalik": 30, "vajalik_tekst": "Korras", "andmeallika_id": 46, "korgusallika_id": 210, "ruumikujuallika_id": 23, "muutmisaeg": "2020-04-06T13:05:25Z", "geom_muutmisaeg": "2007-04-30T11:57:46Z" }, "geometry": { "type": "LineString", "coordinates": [ [ 23.022285984239261, 58.381175642975855 ], [ 23.02227318695903, 58.380946840435122 ], [ 23.022315552565949, 58.380843264507796 ] ] } },
{ "type": "Feature", "properties": { "id": "e_501_tee_j.115451", "fid": 115451, "sys_id": 915548333, "etak_id": 4880160, "kood": 501, "kood_tekst": "Tee", "tyyp": 70, "tyyp_tekst": "Rada", "laius": 0, "teekate": 40, "teekate_tekst": "Pinnas", "liiklus": 10, "liiklus_tekst": "Kahesuunaline", "tee": null, "teeosa": null, "soidutee": 997, "soidutee_tekst": "Täitmata", "tee_synon": null, "teeosa_synon": null, "soidutee_synon": 997, "soidutee_synon_tekst": "Täitmata", "tee_synon2": null, "teeosa_synon2": null, "soidutee_synon2": 997, "soidutee_synon2_tekst": "Täitmata", "nimetus": null, "a_tasand": 0, "l_tasand": 0, "ads_oid": null, "ads_nimetus": null, "karto_nimi": null, "tahtsus": 997, "tahtsus_tekst": "Täitmata", "no_oid": null, "markused": null, "vajalik": 30, "vajalik_tekst": "Korras", "andmeallika_id": 46, "korgusallika_id": 221, "ruumikujuallika_id": 46, "muutmisaeg": "2024-05-29T14:35:41Z", "geom_muutmisaeg": "2019-04-18T13:04:45Z" }, "geometry": { "type": "LineString", "coordinates": [ [ 23.015713957554979, 58.379147294090743 ], [ 23.016037390462138, 58.379117999773918 ], [ 23.016197394955256, 58.379101597119679 ], [ 23.016703041281534, 58.379072905692873 ], [ 23.017148372115969, 58.379026588434002 ], [ 23.017532263819422, 58.378976564351483 ], [ 23.017703168249557, 58.378941952687185 ] ] } },
{ "type": "Feature", "properties": { "id": "e_501_tee_j.118860", "fid": 118860, "sys_id": 915551747, "etak_id": 4550934, "kood": 501, "kood_tekst": "Tee", "tyyp": 30, "tyyp_tekst": "Kõrvalmaantee", "laius": 5, "teekate": 20, "teekate_tekst": "Kruuskate", "liiklus": 10, "liiklus_tekst": "Kahesuunaline", "tee": 21168.0, "teeosa": 1.0, "soidutee": 1, "soidutee_tekst": "Parempoolne või ainuke", "tee_synon": null, "teeosa_synon": null, "soidutee_synon": 997, "soidutee_synon_tekst": "Täitmata", "tee_synon2": null, "teeosa_synon2": null, "soidutee_synon2": 997, "soidutee_synon2_tekst": "Täitmata", "nimetus": "Kahtla-Ruhve tee", "a_tasand": 0, "l_tasand": 0, "ads_oid": null, "ads_nimetus": null, "karto_nimi": null, "tahtsus": 997, "tahtsus_tekst": "Täitmata", "no_oid": null, "markused": null, "vajalik": 30, "vajalik_tekst": "Korras", "andmeallika_id": 58, "korgusallika_id": 221, "ruumikujuallika_id": 223, "muutmisaeg": "2024-05-29T14:30:26Z", "geom_muutmisaeg": "2022-05-30T13:58:53Z" }, "geometry": { "type": "LineString", "coordinates": [ [ 23.008245140812161, 58.405330075572635 ], [ 23.008386306478148, 58.405046668355496 ], [ 23.008626983558312, 58.404602871117298 ] ] } },
{ "type": "Feature", "properties": { "id": "e_501_tee_j.118960", "fid": 118960, "sys_id": 915551846, "etak_id": 4704611, "kood": 501, "kood_tekst": "Tee", "tyyp": 60, "tyyp_tekst": "Muu tee", "laius": 3, "teekate": 20, "teekate_tekst": "Kruuskate", "liiklus": 10, "liiklus_tekst": "Kahesuunaline", "tee": 3860121.0, "teeosa": 1.0, "soidutee": 1, "soidutee_tekst": "Parempoolne või ainuke", "tee_synon": null, "teeosa_synon": null, "soidutee_synon": 997, "soidutee_synon_tekst": "Täitmata", "tee_synon2": null, "teeosa_synon2": null, "soidutee_synon2": 997, "soidutee_synon2_tekst": "Täitmata", "nimetus": "Puhkebaasi tee", "a_tasand": 0, "l_tasand": 0, "ads_oid": null, "ads_nimetus": null, "karto_nimi": null, "tahtsus": 997, "tahtsus_tekst": "Täitmata", "no_oid": null, "markused": null, "vajalik": 30, "vajalik_tekst": "Korras", "andmeallika_id": 46, "korgusallika_id": 999, "ruumikujuallika_id": 46, "muutmisaeg": "2024-12-10T09:27:29Z", "geom_muutmisaeg": "2024-12-10T10:20:39Z" }, "geometry": { "type": "LineString", "coordinates": [ [ 23.037659371613177, 58.377970568041121 ], [ 23.037826106842545, 58.377867358890768 ], [ 23.037956707255219, 58.377747130809027 ], [ 23.038059453885818, 58.377593963062687 ], [ 23.038115879918134, 58.377474424135038 ], [ 23.03812857039615, 58.377436608953005 ], [ 23.038135017508697, 58.377398315730026 ], [ 23.038112742194222, 58.377299455980605 ], [ 23.038088014263291, 58.377251616328955 ], [ 23.038023713846993, 58.377149943702719 ], [ 23.037947886851089, 58.37705974958611 ], [ 23.037806131811852, 58.376659639449862 ], [ 23.037742167557305, 58.376517562152749 ], [ 23.037688021093171, 58.376397809625736 ], [ 23.037627184635134, 58.376289572042332 ], [ 23.037571772361826, 58.376201794339828 ], [ 23.037503809728904, 58.376134816936421 ], [ 23.037417914420004, 58.376049143998323 ], [ 23.03735142719384, 58.37596697560199 ], [ 23.037313892570815, 58.375903082929732 ], [ 23.037309749074897, 58.375895203741635 ], [ 23.037246914416617, 58.375775717731891 ], [ 23.03714508210955, 58.375699083356729 ], [ 23.037061977937295, 58.37566270985559 ] ] } },
{ "type": "Feature", "properties": { "id": "e_501_tee_j.119950", "fid": 119950, "sys_id": 915552835, "etak_id": 4613817, "kood": 501, "kood_tekst": "Tee", "tyyp": 30, "tyyp_tekst": "Kõrvalmaantee", "laius": 5, "teekate": 20, "teekate_tekst": "Kruuskate", "liiklus": 10, "liiklus_tekst": "Kahesuunaline", "tee": 21168.0, "teeosa": 1.0, "soidutee": 1, "soidutee_tekst": "Parempoolne või ainuke", "tee_synon": null, "teeosa_synon": null, "soidutee_synon": 997, "soidutee_synon_tekst": "Täitmata", "tee_synon2": null, "teeosa_synon2": null, "soidutee_synon2": 997, "soidutee_synon2_tekst": "Täitmata", "nimetus": "Kahtla-Ruhve tee", "a_tasand": 0, "l_tasand": 0, "ads_oid": null, "ads_nimetus": null, "karto_nimi": null, "tahtsus": 997, "tahtsus_tekst": "Täitmata", "no_oid": null, "markused": null, "vajalik": 30, "vajalik_tekst": "Korras", "andmeallika_id": 58, "korgusallika_id": 222, "ruumikujuallika_id": 222, "muutmisaeg": "2023-12-02T14:00:31Z", "geom_muutmisaeg": "2022-05-19T11:59:09Z" }, "geometry": { "type": "LineString", "coordinates": [ [ 23.010385937731552, 58.399337303393054 ], [ 23.010391181800294, 58.399257220988993 ], [ 23.010380686659367, 58.399155942066315 ], [ 23.010362532744352, 58.399105032026711 ], [ 23.010303444354484, 58.398986082402246 ], [ 23.010219550642752, 58.398862414974118 ], [ 23.010160586891537, 58.398786522378884 ], [ 23.009952681447452, 58.398563300303799 ], [ 23.009896297049277, 58.398507640155728 ], [ 23.009822473328235, 58.398444436833501 ], [ 23.009754933656868, 58.39838951626691 ], [ 23.009692868221961, 58.398344910509699 ], [ 23.009575425207561, 58.398263616686428 ], [ 23.009348085146005, 58.398119216590516 ], [ 23.008913785298258, 58.397883147539169 ], [ 23.008461921165843, 58.397636300074083 ], [ 23.008016196799129, 58.397378157663255 ], [ 23.007429304369502, 58.397042385625603 ], [ 23.00710775644578, 58.396850709265166 ], [ 23.006948104044543, 58.396756388025729 ], [ 23.006794249138377, 58.396660297814002 ], [ 23.006655152491113, 58.39657097589027 ], [ 23.006568059405197, 58.39651590152824 ], [ 23.006458649403783, 58.396435879408514 ], [ 23.006353908195795, 58.396354070687195 ], [ 23.006286412143524, 58.396297936326746 ], [ 23.006213549145951, 58.39622835394767 ], [ 23.006171562020349, 58.396165889933712 ], [ 23.006131939300953, 58.396106919323394 ] ] } },
{ "type": "Feature", "properties": { "id": "e_501_tee_j.122366", "fid": 122366, "sys_id": 915555246, "etak_id": 4856467, "kood": 501, "kood_tekst": "Tee", "tyyp": 60, "tyyp_tekst": "Muu tee", "laius": 3, "teekate": 40, "teekate_tekst": "Pinnas", "liiklus": 10, "liiklus_tekst": "Kahesuunaline", "tee": null, "teeosa": null, "soidutee": 997, "soidutee_tekst": "Täitmata", "tee_synon": null, "teeosa_synon": null, "soidutee_synon": 997, "soidutee_synon_tekst": "Täitmata", "tee_synon2": null, "teeosa_synon2": null, "soidutee_synon2": 997, "soidutee_synon2_tekst": "Täitmata", "nimetus": null, "a_tasand": 0, "l_tasand": 0, "ads_oid": null, "ads_nimetus": null, "karto_nimi": null, "tahtsus": 997, "tahtsus_tekst": "Täitmata", "no_oid": null, "markused": null, "vajalik": 30, "vajalik_tekst": "Korras", "andmeallika_id": 46, "korgusallika_id": 210, "ruumikujuallika_id": 23, "muutmisaeg": "2018-01-03T10:46:04Z", "geom_muutmisaeg": "2007-04-30T11:57:46Z" }, "geometry": { "type": "LineString", "coordinates": [ [ 23.022577055783646, 58.369815821473807 ], [ 23.022459698757316, 58.369727634347392 ] ] } },
{ "type": "Feature", "properties": { "id": "e_501_tee_j.128017", "fid": 128017, "sys_id": 915560914, "etak_id": 4854814, "kood": 501, "kood_tekst": "Tee", "tyyp": 30, "tyyp_tekst": "Kõrvalmaantee", "laius": 5, "teekate": 20, "teekate_tekst": "Kruuskate", "liiklus": 10, "liiklus_tekst": "Kahesuunaline", "tee": 21168.0, "teeosa": 1.0, "soidutee": 1, "soidutee_tekst": "Parempoolne või ainuke", "tee_synon": null, "teeosa_synon": null, "soidutee_synon": 997, "soidutee_synon_tekst": "Täitmata", "tee_synon2": null, "teeosa_synon2": null, "soidutee_synon2": 997, "soidutee_synon2_tekst": "Täitmata", "nimetus": "Kahtla-Ruhve tee", "a_tasand": 0, "l_tasand": 0, "ads_oid": null, "ads_nimetus": null, "karto_nimi": null, "tahtsus": 997, "tahtsus_tekst": "Täitmata", "no_oid": null, "markused": null, "vajalik": 30, "vajalik_tekst": "Korras", "andmeallika_id": 58, "korgusallika_id": 221, "ruumikujuallika_id": 223, "muutmisaeg": "2024-05-29T14:29:16Z", "geom_muutmisaeg": "2022-05-30T15:20:15Z" }, "geometry": { "type": "LineString", "coordinates": [ [ 23.006131939300953, 58.396106919323394 ], [ 23.006082209794499, 58.39600185966291 ], [ 23.006062767943259, 58.395921719976272 ], [ 23.006050472868118, 58.395847723917711 ], [ 23.006062086978442, 58.395697409452637 ], [ 23.006071047270261, 58.395572037050144 ], [ 23.006091606427333, 58.395421100761425 ], [ 23.006112162121855, 58.395289066063938 ], [ 23.006122486579969, 58.395255329993688 ], [ 23.006159986696563, 58.395178587522629 ], [ 23.006286661800992, 58.394922986792807 ], [ 23.006371412566597, 58.394771795501363 ], [ 23.006427862137546, 58.394671378016334 ], [ 23.006459336301823, 58.394600254593264 ], [ 23.006493439007411, 58.39450930714797 ], [ 23.006511319047142, 58.394446581474377 ], [ 23.006526085881635, 58.394372355923842 ], [ 23.006533757305746, 58.394304118323291 ], [ 23.006535683605144, 58.394235836043464 ], [ 23.006518691350713, 58.394012485171942 ], [ 23.00645890697416, 58.393816520869564 ], [ 23.006314782588206, 58.393323957649905 ], [ 23.006247885383299, 58.393015901992555 ], [ 23.006207551909608, 58.392778613025946 ], [ 23.006214520678174, 58.392568019629422 ], [ 23.006280671237405, 58.392411574431939 ], [ 23.006301015161483, 58.392363324775474 ], [ 23.006466959557198, 58.392167167665562 ], [ 23.006493476010448, 58.392142581795959 ] ] } },
{ "type": "Feature", "properties": { "id": "e_501_tee_j.128199", "fid": 128199, "sys_id": 915561095, "etak_id": 5013902, "kood": 501, "kood_tekst": "Tee", "tyyp": 60, "tyyp_tekst": "Muu tee", "laius": 3, "teekate": 20, "teekate_tekst": "Kruuskate", "liiklus": 10, "liiklus_tekst": "Kahesuunaline", "tee": null, "teeosa": null, "soidutee": 997, "soidutee_tekst": "Täitmata", "tee_synon": null, "teeosa_synon": null, "soidutee_synon": 997, "soidutee_synon_tekst": "Täitmata", "tee_synon2": null, "teeosa_synon2": null, "soidutee_synon2": 997, "soidutee_synon2_tekst": "Täitmata", "nimetus": null, "a_tasand": 0, "l_tasand": 0, "ads_oid": null, "ads_nimetus": null, "karto_nimi": null, "tahtsus": 997, "tahtsus_tekst": "Täitmata", "no_oid": null, "markused": null, "vajalik": 30, "vajalik_tekst": "Korras", "andmeallika_id": 223, "korgusallika_id": 221, "ruumikujuallika_id": 223, "muutmisaeg": "2024-05-29T14:18:05Z", "geom_muutmisaeg": "2022-07-07T16:49:12Z" }, "geometry": { "type": "LineString", "coordinates": [ [ 23.005139246181471, 58.404552274985569 ], [ 23.005309834110257, 58.404631795490474 ], [ 23.006202969229204, 58.40485733881593 ], [ 23.007211602044368, 58.405107981595009 ], [ 23.007600168056836, 58.405200129180642 ], [ 23.007880854376442, 58.405259534306111 ], [ 23.008193350065337, 58.405319356304886 ], [ 23.008245140812161, 58.405330075572635 ] ] } },
{ "type": "Feature", "properties": { "id": "e_501_tee_j.129230", "fid": 129230, "sys_id": 915562128, "etak_id": 4930717, "kood": 501, "kood_tekst": "Tee", "tyyp": 70, "tyyp_tekst": "Rada", "laius": 0, "teekate": 40, "teekate_tekst": "Pinnas", "liiklus": 10, "liiklus_tekst": "Kahesuunaline", "tee": null, "teeosa": null, "soidutee": 997, "soidutee_tekst": "Täitmata", "tee_synon": null, "teeosa_synon": null, "soidutee_synon": 997, "soidutee_synon_tekst": "Täitmata", "tee_synon2": null, "teeosa_synon2": null, "soidutee_synon2": 997, "soidutee_synon2_tekst": "Täitmata", "nimetus": null, "a_tasand": 0, "l_tasand": 0, "ads_oid": null, "ads_nimetus": null, "karto_nimi": null, "tahtsus": 997, "tahtsus_tekst": "Täitmata", "no_oid": null, "markused": null, "vajalik": 30, "vajalik_tekst": "Korras", "andmeallika_id": 222, "korgusallika_id": 222, "ruumikujuallika_id": 222, "muutmisaeg": "2022-11-30T10:12:24Z", "geom_muutmisaeg": "2022-11-30T10:24:45Z" }, "geometry": { "type": "LineString", "coordinates": [ [ 23.02803512055274, 58.365115401062859 ], [ 23.027781929715275, 58.365063269157623 ], [ 23.027730320076444, 58.365031816407935 ], [ 23.027695252496159, 58.364991043350194 ] ] } },
{ "type": "Feature", "properties": { "id": "e_501_tee_j.132412", "fid": 132412, "sys_id": 915565304, "etak_id": 4801383, "kood": 501, "kood_tekst": "Tee", "tyyp": 70, "tyyp_tekst": "Rada", "laius": 0, "teekate": 40, "teekate_tekst": "Pinnas", "liiklus": 10, "liiklus_tekst": "Kahesuunaline", "tee": null, "teeosa": null, "soidutee": 997, "soidutee_tekst": "Täitmata", "tee_synon": null, "teeosa_synon": null, "soidutee_synon": 997, "soidutee_synon_tekst": "Täitmata", "tee_synon2": null, "teeosa_synon2": null, "soidutee_synon2": 997, "soidutee_synon2_tekst": "Täitmata", "nimetus": null, "a_tasand": 0, "l_tasand": 0, "ads_oid": null, "ads_nimetus": null, "karto_nimi": null, "tahtsus": 997, "tahtsus_tekst": "Täitmata", "no_oid": null, "markused": null, "vajalik": 30, "vajalik_tekst": "Korras", "andmeallika_id": 46, "korgusallika_id": 210, "ruumikujuallika_id": 23, "muutmisaeg": "2020-03-18T14:50:13Z", "geom_muutmisaeg": "2015-05-19T12:28:08Z" }, "geometry": { "type": "LineString", "coordinates": [ [ 23.022515948934121, 58.374927042461685 ], [ 23.022444501841214, 58.374908527721566 ], [ 23.021829283434137, 58.374891792445084 ], [ 23.021097612745354, 58.374858429540872 ], [ 23.020811097340957, 58.374853727246055 ], [ 23.02055276766745, 58.374904993486936 ], [ 23.020286571258239, 58.375208420590042 ], [ 23.020072519707909, 58.375379765642897 ], [ 23.019970668112194, 58.375461288875861 ], [ 23.019836545225502, 58.375539089275883 ] ] } },
{ "type": "Feature", "properties": { "id": "e_501_tee_j.134241", "fid": 134241, "sys_id": 915567136, "etak_id": 4616277, "kood": 501, "kood_tekst": "Tee", "tyyp": 70, "tyyp_tekst": "Rada", "laius": 0, "teekate": 40, "teekate_tekst": "Pinnas", "liiklus": 10, "liiklus_tekst": "Kahesuunaline", "tee": null, "teeosa": null, "soidutee": 997, "soidutee_tekst": "Täitmata", "tee_synon": null, "teeosa_synon": null, "soidutee_synon": 997, "soidutee_synon_tekst": "Täitmata", "tee_synon2": null, "teeosa_synon2": null, "soidutee_synon2": 997, "soidutee_synon2_tekst": "Täitmata", "nimetus": null, "a_tasand": 0, "l_tasand": 0, "ads_oid": null, "ads_nimetus": null, "karto_nimi": null, "tahtsus": 997, "tahtsus_tekst": "Täitmata", "no_oid": null, "markused": null, "vajalik": 30, "vajalik_tekst": "Korras", "andmeallika_id": 46, "korgusallika_id": 210, "ruumikujuallika_id": 147, "muutmisaeg": "2020-03-18T14:43:50Z", "geom_muutmisaeg": "2015-05-19T12:28:08Z" }, "geometry": { "type": "LineString", "coordinates": [ [ 23.034779450671877, 58.362117450555466 ], [ 23.035675788376562, 58.361976524638614 ], [ 23.035930422999531, 58.361899878947597 ] ] } },
{ "type": "Feature", "properties": { "id": "e_501_tee_j.134319", "fid": 134319, "sys_id": 915567216, "etak_id": 4655916, "kood": 501, "kood_tekst": "Tee", "tyyp": 30, "tyyp_tekst": "Kõrvalmaantee", "laius": 5, "teekate": 20, "teekate_tekst": "Kruuskate", "liiklus": 10, "liiklus_tekst": "Kahesuunaline", "tee": 21168.0, "teeosa": 1.0, "soidutee": 1, "soidutee_tekst": "Parempoolne või ainuke", "tee_synon": null, "teeosa_synon": null, "soidutee_synon": 997, "soidutee_synon_tekst": "Täitmata", "tee_synon2": null, "teeosa_synon2": null, "soidutee_synon2": 997, "soidutee_synon2_tekst": "Täitmata", "nimetus": "Kahtla-Ruhve tee", "a_tasand": 0, "l_tasand": 0, "ads_oid": null, "ads_nimetus": null, "karto_nimi": null, "tahtsus": 997, "tahtsus_tekst": "Täitmata", "no_oid": null, "markused": null, "vajalik": 30, "vajalik_tekst": "Korras", "andmeallika_id": 58, "korgusallika_id": 210, "ruumikujuallika_id": 58, "muutmisaeg": "2023-12-02T14:00:32Z", "geom_muutmisaeg": "2007-04-30T11:57:46Z" }, "geometry": { "type": "LineString", "coordinates": [ [ 23.012102387249243, 58.386300284344927 ], [ 23.012281212160168, 58.386051142543813 ] ] } },
{ "type": "Feature", "properties": { "id": "e_501_tee_j.135481", "fid": 135481, "sys_id": 915568375, "etak_id": 4886782, "kood": 501, "kood_tekst": "Tee", "tyyp": 60, "tyyp_tekst": "Muu tee", "laius": 3, "teekate": 40, "teekate_tekst": "Pinnas", "liiklus": 10, "liiklus_tekst": "Kahesuunaline", "tee": null, "teeosa": null, "soidutee": 997, "soidutee_tekst": "Täitmata", "tee_synon": null, "teeosa_synon": null, "soidutee_synon": 997, "soidutee_synon_tekst": "Täitmata", "tee_synon2": null, "teeosa_synon2": null, "soidutee_synon2": 997, "soidutee_synon2_tekst": "Täitmata", "nimetus": null, "a_tasand": 0, "l_tasand": 0, "ads_oid": null, "ads_nimetus": null, "karto_nimi": null, "tahtsus": 997, "tahtsus_tekst": "Täitmata", "no_oid": null, "markused": null, "vajalik": 30, "vajalik_tekst": "Korras", "andmeallika_id": 46, "korgusallika_id": 210, "ruumikujuallika_id": 23, "muutmisaeg": "2017-12-28T13:10:32Z", "geom_muutmisaeg": "2007-04-30T11:57:46Z" }, "geometry": { "type": "LineString", "coordinates": [ [ 22.991257311342519, 58.37116108829489 ], [ 22.991385930802466, 58.370978654623336 ], [ 22.991550530387546, 58.37066764115032 ], [ 22.991571360702469, 58.370584745899691 ] ] } },
{ "type": "Feature", "properties": { "id": "e_501_tee_j.135913", "fid": 135913, "sys_id": 915568808, "etak_id": 4932002, "kood": 501, "kood_tekst": "Tee", "tyyp": 30, "tyyp_tekst": "Kõrvalmaantee", "laius": 5, "teekate": 20, "teekate_tekst": "Kruuskate", "liiklus": 10, "liiklus_tekst": "Kahesuunaline", "tee": 21168.0, "teeosa": 1.0, "soidutee": 1, "soidutee_tekst": "Parempoolne või ainuke", "tee_synon": null, "teeosa_synon": null, "soidutee_synon": 997, "soidutee_synon_tekst": "Täitmata", "tee_synon2": null, "teeosa_synon2": null, "soidutee_synon2": 997, "soidutee_synon2_tekst": "Täitmata", "nimetus": "Kahtla-Ruhve tee", "a_tasand": 0, "l_tasand": 0, "ads_oid": null, "ads_nimetus": null, "karto_nimi": null, "tahtsus": 997, "tahtsus_tekst": "Täitmata", "no_oid": null, "markused": null, "vajalik": 30, "vajalik_tekst": "Korras", "andmeallika_id": 58, "korgusallika_id": 210, "ruumikujuallika_id": 147, "muutmisaeg": "2023-12-02T14:02:35Z", "geom_muutmisaeg": "2015-05-19T12:28:08Z" }, "geometry": { "type": "LineString", "coordinates": [ [ 23.023358987091292, 58.379465023033632 ], [ 23.023711572666834, 58.379450802107527 ], [ 23.023867666311627, 58.379452067272204 ], [ 23.024574663059866, 58.379488547432409 ] ] } },
{ "type": "Feature", "properties": { "id": "e_501_tee_j.136072", "fid": 136072, "sys_id": 915568966, "etak_id": 4715674, "kood": 501, "kood_tekst": "Tee", "tyyp": 70, "tyyp_tekst": "Rada", "laius": 0, "teekate": 40, "teekate_tekst": "Pinnas", "liiklus": 10, "liiklus_tekst": "Kahesuunaline", "tee": null, "teeosa": null, "soidutee": 997, "soidutee_tekst": "Täitmata", "tee_synon": null, "teeosa_synon": null, "soidutee_synon": 997, "soidutee_synon_tekst": "Täitmata", "tee_synon2": null, "teeosa_synon2": null, "soidutee_synon2": 997, "soidutee_synon2_tekst": "Täitmata", "nimetus": null, "a_tasand": 0, "l_tasand": 0, "ads_oid": null, "ads_nimetus": null, "karto_nimi": null, "tahtsus": 997, "tahtsus_tekst": "Täitmata", "no_oid": null, "markused": null, "vajalik": 30, "vajalik_tekst": "Korras", "andmeallika_id": 222, "korgusallika_id": 222, "ruumikujuallika_id": 222, "muutmisaeg": "2022-11-30T11:04:10Z", "geom_muutmisaeg": "2022-11-30T11:10:53Z" }, "geometry": { "type": "LineString", "coordinates": [ [ 23.023812149232569, 58.368354531319966 ], [ 23.023982664402741, 58.368324479192836 ], [ 23.024175339165851, 58.368295853350475 ], [ 23.024385584448979, 58.368269597371601 ] ] } },
{ "type": "Feature", "properties": { "id": "e_501_tee_j.140621", "fid": 140621, "sys_id": 915573513, "etak_id": 4787737, "kood": 501, "kood_tekst": "Tee", "tyyp": 60, "tyyp_tekst": "Muu tee", "laius": 3, "teekate": 40, "teekate_tekst": "Pinnas", "liiklus": 10, "liiklus_tekst": "Kahesuunaline", "tee": null, "teeosa": null, "soidutee": 997, "soidutee_tekst": "Täitmata", "tee_synon": null, "teeosa_synon": null, "soidutee_synon": 997, "soidutee_synon_tekst": "Täitmata", "tee_synon2": null, "teeosa_synon2": null, "soidutee_synon2": 997, "soidutee_synon2_tekst": "Täitmata", "nimetus": null, "a_tasand": 0, "l_tasand": 0, "ads_oid": null, "ads_nimetus": null, "karto_nimi": null, "tahtsus": 997, "tahtsus_tekst": "Täitmata", "no_oid": null, "markused": null, "vajalik": 30, "vajalik_tekst": "Korras", "andmeallika_id": 46, "korgusallika_id": 210, "ruumikujuallika_id": 23, "muutmisaeg": "2017-12-28T16:51:43Z", "geom_muutmisaeg": "2015-05-19T12:28:08Z" }, "geometry": { "type": "LineString", "coordinates": [ [ 23.019266364192102, 58.37989142433166 ], [ 23.019045114284204, 58.379867599690421 ], [ 23.018789469673706, 58.379840071276256 ] ] } },
{ "type": "Feature", "properties": { "id": "e_501_tee_j.149005", "fid": 149005, "sys_id": 915581876, "etak_id": 4931653, "kood": 501, "kood_tekst": "Tee", "tyyp": 30, "tyyp_tekst": "Kõrvalmaantee", "laius": 5, "teekate": 20, "teekate_tekst": "Kruuskate", "liiklus": 10, "liiklus_tekst": "Kahesuunaline", "tee": 21168.0, "teeosa": 1.0, "soidutee": 1, "soidutee_tekst": "Parempoolne või ainuke", "tee_synon": null, "teeosa_synon": null, "soidutee_synon": 997, "soidutee_synon_tekst": "Täitmata", "tee_synon2": null, "teeosa_synon2": null, "soidutee_synon2": 997, "soidutee_synon2_tekst": "Täitmata", "nimetus": "Kahtla-Ruhve tee", "a_tasand": 0, "l_tasand": 0, "ads_oid": null, "ads_nimetus": null, "karto_nimi": null, "tahtsus": 997, "tahtsus_tekst": "Täitmata", "no_oid": null, "markused": null, "vajalik": 30, "vajalik_tekst": "Korras", "andmeallika_id": 58, "korgusallika_id": 221, "ruumikujuallika_id": 223, "muutmisaeg": "2024-05-29T14:24:25Z", "geom_muutmisaeg": "2022-06-01T09:37:26Z" }, "geometry": { "type": "LineString", "coordinates": [ [ 23.006493476010448, 58.392142581795959 ], [ 23.006646234797248, 58.392001545185153 ], [ 23.006714367936215, 58.391938411099339 ], [ 23.007128637260369, 58.391535224426512 ], [ 23.007596434866539, 58.391064837529257 ], [ 23.007784502021664, 58.390870826134851 ] ] } },
{ "type": "Feature", "properties": { "id": "e_501_tee_j.155530", "fid": 155530, "sys_id": 915588366, "etak_id": 4960580, "kood": 501, "kood_tekst": "Tee", "tyyp": 30, "tyyp_tekst": "Kõrvalmaantee", "laius": 5, "teekate": 20, "teekate_tekst": "Kruuskate", "liiklus": 10, "liiklus_tekst": "Kahesuunaline", "tee": 21168.0, "teeosa": 1.0, "soidutee": 1, "soidutee_tekst": "Parempoolne või ainuke", "tee_synon": null, "teeosa_synon": null, "soidutee_synon": 997, "soidutee_synon_tekst": "Täitmata", "tee_synon2": null, "teeosa_synon2": null, "soidutee_synon2": 997, "soidutee_synon2_tekst": "Täitmata", "nimetus": "Kahtla-Ruhve tee", "a_tasand": 0, "l_tasand": 0, "ads_oid": null, "ads_nimetus": null, "karto_nimi": null, "tahtsus": 997, "tahtsus_tekst": "Täitmata", "no_oid": null, "markused": null, "vajalik": 30, "vajalik_tekst": "Korras", "andmeallika_id": 58, "korgusallika_id": 221, "ruumikujuallika_id": 46, "muutmisaeg": "2024-05-29T14:30:29Z", "geom_muutmisaeg": "2021-01-12T15:24:24Z" }, "geometry": { "type": "LineString", "coordinates": [ [ 23.000054198569334, 58.407931642472917 ], [ 23.000306662554937, 58.407888101076047 ], [ 23.000694359271378, 58.407851623928224 ], [ 23.001302513087957, 58.407844336589051 ], [ 23.00185551506793, 58.407840404913266 ], [ 23.002605220285812, 58.407835168694831 ], [ 23.002909400201588, 58.407829685361335 ], [ 23.003040938458497, 58.407821040777655 ], [ 23.003241113130965, 58.407799857422724 ], [ 23.003505955427592, 58.407757645445002 ], [ 23.004748629029169, 58.407513481931836 ] ] } },
{ "type": "Feature", "properties": { "id": "e_501_tee_j.156028", "fid": 156028, "sys_id": 915588857, "etak_id": 4962853, "kood": 501, "kood_tekst": "Tee", "tyyp": 30, "tyyp_tekst": "Kõrvalmaantee", "laius": 5, "teekate": 20, "teekate_tekst": "Kruuskate", "liiklus": 10, "liiklus_tekst": "Kahesuunaline", "tee": 21168.0, "teeosa": 1.0, "soidutee": 1, "soidutee_tekst": "Parempoolne või ainuke", "tee_synon": null, "teeosa_synon": null, "soidutee_synon": 997, "soidutee_synon_tekst": "Täitmata", "tee_synon2": null, "teeosa_synon2": null, "soidutee_synon2": 997, "soidutee_synon2_tekst": "Täitmata", "nimetus": "Kahtla-Ruhve tee", "a_tasand": 0, "l_tasand": 0, "ads_oid": null, "ads_nimetus": null, "karto_nimi": null, "tahtsus": 997, "tahtsus_tekst": "Täitmata", "no_oid": null, "markused": null, "vajalik": 30, "vajalik_tekst": "Korras", "andmeallika_id": 58, "korgusallika_id": 221, "ruumikujuallika_id": 223, "muutmisaeg": "2024-05-29T14:23:06Z", "geom_muutmisaeg": "2022-06-01T11:43:46Z" }, "geometry": { "type": "LineString", "coordinates": [ [ 23.022346544635973, 58.379695677824508 ], [ 23.022776773314309, 58.379592915679986 ], [ 23.023018654263328, 58.379539803810523 ] ] } },
{ "type": "Feature", "properties": { "id": "e_501_tee_j.158923", "fid": 158923, "sys_id": 915591757, "etak_id": 4953079, "kood": 501, "kood_tekst": "Tee", "tyyp": 30, "tyyp_tekst": "Kõrvalmaantee", "laius": 5, "teekate": 20, "teekate_tekst": "Kruuskate", "liiklus": 10, "liiklus_tekst": "Kahesuunaline", "tee": 21168.0, "teeosa": 1.0, "soidutee": 1, "soidutee_tekst": "Parempoolne või ainuke", "tee_synon": null, "teeosa_synon": null, "soidutee_synon": 997, "soidutee_synon_tekst": "Täitmata", "tee_synon2": null, "teeosa_synon2": null, "soidutee_synon2": 997, "soidutee_synon2_tekst": "Täitmata", "nimetus": "Kahtla-Ruhve tee", "a_tasand": 0, "l_tasand": 0, "ads_oid": null, "ads_nimetus": null, "karto_nimi": null, "tahtsus": 997, "tahtsus_tekst": "Täitmata", "no_oid": null, "markused": null, "vajalik": 30, "vajalik_tekst": "Korras", "andmeallika_id": 46, "korgusallika_id": 999, "ruumikujuallika_id": 46, "muutmisaeg": "2024-12-09T09:32:45Z", "geom_muutmisaeg": "2024-12-09T09:37:04Z" }, "geometry": { "type": "LineString", "coordinates": [ [ 23.008893439989876, 58.389744278724343 ], [ 23.00934544053025, 58.389279384249036 ], [ 23.009482945945212, 58.389150887036436 ], [ 23.009763757457748, 58.388888172389983 ], [ 23.010517452927271, 58.388135434623088 ], [ 23.010660014487421, 58.38799098307944 ] ] } },
{ "type": "Feature", "properties": { "id": "e_501_tee_j.163892", "fid": 163892, "sys_id": 915596727, "etak_id": 4985599, "kood": 501, "kood_tekst": "Tee", "tyyp": 30, "tyyp_tekst": "Kõrvalmaantee", "laius": 5, "teekate": 20, "teekate_tekst": "Kruuskate", "liiklus": 10, "liiklus_tekst": "Kahesuunaline", "tee": 21168.0, "teeosa": 1.0, "soidutee": 1, "soidutee_tekst": "Parempoolne või ainuke", "tee_synon": null, "teeosa_synon": null, "soidutee_synon": 997, "soidutee_synon_tekst": "Täitmata", "tee_synon2": null, "teeosa_synon2": null, "soidutee_synon2": 997, "soidutee_synon2_tekst": "Täitmata", "nimetus": "Kahtla-Ruhve tee", "a_tasand": 0, "l_tasand": 0, "ads_oid": null, "ads_nimetus": null, "karto_nimi": null, "tahtsus": 997, "tahtsus_tekst": "Täitmata", "no_oid": null, "markused": null, "vajalik": 30, "vajalik_tekst": "Korras", "andmeallika_id": 46, "korgusallika_id": 999, "ruumikujuallika_id": 46, "muutmisaeg": "2024-12-09T11:02:04Z", "geom_muutmisaeg": "2024-12-09T11:20:37Z" }, "geometry": { "type": "LineString", "coordinates": [ [ 23.007784502021664, 58.390870826134851 ], [ 23.008275213876264, 58.390364598518865 ], [ 23.008679268963665, 58.389964560329176 ], [ 23.008893439989876, 58.389744278724343 ] ] } },
{ "type": "Feature", "properties": { "id": "e_501_tee_j.168183", "fid": 168183, "sys_id": 915601016, "etak_id": 4922017, "kood": 501, "kood_tekst": "Tee", "tyyp": 60, "tyyp_tekst": "Muu tee", "laius": 3, "teekate": 40, "teekate_tekst": "Pinnas", "liiklus": 10, "liiklus_tekst": "Kahesuunaline", "tee": 3860121.0, "teeosa": 1.0, "soidutee": 1, "soidutee_tekst": "Parempoolne või ainuke", "tee_synon": null, "teeosa_synon": null, "soidutee_synon": 997, "soidutee_synon_tekst": "Täitmata", "tee_synon2": null, "teeosa_synon2": null, "soidutee_synon2": 997, "soidutee_synon2_tekst": "Täitmata", "nimetus": "Puhkebaasi tee", "a_tasand": 0, "l_tasand": 0, "ads_oid": null, "ads_nimetus": null, "karto_nimi": null, "tahtsus": 997, "tahtsus_tekst": "Täitmata", "no_oid": null, "markused": null, "vajalik": 30, "vajalik_tekst": "Korras", "andmeallika_id": 222, "korgusallika_id": 222, "ruumikujuallika_id": 222, "muutmisaeg": "2022-12-16T12:09:11Z", "geom_muutmisaeg": "2022-12-16T12:10:17Z" }, "geometry": { "type": "LineString", "coordinates": [ [ 23.037061977937295, 58.37566270985559 ], [ 23.037005395174084, 58.375637859287501 ], [ 23.036972459106757, 58.375618386092668 ], [ 23.036921843642862, 58.375588471247447 ], [ 23.036769056215494, 58.375498153789088 ], [ 23.036701554098624, 58.375448823822346 ], [ 23.036623573030123, 58.375382030738052 ], [ 23.036571324831041, 58.375324958865903 ], [ 23.036513972010109, 58.375230162134287 ] ] } },
{ "type": "Feature", "properties": { "id": "e_501_tee_j.168402", "fid": 168402, "sys_id": 915601236, "etak_id": 4607786, "kood": 501, "kood_tekst": "Tee", "tyyp": 70, "tyyp_tekst": "Rada", "laius": 0, "teekate": 40, "teekate_tekst": "Pinnas", "liiklus": 10, "liiklus_tekst": "Kahesuunaline", "tee": null, "teeosa": null, "soidutee": 997, "soidutee_tekst": "Täitmata", "tee_synon": null, "teeosa_synon": null, "soidutee_synon": 997, "soidutee_synon_tekst": "Täitmata", "tee_synon2": null, "teeosa_synon2": null, "soidutee_synon2": 997, "soidutee_synon2_tekst": "Täitmata", "nimetus": null, "a_tasand": 0, "l_tasand": 0, "ads_oid": null, "ads_nimetus": null, "karto_nimi": null, "tahtsus": 997, "tahtsus_tekst": "Täitmata", "no_oid": null, "markused": null, "vajalik": 30, "vajalik_tekst": "Korras", "andmeallika_id": 230, "korgusallika_id": 230, "ruumikujuallika_id": 230, "muutmisaeg": "2024-04-16T14:19:22Z", "geom_muutmisaeg": "2024-04-16T14:21:16Z" }, "geometry": { "type": "LineString", "coordinates": [ [ 23.052450263788241, 58.380890928639488 ], [ 23.052791167668921, 58.381086746413857 ], [ 23.053208214375626, 58.381364830552627 ], [ 23.053535335948599, 58.381533722886026 ], [ 23.05382124695544, 58.381664883261777 ], [ 23.05412789239649, 58.381813427852137 ], [ 23.054414131643671, 58.382002586646124 ], [ 23.054666422689586, 58.382144531697215 ], [ 23.054958580894777, 58.382266208653697 ], [ 23.055124925111802, 58.382393778373768 ], [ 23.055256879845242, 58.38256697771709 ], [ 23.055419430218638, 58.382695856882677 ], [ 23.055856300367896, 58.382853262126169 ], [ 23.056180661446312, 58.382979403533007 ], [ 23.056575275374822, 58.383087018001326 ], [ 23.056842648703579, 58.383164329266577 ], [ 23.057015872133913, 58.38322692811105 ], [ 23.057154620380853, 58.383277078303948 ], [ 23.0572537797206, 58.383312919412049 ], [ 23.057593074334694, 58.383398841357256 ], [ 23.058119508726737, 58.383525831230642 ], [ 23.058263865645078, 58.383555584676067 ], [ 23.058367075110453, 58.383576854429897 ], [ 23.058554023081381, 58.383618037944565 ], [ 23.058689034284384, 58.383643744179309 ], [ 23.05884033608767, 58.383669561345926 ], [ 23.058982688104681, 58.383684169076943 ], [ 23.059274121351063, 58.383702775202458 ], [ 23.059353786960273, 58.383723493591042 ], [ 23.059487406010806, 58.383774483400856 ], [ 23.059569042895749, 58.383806548043225 ], [ 23.059637260727566, 58.38382701134546 ], [ 23.059732631902001, 58.383846713745847 ], [ 23.060181326337919, 58.38391654408364 ], [ 23.060639149542421, 58.383982632756613 ], [ 23.060868972205785, 58.384008782584566 ], [ 23.061844042999375, 58.384084910099425 ], [ 23.062366390854987, 58.38411586362659 ], [ 23.062804128384201, 58.384126798865552 ], [ 23.062876820488761, 58.384125698058455 ], [ 23.063033644744433, 58.384112490828329 ], [ 23.063261493109465, 58.384078604272652 ], [ 23.063549811903794, 58.383990108708772 ], [ 23.063805576648743, 58.383950499557592 ], [ 23.063845625721179, 58.383949562972646 ], [ 23.063957006185177, 58.383939523415165 ], [ 23.064062095937651, 58.383934591770725 ], [ 23.064174756688317, 58.383941999184898 ], [ 23.064430609548538, 58.383974349448579 ], [ 23.064619215992654, 58.38402681415112 ], [ 23.064820061045822, 58.384087781782249 ], [ 23.06517012422961, 58.384200529509364 ], [ 23.065392528892431, 58.384317630904867 ], [ 23.065738586067674, 58.384497773177642 ], [ 23.065974773604253, 58.384596225608476 ], [ 23.06620803283149, 58.384670394155826 ], [ 23.066540136967596, 58.384770229217146 ] ] } },
{ "type": "Feature", "properties": { "id": "e_501_tee_j.168707", "fid": 168707, "sys_id": 915601535, "etak_id": 5017663, "kood": 501, "kood_tekst": "Tee", "tyyp": 70, "tyyp_tekst": "Rada", "laius": 0, "teekate": 40, "teekate_tekst": "Pinnas", "liiklus": 10, "liiklus_tekst": "Kahesuunaline", "tee": null, "teeosa": null, "soidutee": 997, "soidutee_tekst": "Täitmata", "tee_synon": null, "teeosa_synon": null, "soidutee_synon": 997, "soidutee_synon_tekst": "Täitmata", "tee_synon2": null, "teeosa_synon2": null, "soidutee_synon2": 997, "soidutee_synon2_tekst": "Täitmata", "nimetus": null, "a_tasand": 0, "l_tasand": 0, "ads_oid": null, "ads_nimetus": null, "karto_nimi": null, "tahtsus": 997, "tahtsus_tekst": "Täitmata", "no_oid": null, "markused": null, "vajalik": 30, "vajalik_tekst": "Korras", "andmeallika_id": 46, "korgusallika_id": 221, "ruumikujuallika_id": 46, "muutmisaeg": "2024-05-29T14:38:31Z", "geom_muutmisaeg": "2019-04-18T12:35:01Z" }, "geometry": { "type": "LineString", "coordinates": [ [ 23.019885670014791, 58.375413764068824 ], [ 23.019685050626194, 58.375485576417766 ], [ 23.019441715809158, 58.375661149378871 ], [ 23.019242888834579, 58.375877273442249 ], [ 23.018990683848948, 58.3760943699289 ], [ 23.018976865847314, 58.376106269191297 ], [ 23.018716037599741, 58.376308195584137 ], [ 23.018614014162829, 58.376399360308248 ], [ 23.018320499683927, 58.376694501060932 ], [ 23.018114174519511, 58.376884803956202 ], [ 23.017878059508849, 58.377113488738779 ], [ 23.017626262945065, 58.377358843900232 ], [ 23.017535105256471, 58.377464727790077 ], [ 23.017307909246451, 58.377783992364172 ], [ 23.017085310841058, 58.378024093798672 ], [ 23.016780605117841, 58.378284394822764 ], [ 23.016383081520178, 58.378581065044713 ], [ 23.015945406342261, 58.378901220019323 ], [ 23.015805923215783, 58.379023243391593 ], [ 23.015713957554979, 58.379147294090743 ] ] } },
{ "type": "Feature", "properties": { "id": "e_501_tee_j.169057", "fid": 169057, "sys_id": 915601886, "etak_id": 4710798, "kood": 501, "kood_tekst": "Tee", "tyyp": 60, "tyyp_tekst": "Muu tee", "laius": 4, "teekate": 20, "teekate_tekst": "Kruuskate", "liiklus": 10, "liiklus_tekst": "Kahesuunaline", "tee": 3860123.0, "teeosa": 1.0, "soidutee": 1, "soidutee_tekst": "Parempoolne või ainuke", "tee_synon": null, "teeosa_synon": null, "soidutee_synon": 997, "soidutee_synon_tekst": "Täitmata", "tee_synon2": null, "teeosa_synon2": null, "soidutee_synon2": 997, "soidutee_synon2_tekst": "Täitmata", "nimetus": "Peetri tee", "a_tasand": 0, "l_tasand": 0, "ads_oid": null, "ads_nimetus": null, "karto_nimi": null, "tahtsus": 997, "tahtsus_tekst": "Täitmata", "no_oid": null, "markused": null, "vajalik": 30, "vajalik_tekst": "Korras", "andmeallika_id": 215, "korgusallika_id": 221, "ruumikujuallika_id": 46, "muutmisaeg": "2024-05-29T14:13:19Z", "geom_muutmisaeg": "2019-04-18T12:35:01Z" }, "geometry": { "type": "LineString", "coordinates": [ [ 23.021442707837245, 58.378243793932512 ], [ 23.021271468917082, 58.37837131756681 ], [ 23.020427996005726, 58.378944207904162 ], [ 23.019750437728639, 58.379469770239396 ], [ 23.01973419028981, 58.379482315413185 ], [ 23.019626398504556, 58.379576579476186 ] ] } },
{ "type": "Feature", "properties": { "id": "e_501_tee_j.169109", "fid": 169109, "sys_id": 915601938, "etak_id": 4786508, "kood": 501, "kood_tekst": "Tee", "tyyp": 70, "tyyp_tekst": "Rada", "laius": 0, "teekate": 40, "teekate_tekst": "Pinnas", "liiklus": 10, "liiklus_tekst": "Kahesuunaline", "tee": null, "teeosa": null, "soidutee": 997, "soidutee_tekst": "Täitmata", "tee_synon": null, "teeosa_synon": null, "soidutee_synon": 997, "soidutee_synon_tekst": "Täitmata", "tee_synon2": null, "teeosa_synon2": null, "soidutee_synon2": 997, "soidutee_synon2_tekst": "Täitmata", "nimetus": null, "a_tasand": 0, "l_tasand": 0, "ads_oid": null, "ads_nimetus": null, "karto_nimi": null, "tahtsus": 997, "tahtsus_tekst": "Täitmata", "no_oid": null, "markused": null, "vajalik": 30, "vajalik_tekst": "Korras", "andmeallika_id": 46, "korgusallika_id": 210, "ruumikujuallika_id": 23, "muutmisaeg": "2020-04-24T14:08:28Z", "geom_muutmisaeg": "2015-05-19T12:28:08Z" }, "geometry": { "type": "LineString", "coordinates": [ [ 23.024220739426408, 58.39517965870337 ], [ 23.02423603497304, 58.394843678186767 ], [ 23.024241050649454, 58.394749074069146 ], [ 23.024567860930667, 58.388840817116737 ], [ 23.024787946003162, 58.386864075073305 ], [ 23.024797519176737, 58.386697401423277 ], [ 23.024776164634517, 58.386573215424015 ], [ 23.024772631067489, 58.386552625704134 ], [ 23.024686534444381, 58.386375613594403 ], [ 23.024678800157229, 58.386359768813165 ], [ 23.024468822916234, 58.386174896359215 ], [ 23.024338253085865, 58.385968989912904 ], [ 23.024291969580339, 58.385818950348693 ], [ 23.02428807491539, 58.385774373973561 ], [ 23.024337352646914, 58.3855940856415 ], [ 23.024342218922527, 58.385418396675554 ], [ 23.024337815259209, 58.38516379807897 ], [ 23.0243224590971, 58.384884871522637 ], [ 23.024294473837394, 58.384648329843991 ], [ 23.02426937690754, 58.384301355060096 ], [ 23.024173004109745, 58.384033931594196 ], [ 23.024132725957529, 58.38382152224861 ], [ 23.024116030574298, 58.38359718890927 ], [ 23.024065472635399, 58.38333622138245 ], [ 23.023968601576151, 58.383086932222888 ], [ 23.023881337969843, 58.382910530088331 ], [ 23.023756917195065, 58.382762146805078 ], [ 23.023733880086084, 58.382734673422334 ], [ 23.023507634708132, 58.382545544262271 ], [ 23.022485217277403, 58.381789372656449 ], [ 23.022411401386268, 58.381572323978283 ], [ 23.022288867025452, 58.381225769932641 ], [ 23.022285984239261, 58.381175642975855 ] ] } },
{ "type": "Feature", "properties": { "id": "e_501_tee_j.169224", "fid": 169224, "sys_id": 915602054, "etak_id": 5062091, "kood": 501, "kood_tekst": "Tee", "tyyp": 60, "tyyp_tekst": "Muu tee", "laius": 3, "teekate": 40, "teekate_tekst": "Pinnas", "liiklus": 10, "liiklus_tekst": "Kahesuunaline", "tee": null, "teeosa": null, "soidutee": 997, "soidutee_tekst": "Täitmata", "tee_synon": null, "teeosa_synon": null, "soidutee_synon": 997, "soidutee_synon_tekst": "Täitmata", "tee_synon2": null, "teeosa_synon2": null, "soidutee_synon2": 997, "soidutee_synon2_tekst": "Täitmata", "nimetus": null, "a_tasand": 0, "l_tasand": 0, "ads_oid": null, "ads_nimetus": null, "karto_nimi": null, "tahtsus": 997, "tahtsus_tekst": "Täitmata", "no_oid": null, "markused": null, "vajalik": 30, "vajalik_tekst": "Korras", "andmeallika_id": 46, "korgusallika_id": 999, "ruumikujuallika_id": 46, "muutmisaeg": "2024-12-06T11:18:00Z", "geom_muutmisaeg": "2024-12-06T11:46:07Z" }, "geometry": { "type": "LineString", "coordinates": [ [ 23.035894950168522, 58.374891026629712 ], [ 23.035784973288283, 58.374899848931918 ], [ 23.0354997814078, 58.37496226534239 ], [ 23.034844411178192, 58.375040838767482 ], [ 23.033909383528663, 58.375118092254432 ], [ 23.032767907004306, 58.375243161570857 ], [ 23.032638450627442, 58.375261639061939 ], [ 23.032519185532184, 58.375256937120795 ], [ 23.032245611553211, 58.3752208949251 ], [ 23.031951726514883, 58.375199352450551 ], [ 23.031441937555176, 58.375183543695002 ], [ 23.031071263803341, 58.375195241886352 ], [ 23.030575815456835, 58.375225431994686 ], [ 23.030187173413662, 58.3752571049585 ], [ 23.029745205004279, 58.375305997999554 ], [ 23.029033123836662, 58.375396116176361 ], [ 23.028200204902721, 58.375470853964003 ], [ 23.027497507211955, 58.375545240350824 ], [ 23.026929681448522, 58.375575933614044 ], [ 23.026329039914231, 58.375620705181582 ], [ 23.026309631819441, 58.375622209379173 ], [ 23.026109030086818, 58.375669087184747 ], [ 23.025680133117394, 58.375821598039543 ], [ 23.025426223525088, 58.375892904917023 ], [ 23.02526950071568, 58.375926692185125 ], [ 23.024933178761081, 58.376005549125765 ], [ 23.024843358489932, 58.376049212259247 ], [ 23.02472034502496, 58.376127371948797 ], [ 23.024558327493427, 58.37626837647349 ], [ 23.024346950295339, 58.376469596423242 ] ] } },
{ "type": "Feature", "properties": { "id": "e_501_tee_j.169225", "fid": 169225, "sys_id": 915602055, "etak_id": 5065446, "kood": 501, "kood_tekst": "Tee", "tyyp": 60, "tyyp_tekst": "Muu tee", "laius": 3, "teekate": 20, "teekate_tekst": "Kruuskate", "liiklus": 10, "liiklus_tekst": "Kahesuunaline", "tee": null, "teeosa": null, "soidutee": 997, "soidutee_tekst": "Täitmata", "tee_synon": null, "teeosa_synon": null, "soidutee_synon": 997, "soidutee_synon_tekst": "Täitmata", "tee_synon2": null, "teeosa_synon2": null, "soidutee_synon2": 997, "soidutee_synon2_tekst": "Täitmata", "nimetus": null, "a_tasand": 0, "l_tasand": 0, "ads_oid": null, "ads_nimetus": null, "karto_nimi": null, "tahtsus": 997, "tahtsus_tekst": "Täitmata", "no_oid": null, "markused": null, "vajalik": 30, "vajalik_tekst": "Korras", "andmeallika_id": 58, "korgusallika_id": 221, "ruumikujuallika_id": 46, "muutmisaeg": "2025-09-11T16:24:11Z", "geom_muutmisaeg": "2019-04-18T12:39:03Z" }, "geometry": { "type": "LineString", "coordinates": [ [ 23.019242533726914, 58.378923614640208 ], [ 23.01923448063177, 58.378960511904339 ], [ 23.019207856852631, 58.379082355109936 ], [ 23.019102739468075, 58.379452638403357 ] ] } },
{ "type": "Feature", "properties": { "id": "e_501_tee_j.170185", "fid": 170185, "sys_id": 915603015, "etak_id": 5020901, "kood": 501, "kood_tekst": "Tee", "tyyp": 70, "tyyp_tekst": "Rada", "laius": 0, "teekate": 40, "teekate_tekst": "Pinnas", "liiklus": 10, "liiklus_tekst": "Kahesuunaline", "tee": null, "teeosa": null, "soidutee": 997, "soidutee_tekst": "Täitmata", "tee_synon": null, "teeosa_synon": null, "soidutee_synon": 997, "soidutee_synon_tekst": "Täitmata", "tee_synon2": null, "teeosa_synon2": null, "soidutee_synon2": 997, "soidutee_synon2_tekst": "Täitmata", "nimetus": null, "a_tasand": 0, "l_tasand": 0, "ads_oid": null, "ads_nimetus": null, "karto_nimi": null, "tahtsus": 997, "tahtsus_tekst": "Täitmata", "no_oid": null, "markused": null, "vajalik": 30, "vajalik_tekst": "Korras", "andmeallika_id": 46, "korgusallika_id": 210, "ruumikujuallika_id": 147, "muutmisaeg": "2020-03-02T16:05:24Z", "geom_muutmisaeg": "2015-05-19T12:28:08Z" }, "geometry": { "type": "LineString", "coordinates": [ [ 23.035894950168522, 58.374891026629712 ], [ 23.035794246454337, 58.374829565771869 ], [ 23.035601848572455, 58.374652288032401 ], [ 23.035351760629901, 58.374415867140087 ], [ 23.035219107539177, 58.374324029715574 ], [ 23.035122788241011, 58.374257357495516 ], [ 23.034883319041445, 58.374045331963281 ], [ 23.034705665258432, 58.373854264216064 ], [ 23.034280583600864, 58.373292884134699 ], [ 23.034194900902552, 58.373163822279828 ], [ 23.034106099523928, 58.373030085462652 ], [ 23.033995729739669, 58.372804048246685 ], [ 23.034004428367741, 58.372592731123753 ] ] } },
{ "type": "Feature", "properties": { "id": "e_501_tee_j.170534", "fid": 170534, "sys_id": 915603364, "etak_id": 4671029, "kood": 501, "kood_tekst": "Tee", "tyyp": 60, "tyyp_tekst": "Muu tee", "laius": 4, "teekate": 20, "teekate_tekst": "Kruuskate", "liiklus": 10, "liiklus_tekst": "Kahesuunaline", "tee": null, "teeosa": null, "soidutee": 997, "soidutee_tekst": "Täitmata", "tee_synon": null, "teeosa_synon": null, "soidutee_synon": 997, "soidutee_synon_tekst": "Täitmata", "tee_synon2": null, "teeosa_synon2": null, "soidutee_synon2": 997, "soidutee_synon2_tekst": "Täitmata", "nimetus": null, "a_tasand": 0, "l_tasand": 0, "ads_oid": null, "ads_nimetus": null, "karto_nimi": null, "tahtsus": 997, "tahtsus_tekst": "Täitmata", "no_oid": null, "markused": null, "vajalik": 30, "vajalik_tekst": "Korras", "andmeallika_id": 223, "korgusallika_id": 221, "ruumikujuallika_id": 223, "muutmisaeg": "2024-05-29T14:54:16Z", "geom_muutmisaeg": "2022-06-01T11:43:46Z" }, "geometry": { "type": "LineString", "coordinates": [ [ 23.024353733493292, 58.376291919602906 ], [ 23.024410532456603, 58.37605001839087 ], [ 23.024452909188597, 58.375858551831811 ], [ 23.024522539074347, 58.375721160713553 ], [ 23.02469467365805, 58.375529509073694 ], [ 23.024787665968599, 58.375452718450418 ], [ 23.024806126048222, 58.375436059048411 ], [ 23.024871726213991, 58.375376874213615 ], [ 23.024949230042445, 58.375244544522403 ], [ 23.024969347672631, 58.375197628304797 ], [ 23.025021021182326, 58.375077115709054 ], [ 23.025157918450688, 58.374791054694178 ], [ 23.025205210023412, 58.374641065223365 ], [ 23.025271610579594, 58.374442885683756 ], [ 23.025310974319005, 58.374340947108749 ], [ 23.025394913141849, 58.374172335768883 ], [ 23.025483541780233, 58.373934241905026 ], [ 23.025566680984866, 58.373542307465883 ], [ 23.025665285551906, 58.373215313064385 ] ] } },
{ "type": "Feature", "properties": { "id": "e_501_tee_j.171147", "fid": 171147, "sys_id": 915603981, "etak_id": 5034250, "kood": 501, "kood_tekst": "Tee", "tyyp": 60, "tyyp_tekst": "Muu tee", "laius": 3, "teekate": 40, "teekate_tekst": "Pinnas", "liiklus": 10, "liiklus_tekst": "Kahesuunaline", "tee": null, "teeosa": null, "soidutee": 997, "soidutee_tekst": "Täitmata", "tee_synon": null, "teeosa_synon": null, "soidutee_synon": 997, "soidutee_synon_tekst": "Täitmata", "tee_synon2": null, "teeosa_synon2": null, "soidutee_synon2": 997, "soidutee_synon2_tekst": "Täitmata", "nimetus": null, "a_tasand": 0, "l_tasand": 0, "ads_oid": null, "ads_nimetus": null, "karto_nimi": null, "tahtsus": 997, "tahtsus_tekst": "Täitmata", "no_oid": null, "markused": null, "vajalik": 30, "vajalik_tekst": "Korras", "andmeallika_id": 46, "korgusallika_id": 210, "ruumikujuallika_id": 23, "muutmisaeg": "2017-12-28T13:10:37Z", "geom_muutmisaeg": "2015-05-19T12:28:08Z" }, "geometry": { "type": "LineString", "coordinates": [ [ 23.02413543398508, 58.378508730131692 ], [ 23.024399408086509, 58.378377852627239 ], [ 23.024723691298451, 58.378265429892352 ], [ 23.024779303106797, 58.378246153906396 ], [ 23.024994969225816, 58.3782126915441 ], [ 23.025089530342978, 58.378198049861687 ] ] } },
{ "type": "Feature", "properties": { "id": "e_501_tee_j.171677", "fid": 171677, "sys_id": 915604510, "etak_id": 4914025, "kood": 501, "kood_tekst": "Tee", "tyyp": 60, "tyyp_tekst": "Muu tee", "laius": 3, "teekate": 40, "teekate_tekst": "Pinnas", "liiklus": 10, "liiklus_tekst": "Kahesuunaline", "tee": null, "teeosa": null, "soidutee": 997, "soidutee_tekst": "Täitmata", "tee_synon": null, "teeosa_synon": null, "soidutee_synon": 997, "soidutee_synon_tekst": "Täitmata", "tee_synon2": null, "teeosa_synon2": null, "soidutee_synon2": 997, "soidutee_synon2_tekst": "Täitmata", "nimetus": null, "a_tasand": 0, "l_tasand": 0, "ads_oid": null, "ads_nimetus": null, "karto_nimi": null, "tahtsus": 997, "tahtsus_tekst": "Täitmata", "no_oid": null, "markused": null, "vajalik": 30, "vajalik_tekst": "Korras", "andmeallika_id": 223, "korgusallika_id": 221, "ruumikujuallika_id": 223, "muutmisaeg": "2024-05-29T14:54:18Z", "geom_muutmisaeg": "2022-06-01T11:43:46Z" }, "geometry": { "type": "LineString", "coordinates": [ [ 23.024574663059866, 58.379488547432409 ], [ 23.024539921787358, 58.379464001838109 ], [ 23.024445613834807, 58.379419363293174 ], [ 23.024319535362476, 58.379286753508879 ], [ 23.024145674271345, 58.378980225213304 ], [ 23.024092980173158, 58.378887326029862 ], [ 23.023962532729037, 58.378779869600784 ] ] } },
{ "type": "Feature", "properties": { "id": "e_501_tee_j.171680", "fid": 171680, "sys_id": 915604513, "etak_id": 4584165, "kood": 501, "kood_tekst": "Tee", "tyyp": 70, "tyyp_tekst": "Rada", "laius": 0, "teekate": 40, "teekate_tekst": "Pinnas", "liiklus": 10, "liiklus_tekst": "Kahesuunaline", "tee": null, "teeosa": null, "soidutee": 997, "soidutee_tekst": "Täitmata", "tee_synon": null, "teeosa_synon": null, "soidutee_synon": 997, "soidutee_synon_tekst": "Täitmata", "tee_synon2": null, "teeosa_synon2": null, "soidutee_synon2": 997, "soidutee_synon2_tekst": "Täitmata", "nimetus": null, "a_tasand": 0, "l_tasand": 0, "ads_oid": null, "ads_nimetus": null, "karto_nimi": null, "tahtsus": 997, "tahtsus_tekst": "Täitmata", "no_oid": null, "markused": null, "vajalik": 30, "vajalik_tekst": "Korras", "andmeallika_id": 222, "korgusallika_id": 222, "ruumikujuallika_id": 222, "muutmisaeg": "2022-12-01T08:25:59Z", "geom_muutmisaeg": "2022-12-01T08:49:52Z" }, "geometry": { "type": "LineString", "coordinates": [ [ 23.035592048429685, 58.371459462672568 ], [ 23.035888500607911, 58.371454823616318 ], [ 23.036350803012056, 58.371353991972136 ], [ 23.036778748784062, 58.371260702511165 ], [ 23.037103437921598, 58.371168329961783 ], [ 23.037409765210558, 58.371066111476274 ], [ 23.037745340694588, 58.370969248915536 ], [ 23.037878677910193, 58.370911861182911 ], [ 23.038186858319307, 58.370779151993361 ], [ 23.038465872252324, 58.370713109543601 ], [ 23.038875576544818, 58.370605120239247 ], [ 23.039245512649771, 58.370451215289151 ], [ 23.039411534644952, 58.370387741525867 ], [ 23.039514303901839, 58.37031486620122 ], [ 23.039612378182145, 58.370172185978547 ], [ 23.039676068838673, 58.370079567277337 ], [ 23.039799652782399, 58.369884379048919 ], [ 23.039837493168267, 58.369837872306888 ], [ 23.039907514130821, 58.369751856029836 ], [ 23.039852727923499, 58.369554706572067 ], [ 23.039848208493542, 58.369537423261662 ], [ 23.039837375451182, 58.369495947009781 ], [ 23.039795461149961, 58.36933571862064 ] ] } },
{ "type": "Feature", "properties": { "id": "e_501_tee_j.171684", "fid": 171684, "sys_id": 915604517, "etak_id": 4670501, "kood": 501, "kood_tekst": "Tee", "tyyp": 60, "tyyp_tekst": "Muu tee", "laius": 4, "teekate": 10, "teekate_tekst": "Püsikate", "liiklus": 10, "liiklus_tekst": "Kahesuunaline", "tee": 3860006.0, "teeosa": 1.0, "soidutee": 1, "soidutee_tekst": "Parempoolne või ainuke", "tee_synon": null, "teeosa_synon": null, "soidutee_synon": 997, "soidutee_synon_tekst": "Täitmata", "tee_synon2": null, "teeosa_synon2": null, "soidutee_synon2": 997, "soidutee_synon2_tekst": "Täitmata", "nimetus": "Pärdi tee", "a_tasand": 0, "l_tasand": 0, "ads_oid": null, "ads_nimetus": null, "karto_nimi": null, "tahtsus": 997, "tahtsus_tekst": "Täitmata", "no_oid": null, "markused": null, "vajalik": 30, "vajalik_tekst": "Korras", "andmeallika_id": 227, "korgusallika_id": 221, "ruumikujuallika_id": 223, "muutmisaeg": "2024-05-29T14:24:12Z", "geom_muutmisaeg": "2022-06-01T11:43:46Z" }, "geometry": { "type": "LineString", "coordinates": [ [ 23.023358987091292, 58.379465023033632 ], [ 23.023370884858252, 58.379446535716504 ], [ 23.023467431976837, 58.379303649089316 ], [ 23.023502915070317, 58.379236638030406 ], [ 23.023573306987021, 58.378998109598086 ], [ 23.023642374164652, 58.378843743605707 ], [ 23.023669709432319, 58.378764754581155 ] ] } },
{ "type": "Feature", "properties": { "id": "e_501_tee_j.171748", "fid": 171748, "sys_id": 915604578, "etak_id": 4888072, "kood": 501, "kood_tekst": "Tee", "tyyp": 60, "tyyp_tekst": "Muu tee", "laius": 3, "teekate": 40, "teekate_tekst": "Pinnas", "liiklus": 10, "liiklus_tekst": "Kahesuunaline", "tee": null, "teeosa": null, "soidutee": 997, "soidutee_tekst": "Täitmata", "tee_synon": null, "teeosa_synon": null, "soidutee_synon": 997, "soidutee_synon_tekst": "Täitmata", "tee_synon2": null, "teeosa_synon2": null, "soidutee_synon2": 997, "soidutee_synon2_tekst": "Täitmata", "nimetus": null, "a_tasand": 0, "l_tasand": 0, "ads_oid": null, "ads_nimetus": null, "karto_nimi": null, "tahtsus": 997, "tahtsus_tekst": "Täitmata", "no_oid": null, "markused": null, "vajalik": 30, "vajalik_tekst": "Korras", "andmeallika_id": 147, "korgusallika_id": 210, "ruumikujuallika_id": 147, "muutmisaeg": "2017-12-28T16:51:43Z", "geom_muutmisaeg": "2015-05-19T12:28:08Z" }, "geometry": { "type": "LineString", "coordinates": [ [ 23.022346544635973, 58.379695677824508 ], [ 23.022356573521428, 58.37971991809448 ], [ 23.022404897166275, 58.379786609689852 ], [ 23.022420572857847, 58.379856247985849 ], [ 23.022354429130488, 58.38036764654094 ], [ 23.022351436316193, 58.380388015778301 ], [ 23.022371331977958, 58.380595133606384 ], [ 23.022389814923709, 58.380662189374362 ] ] } },
{ "type": "Feature", "properties": { "id": "e_501_tee_j.171954", "fid": 171954, "sys_id": 915604786, "etak_id": 4679236, "kood": 501, "kood_tekst": "Tee", "tyyp": 70, "tyyp_tekst": "Rada", "laius": 0, "teekate": 40, "teekate_tekst": "Pinnas", "liiklus": 10, "liiklus_tekst": "Kahesuunaline", "tee": null, "teeosa": null, "soidutee": 997, "soidutee_tekst": "Täitmata", "tee_synon": null, "teeosa_synon": null, "soidutee_synon": 997, "soidutee_synon_tekst": "Täitmata", "tee_synon2": null, "teeosa_synon2": null, "soidutee_synon2": 997, "soidutee_synon2_tekst": "Täitmata", "nimetus": null, "a_tasand": 0, "l_tasand": 0, "ads_oid": null, "ads_nimetus": null, "karto_nimi": null, "tahtsus": 997, "tahtsus_tekst": "Täitmata", "no_oid": null, "markused": null, "vajalik": 30, "vajalik_tekst": "Korras", "andmeallika_id": 222, "korgusallika_id": 222, "ruumikujuallika_id": 222, "muutmisaeg": "2022-12-16T12:25:15Z", "geom_muutmisaeg": "2022-12-16T12:25:40Z" }, "geometry": { "type": "LineString", "coordinates": [ [ 23.030281507050365, 58.381046237898374 ], [ 23.030244195285846, 58.381022958428503 ], [ 23.030188058416364, 58.380987979551499 ], [ 23.029986422010186, 58.380841790647636 ], [ 23.029890983344881, 58.38074408860772 ], [ 23.029812671814543, 58.380682505874901 ], [ 23.029777780318145, 58.380667586472541 ], [ 23.029743261580045, 58.38066085906523 ], [ 23.029691598474514, 58.380656524577716 ], [ 23.029615570677812, 58.38066348951908 ], [ 23.029084572473408, 58.380796586066474 ], [ 23.027330434255923, 58.381142294641045 ], [ 23.027158374151494, 58.381125862723835 ], [ 23.027034612066924, 58.381070971817579 ], [ 23.026987432626306, 58.380998992955774 ], [ 23.027030733081229, 58.380879636976402 ], [ 23.027143216115476, 58.380793205597769 ], [ 23.02722181576193, 58.380732753703462 ], [ 23.027415777605711, 58.380592985778655 ], [ 23.027453523990495, 58.380544703900654 ], [ 23.027468575786731, 58.380488688552475 ], [ 23.027437884300458, 58.380426946185096 ], [ 23.02733000825404, 58.380300144104481 ], [ 23.026965617632552, 58.379870659756669 ], [ 23.026936464043981, 58.379836226234339 ], [ 23.026920900821601, 58.379817897492032 ] ] } },
{ "type": "Feature", "properties": { "id": "e_501_tee_j.171956", "fid": 171956, "sys_id": 915604788, "etak_id": 4679239, "kood": 501, "kood_tekst": "Tee", "tyyp": 60, "tyyp_tekst": "Muu tee", "laius": 3, "teekate": 40, "teekate_tekst": "Pinnas", "liiklus": 10, "liiklus_tekst": "Kahesuunaline", "tee": null, "teeosa": null, "soidutee": 997, "soidutee_tekst": "Täitmata", "tee_synon": null, "teeosa_synon": null, "soidutee_synon": 997, "soidutee_synon_tekst": "Täitmata", "tee_synon2": null, "teeosa_synon2": null, "soidutee_synon2": 997, "soidutee_synon2_tekst": "Täitmata", "nimetus": null, "a_tasand": 0, "l_tasand": 0, "ads_oid": null, "ads_nimetus": null, "karto_nimi": null, "tahtsus": 997, "tahtsus_tekst": "Täitmata", "no_oid": null, "markused": null, "vajalik": 30, "vajalik_tekst": "Korras", "andmeallika_id": 223, "korgusallika_id": 221, "ruumikujuallika_id": 223, "muutmisaeg": "2024-05-29T14:38:44Z", "geom_muutmisaeg": "2022-06-14T10:55:42Z" }, "geometry": { "type": "LineString", "coordinates": [ [ 23.023018654263328, 58.379539803810523 ], [ 23.023035322982071, 58.379553328561023 ], [ 23.023066119316997, 58.379578311317992 ], [ 23.023138461969832, 58.379637015158671 ], [ 23.023300456514821, 58.379797907499288 ], [ 23.023549566320309, 58.380079205675287 ], [ 23.023701303585639, 58.380288974552094 ] ] } },
{ "type": "Feature", "properties": { "id": "e_501_tee_j.172157", "fid": 172157, "sys_id": 915604990, "etak_id": 4987431, "kood": 501, "kood_tekst": "Tee", "tyyp": 60, "tyyp_tekst": "Muu tee", "laius": 4, "teekate": 20, "teekate_tekst": "Kruuskate", "liiklus": 10, "liiklus_tekst": "Kahesuunaline", "tee": 3860123.0, "teeosa": 1.0, "soidutee": 1, "soidutee_tekst": "Parempoolne või ainuke", "tee_synon": null, "teeosa_synon": null, "soidutee_synon": 997, "soidutee_synon_tekst": "Täitmata", "tee_synon2": null, "teeosa_synon2": null, "soidutee_synon2": 997, "soidutee_synon2_tekst": "Täitmata", "nimetus": "Peetri tee", "a_tasand": 0, "l_tasand": 0, "ads_oid": null, "ads_nimetus": null, "karto_nimi": null, "tahtsus": 997, "tahtsus_tekst": "Täitmata", "no_oid": null, "markused": null, "vajalik": 30, "vajalik_tekst": "Korras", "andmeallika_id": 223, "korgusallika_id": 221, "ruumikujuallika_id": 223, "muutmisaeg": "2024-05-29T14:54:18Z", "geom_muutmisaeg": "2022-06-01T11:43:46Z" }, "geometry": { "type": "LineString", "coordinates": [ [ 23.022610784200001, 58.377640023870164 ], [ 23.022649000963018, 58.377764707632615 ], [ 23.022669373380008, 58.377809832259238 ], [ 23.022709174720614, 58.37787802094379 ], [ 23.022753045867681, 58.377927060825414 ], [ 23.02282302238898, 58.377990811137778 ], [ 23.022895980051892, 58.378039534796478 ], [ 23.023006212251609, 58.378094110829167 ], [ 23.023140346456941, 58.378149785520094 ], [ 23.023313409394355, 58.37820221996521 ], [ 23.023492147077782, 58.378244209665993 ], [ 23.023612070752058, 58.378283459660082 ], [ 23.023726140052322, 58.378326094897744 ] ] } },
{ "type": "Feature", "properties": { "id": "e_501_tee_j.173210", "fid": 173210, "sys_id": 915606035, "etak_id": 4903219, "kood": 501, "kood_tekst": "Tee", "tyyp": 60, "tyyp_tekst": "Muu tee", "laius": 4, "teekate": 20, "teekate_tekst": "Kruuskate", "liiklus": 10, "liiklus_tekst": "Kahesuunaline", "tee": 3860123.0, "teeosa": 1.0, "soidutee": 1, "soidutee_tekst": "Parempoolne või ainuke", "tee_synon": null, "teeosa_synon": null, "soidutee_synon": 997, "soidutee_synon_tekst": "Täitmata", "tee_synon2": null, "teeosa_synon2": null, "soidutee_synon2": 997, "soidutee_synon2_tekst": "Täitmata", "nimetus": "Peetri tee", "a_tasand": 0, "l_tasand": 0, "ads_oid": null, "ads_nimetus": null, "karto_nimi": null, "tahtsus": 997, "tahtsus_tekst": "Täitmata", "no_oid": null, "markused": null, "vajalik": 30, "vajalik_tekst": "Korras", "andmeallika_id": 223, "korgusallika_id": 221, "ruumikujuallika_id": 223, "muutmisaeg": "2024-05-29T14:54:19Z", "geom_muutmisaeg": "2022-06-01T11:43:46Z" }, "geometry": { "type": "LineString", "coordinates": [ [ 23.022610784200001, 58.377640023870164 ], [ 23.022585605797037, 58.3776227254342 ], [ 23.022553895107361, 58.377610441354015 ], [ 23.022502371957554, 58.377608646149824 ], [ 23.022396043686662, 58.377627847135905 ], [ 23.022274385317235, 58.377654931270015 ], [ 23.022194267377699, 58.377689956893661 ], [ 23.022060626461649, 58.377779212036259 ], [ 23.021893897523253, 58.377912544752832 ] ] } },
{ "type": "Feature", "properties": { "id": "e_501_tee_j.173226", "fid": 173226, "sys_id": 915606051, "etak_id": 5003041, "kood": 501, "kood_tekst": "Tee", "tyyp": 60, "tyyp_tekst": "Muu tee", "laius": 4, "teekate": 20, "teekate_tekst": "Kruuskate", "liiklus": 10, "liiklus_tekst": "Kahesuunaline", "tee": 3860123.0, "teeosa": 1.0, "soidutee": 1, "soidutee_tekst": "Parempoolne või ainuke", "tee_synon": null, "teeosa_synon": null, "soidutee_synon": 997, "soidutee_synon_tekst": "Täitmata", "tee_synon2": null, "teeosa_synon2": null, "soidutee_synon2": 997, "soidutee_synon2_tekst": "Täitmata", "nimetus": "Peetri tee", "a_tasand": 0, "l_tasand": 0, "ads_oid": null, "ads_nimetus": null, "karto_nimi": null, "tahtsus": 997, "tahtsus_tekst": "Täitmata", "no_oid": null, "markused": null, "vajalik": 30, "vajalik_tekst": "Korras", "andmeallika_id": 222, "korgusallika_id": 222, "ruumikujuallika_id": 222, "muutmisaeg": "2023-02-09T11:08:29Z", "geom_muutmisaeg": "2023-02-09T11:11:28Z" }, "geometry": { "type": "LineString", "coordinates": [ [ 23.019266364192102, 58.37989142433166 ], [ 23.019118288191425, 58.380020874059731 ], [ 23.018954301340695, 58.380164227173616 ], [ 23.018678734980757, 58.380420985248911 ], [ 23.018427948297923, 58.380654604807852 ], [ 23.018100531174493, 58.380944186817487 ], [ 23.017866109269093, 58.381117293407769 ], [ 23.017652811380682, 58.381266641018264 ], [ 23.01754124137609, 58.381353152063653 ] ] } },
{ "type": "Feature", "properties": { "id": "e_501_tee_j.173269", "fid": 173269, "sys_id": 915606095, "etak_id": 4998416, "kood": 501, "kood_tekst": "Tee", "tyyp": 70, "tyyp_tekst": "Rada", "laius": 0, "teekate": 40, "teekate_tekst": "Pinnas", "liiklus": 10, "liiklus_tekst": "Kahesuunaline", "tee": null, "teeosa": null, "soidutee": 997, "soidutee_tekst": "Täitmata", "tee_synon": null, "teeosa_synon": null, "soidutee_synon": 997, "soidutee_synon_tekst": "Täitmata", "tee_synon2": null, "teeosa_synon2": null, "soidutee_synon2": 997, "soidutee_synon2_tekst": "Täitmata", "nimetus": null, "a_tasand": 0, "l_tasand": 0, "ads_oid": null, "ads_nimetus": null, "karto_nimi": null, "tahtsus": 997, "tahtsus_tekst": "Täitmata", "no_oid": null, "markused": null, "vajalik": 30, "vajalik_tekst": "Korras", "andmeallika_id": 46, "korgusallika_id": 210, "ruumikujuallika_id": 23, "muutmisaeg": "2020-02-25T14:11:52Z", "geom_muutmisaeg": "2007-04-30T11:57:46Z" }, "geometry": { "type": "LineString", "coordinates": [ [ 23.019241229295428, 58.378577458594435 ], [ 23.019734214473232, 58.378504560273683 ], [ 23.020088579813944, 58.37846786075886 ], [ 23.020378197531283, 58.378441968579025 ], [ 23.020603254374887, 58.378432479754757 ], [ 23.020850146496258, 58.378406177976601 ], [ 23.021109052653149, 58.378335070955387 ], [ 23.021128904660312, 58.37832811147895 ], [ 23.021282021364524, 58.378274519985361 ], [ 23.021394072086544, 58.378253100962887 ], [ 23.021442707837245, 58.378243793932512 ] ] } },
{ "type": "Feature", "properties": { "id": "e_501_tee_j.173459", "fid": 173459, "sys_id": 915606286, "etak_id": 4764389, "kood": 501, "kood_tekst": "Tee", "tyyp": 70, "tyyp_tekst": "Rada", "laius": 0, "teekate": 40, "teekate_tekst": "Pinnas", "liiklus": 10, "liiklus_tekst": "Kahesuunaline", "tee": null, "teeosa": null, "soidutee": 997, "soidutee_tekst": "Täitmata", "tee_synon": null, "teeosa_synon": null, "soidutee_synon": 997, "soidutee_synon_tekst": "Täitmata", "tee_synon2": null, "teeosa_synon2": null, "soidutee_synon2": 997, "soidutee_synon2_tekst": "Täitmata", "nimetus": null, "a_tasand": 0, "l_tasand": 0, "ads_oid": null, "ads_nimetus": null, "karto_nimi": null, "tahtsus": 997, "tahtsus_tekst": "Täitmata", "no_oid": null, "markused": null, "vajalik": 30, "vajalik_tekst": "Korras", "andmeallika_id": 223, "korgusallika_id": 221, "ruumikujuallika_id": 223, "muutmisaeg": "2024-05-29T14:54:17Z", "geom_muutmisaeg": "2022-06-01T11:43:46Z" }, "geometry": { "type": "LineString", "coordinates": [ [ 23.022346544635973, 58.379695677824508 ], [ 23.022349835257902, 58.379668271039939 ], [ 23.022386328585441, 58.379364724438503 ], [ 23.022406285355768, 58.379243107974418 ], [ 23.022440636300587, 58.379033989979874 ], [ 23.022465928367488, 58.378701587693847 ], [ 23.02247006743287, 58.378589377238491 ], [ 23.022454271823005, 58.378370051897861 ], [ 23.022446001855219, 58.378255322010212 ], [ 23.02245344986348, 58.378190817347914 ], [ 23.022442273549078, 58.377961506382697 ], [ 23.022422923268671, 58.377732923016545 ] ] } },
{ "type": "Feature", "properties": { "id": "e_501_tee_j.173754", "fid": 173754, "sys_id": 915606582, "etak_id": 5012114, "kood": 501, "kood_tekst": "Tee", "tyyp": 30, "tyyp_tekst": "Kõrvalmaantee", "laius": 5, "teekate": 20, "teekate_tekst": "Kruuskate", "liiklus": 10, "liiklus_tekst": "Kahesuunaline", "tee": 21168.0, "teeosa": 1.0, "soidutee": 1, "soidutee_tekst": "Parempoolne või ainuke", "tee_synon": null, "teeosa_synon": null, "soidutee_synon": 997, "soidutee_synon_tekst": "Täitmata", "tee_synon2": null, "teeosa_synon2": null, "soidutee_synon2": 997, "soidutee_synon2_tekst": "Täitmata", "nimetus": "Kahtla-Ruhve tee", "a_tasand": 0, "l_tasand": 0, "ads_oid": null, "ads_nimetus": null, "karto_nimi": null, "tahtsus": 997, "tahtsus_tekst": "Täitmata", "no_oid": null, "markused": null, "vajalik": 30, "vajalik_tekst": "Korras", "andmeallika_id": 58, "korgusallika_id": 210, "ruumikujuallika_id": 147, "muutmisaeg": "2023-12-02T14:00:27Z", "geom_muutmisaeg": "2015-05-19T12:28:08Z" }, "geometry": { "type": "LineString", "coordinates": [ [ 23.025972949589502, 58.379679014814108 ], [ 23.026358325391328, 58.379754453183637 ], [ 23.026558555219538, 58.379789921725049 ], [ 23.02690911259344, 58.379817628073745 ], [ 23.026920900821601, 58.379817897492032 ] ] } },
{ "type": "Feature", "properties": { "id": "e_501_tee_j.174129", "fid": 174129, "sys_id": 915606951, "etak_id": 4599483, "kood": 501, "kood_tekst": "Tee", "tyyp": 70, "tyyp_tekst": "Rada", "laius": 0, "teekate": 40, "teekate_tekst": "Pinnas", "liiklus": 10, "liiklus_tekst": "Kahesuunaline", "tee": null, "teeosa": null, "soidutee": 997, "soidutee_tekst": "Täitmata", "tee_synon": null, "teeosa_synon": null, "soidutee_synon": 997, "soidutee_synon_tekst": "Täitmata", "tee_synon2": null, "teeosa_synon2": null, "soidutee_synon2": 997, "soidutee_synon2_tekst": "Täitmata", "nimetus": null, "a_tasand": 0, "l_tasand": 0, "ads_oid": null, "ads_nimetus": null, "karto_nimi": null, "tahtsus": 997, "tahtsus_tekst": "Täitmata", "no_oid": null, "markused": null, "vajalik": 30, "vajalik_tekst": "Korras", "andmeallika_id": 222, "korgusallika_id": 222, "ruumikujuallika_id": 222, "muutmisaeg": "2023-01-25T15:38:17Z", "geom_muutmisaeg": "2023-01-25T15:40:32Z" }, "geometry": { "type": "LineString", "coordinates": [ [ 23.032488247649425, 58.393030317159344 ], [ 23.032597124089893, 58.392958435996412 ], [ 23.032927349932358, 58.392887611085449 ], [ 23.033177314228027, 58.39279011086365 ], [ 23.033551494966488, 58.392665435684947 ], [ 23.033864366968512, 58.392543797694309 ], [ 23.034261723520384, 58.392390741453738 ], [ 23.034631467359208, 58.392196798921269 ], [ 23.034813238731644, 58.392078747287357 ], [ 23.03510147332765, 58.391944708272987 ], [ 23.035394276960801, 58.391843567502839 ], [ 23.035973911340271, 58.391690625260971 ], [ 23.036270552798037, 58.39161779638841 ], [ 23.036648998262947, 58.391498891253555 ], [ 23.036939357529391, 58.391405540587137 ], [ 23.037270890852131, 58.391307291585989 ], [ 23.037564619531391, 58.391196904181335 ], [ 23.037815169135087, 58.391127136631859 ], [ 23.038053426598726, 58.391019024069919 ], [ 23.03818334054316, 58.390870586252511 ], [ 23.038331155537008, 58.390705312142344 ], [ 23.038437491402377, 58.390624939495837 ], [ 23.038614816096839, 58.39056252098392 ], [ 23.038828650233466, 58.390490670303869 ], [ 23.039006613898614, 58.390392248945226 ], [ 23.039285163081129, 58.390267385521376 ], [ 23.039538850484831, 58.390169972943397 ], [ 23.039856606639081, 58.390074585927287 ], [ 23.040092973433588, 58.390047897965125 ], [ 23.040226370690085, 58.389997089643202 ], [ 23.040434944162566, 58.389929785230521 ], [ 23.040704113853984, 58.389872723058943 ], [ 23.041033232148454, 58.389621707955811 ], [ 23.041168229697451, 58.389551578191863 ], [ 23.041361961423728, 58.389457689824511 ], [ 23.04144328597221, 58.389425723153558 ], [ 23.041495416664731, 58.389405228444545 ], [ 23.041582489911733, 58.389380048300715 ], [ 23.041650306161692, 58.389383241959514 ], [ 23.041845435451719, 58.389396926719591 ] ] } },
{ "type": "Feature", "properties": { "id": "e_501_tee_j.174310", "fid": 174310, "sys_id": 915607133, "etak_id": 4533656, "kood": 501, "kood_tekst": "Tee", "tyyp": 60, "tyyp_tekst": "Muu tee", "laius": 4, "teekate": 10, "teekate_tekst": "Püsikate", "liiklus": 10, "liiklus_tekst": "Kahesuunaline", "tee": 3860006.0, "teeosa": 1.0, "soidutee": 1, "soidutee_tekst": "Parempoolne või ainuke", "tee_synon": null, "teeosa_synon": null, "soidutee_synon": 997, "soidutee_synon_tekst": "Täitmata", "tee_synon2": null, "teeosa_synon2": null, "soidutee_synon2": 997, "soidutee_synon2_tekst": "Täitmata", "nimetus": "Pärdi tee", "a_tasand": 0, "l_tasand": 0, "ads_oid": null, "ads_nimetus": null, "karto_nimi": null, "tahtsus": 997, "tahtsus_tekst": "Täitmata", "no_oid": null, "markused": null, "vajalik": 30, "vajalik_tekst": "Korras", "andmeallika_id": 227, "korgusallika_id": 221, "ruumikujuallika_id": 223, "muutmisaeg": "2024-05-29T14:24:11Z", "geom_muutmisaeg": "2022-06-01T11:43:46Z" }, "geometry": { "type": "LineString", "coordinates": [ [ 23.024353733493292, 58.376291919602906 ], [ 23.024276788344086, 58.376228610729605 ], [ 23.024191511315628, 58.376172367750641 ], [ 23.024079152631366, 58.376114489999061 ], [ 23.023955767322274, 58.376062229754147 ], [ 23.023835020799538, 58.376012836021879 ], [ 23.023730481992509, 58.375966421540689 ], [ 23.023652827697145, 58.375928769895296 ], [ 23.023575506865459, 58.375879707971009 ] ] } },
{ "type": "Feature", "properties": { "id": "e_501_tee_j.174343", "fid": 174343, "sys_id": 915607165, "etak_id": 4585976, "kood": 501, "kood_tekst": "Tee", "tyyp": 70, "tyyp_tekst": "Rada", "laius": 0, "teekate": 40, "teekate_tekst": "Pinnas", "liiklus": 10, "liiklus_tekst": "Kahesuunaline", "tee": null, "teeosa": null, "soidutee": 997, "soidutee_tekst": "Täitmata", "tee_synon": null, "teeosa_synon": null, "soidutee_synon": 997, "soidutee_synon_tekst": "Täitmata", "tee_synon2": null, "teeosa_synon2": null, "soidutee_synon2": 997, "soidutee_synon2_tekst": "Täitmata", "nimetus": null, "a_tasand": 0, "l_tasand": 0, "ads_oid": null, "ads_nimetus": null, "karto_nimi": null, "tahtsus": 997, "tahtsus_tekst": "Täitmata", "no_oid": null, "markused": null, "vajalik": 30, "vajalik_tekst": "Korras", "andmeallika_id": 46, "korgusallika_id": 210, "ruumikujuallika_id": 23, "muutmisaeg": "2020-02-05T15:29:56Z", "geom_muutmisaeg": "2019-04-19T04:44:07Z" }, "geometry": { "type": "LineString", "coordinates": [ [ 23.019836545225502, 58.375539089275883 ], [ 23.019810583482418, 58.375605965927733 ], [ 23.019602771451389, 58.375850225783147 ], [ 23.019593869748537, 58.375896158787739 ], [ 23.019552473305076, 58.376109801549667 ], [ 23.019545635386326, 58.376232676734922 ], [ 23.019482678556489, 58.376529410711285 ], [ 23.019475480710302, 58.37659334248756 ], [ 23.019455418057444, 58.37677127643029 ], [ 23.019446360257497, 58.376851671080473 ], [ 23.019455330501643, 58.376990013414158 ], [ 23.019394503592221, 58.377308412985073 ], [ 23.019305619647167, 58.377560032909571 ], [ 23.019211425632733, 58.377762871924958 ], [ 23.019139649259493, 58.377934105064277 ], [ 23.019148195011844, 58.37811222280088 ], [ 23.019184871608243, 58.378268476327555 ], [ 23.019197859033628, 58.37832389803463 ], [ 23.019241229295428, 58.378577458594435 ] ] } },
{ "type": "Feature", "properties": { "id": "e_501_tee_j.174550", "fid": 174550, "sys_id": 915607407, "etak_id": 4733246, "kood": 501, "kood_tekst": "Tee", "tyyp": 60, "tyyp_tekst": "Muu tee", "laius": 4, "teekate": 10, "teekate_tekst": "Püsikate", "liiklus": 10, "liiklus_tekst": "Kahesuunaline", "tee": 3860006.0, "teeosa": 1.0, "soidutee": 1, "soidutee_tekst": "Parempoolne või ainuke", "tee_synon": null, "teeosa_synon": null, "soidutee_synon": 997, "soidutee_synon_tekst": "Täitmata", "tee_synon2": null, "teeosa_synon2": null, "soidutee_synon2": 997, "soidutee_synon2_tekst": "Täitmata", "nimetus": "Pärdi tee", "a_tasand": 0, "l_tasand": 0, "ads_oid": null, "ads_nimetus": null, "karto_nimi": null, "tahtsus": 997, "tahtsus_tekst": "Täitmata", "no_oid": null, "markused": null, "vajalik": 30, "vajalik_tekst": "Korras", "andmeallika_id": 46, "korgusallika_id": 999, "ruumikujuallika_id": 46, "muutmisaeg": "2024-12-06T13:58:24Z", "geom_muutmisaeg": "2024-12-06T13:59:28Z" }, "geometry": { "type": "LineString", "coordinates": [ [ 23.023726140052322, 58.378326094897744 ], [ 23.02375866472018, 58.378200461792481 ], [ 23.023801333161586, 58.378044960034877 ], [ 23.023826721557121, 58.377896150479813 ], [ 23.02383819905398, 58.377838509860503 ], [ 23.023919707835738, 58.377230610091296 ], [ 23.023935814992925, 58.377131098137347 ], [ 23.024010271891566, 58.376948586926446 ], [ 23.024133593479341, 58.376766889139674 ], [ 23.024227468380669, 58.376642344377622 ], [ 23.024346950295339, 58.376469596423242 ] ] } },
{ "type": "Feature", "properties": { "id": "e_501_tee_j.175627", "fid": 175627, "sys_id": 915608444, "etak_id": 4655419, "kood": 501, "kood_tekst": "Tee", "tyyp": 60, "tyyp_tekst": "Muu tee", "laius": 3, "teekate": 40, "teekate_tekst": "Pinnas", "liiklus": 10, "liiklus_tekst": "Kahesuunaline", "tee": 3860111.0, "teeosa": 1.0, "soidutee": 1, "soidutee_tekst": "Parempoolne või ainuke", "tee_synon": null, "teeosa_synon": null, "soidutee_synon": 997, "soidutee_synon_tekst": "Täitmata", "tee_synon2": null, "teeosa_synon2": null, "soidutee_synon2": 997, "soidutee_synon2_tekst": "Täitmata", "nimetus": "Punapea tee", "a_tasand": 0, "l_tasand": 0, "ads_oid": null, "ads_nimetus": null, "karto_nimi": null, "tahtsus": 997, "tahtsus_tekst": "Täitmata", "no_oid": null, "markused": null, "vajalik": 30, "vajalik_tekst": "Korras", "andmeallika_id": 222, "korgusallika_id": 222, "ruumikujuallika_id": 222, "muutmisaeg": "2022-11-29T13:43:14Z", "geom_muutmisaeg": "2022-11-29T13:45:25Z" }, "geometry": { "type": "LineString", "coordinates": [ [ 22.998907818888842, 58.371226518519933 ], [ 22.998970007840818, 58.371107588832977 ], [ 22.999061011303152, 58.370876157375001 ], [ 22.999192933680899, 58.370579568704557 ], [ 22.999212808563339, 58.37053750327069 ], [ 22.999271362338149, 58.37041349851588 ], [ 22.999277593111479, 58.370380054114108 ] ] } },
{ "type": "Feature", "properties": { "id": "e_501_tee_j.177113", "fid": 177113, "sys_id": 915609930, "etak_id": 4565785, "kood": 501, "kood_tekst": "Tee", "tyyp": 60, "tyyp_tekst": "Muu tee", "laius": 3, "teekate": 40, "teekate_tekst": "Pinnas", "liiklus": 10, "liiklus_tekst": "Kahesuunaline", "tee": null, "teeosa": null, "soidutee": 997, "soidutee_tekst": "Täitmata", "tee_synon": null, "teeosa_synon": null, "soidutee_synon": 997, "soidutee_synon_tekst": "Täitmata", "tee_synon2": null, "teeosa_synon2": null, "soidutee_synon2": 997, "soidutee_synon2_tekst": "Täitmata", "nimetus": null, "a_tasand": 0, "l_tasand": 0, "ads_oid": null, "ads_nimetus": null, "karto_nimi": null, "tahtsus": 997, "tahtsus_tekst": "Täitmata", "no_oid": null, "markused": null, "vajalik": 30, "vajalik_tekst": "Korras", "andmeallika_id": 222, "korgusallika_id": 222, "ruumikujuallika_id": 222, "muutmisaeg": "2022-11-29T11:33:36Z", "geom_muutmisaeg": "2022-11-29T14:16:47Z" }, "geometry": { "type": "LineString", "coordinates": [ [ 22.987250153148391, 58.367855536776553 ], [ 22.987077975247086, 58.367800868635854 ], [ 22.986855554486741, 58.36775275158984 ], [ 22.98660544073341, 58.367710879507129 ], [ 22.98650776711855, 58.367704599650686 ], [ 22.986472371919643, 58.367702325183529 ], [ 22.986307833318296, 58.367706532039904 ], [ 22.986204919716421, 58.367726762573213 ], [ 22.986112395272404, 58.367754160329213 ], [ 22.98600609867658, 58.367785642023769 ], [ 22.985949367923254, 58.367803832707878 ], [ 22.98583662021684, 58.367818372669134 ], [ 22.985713472913062, 58.367813039188704 ], [ 22.985605305577408, 58.367793125269245 ], [ 22.985544634133777, 58.367767132497477 ], [ 22.985504571761528, 58.367718612413938 ], [ 22.985499878904999, 58.367676228024187 ], [ 22.98549406324312, 58.36763722894316 ], [ 22.985469136164394, 58.367608512092524 ], [ 22.98511316512414, 58.367346759905985 ], [ 22.985091637715932, 58.367296142183314 ], [ 22.985037454697402, 58.367247240287369 ], [ 22.984910188682115, 58.367197487830012 ] ] } },
{ "type": "Feature", "properties": { "id": "e_501_tee_j.177132", "fid": 177132, "sys_id": 915609948, "etak_id": 4598519, "kood": 501, "kood_tekst": "Tee", "tyyp": 60, "tyyp_tekst": "Muu tee", "laius": 3, "teekate": 40, "teekate_tekst": "Pinnas", "liiklus": 10, "liiklus_tekst": "Kahesuunaline", "tee": null, "teeosa": null, "soidutee": 997, "soidutee_tekst": "Täitmata", "tee_synon": null, "teeosa_synon": null, "soidutee_synon": 997, "soidutee_synon_tekst": "Täitmata", "tee_synon2": null, "teeosa_synon2": null, "soidutee_synon2": 997, "soidutee_synon2_tekst": "Täitmata", "nimetus": null, "a_tasand": 0, "l_tasand": 0, "ads_oid": null, "ads_nimetus": null, "karto_nimi": null, "tahtsus": 997, "tahtsus_tekst": "Täitmata", "no_oid": null, "markused": null, "vajalik": 30, "vajalik_tekst": "Korras", "andmeallika_id": 147, "korgusallika_id": 210, "ruumikujuallika_id": 147, "muutmisaeg": "2017-12-28T16:51:39Z", "geom_muutmisaeg": "2015-05-19T12:28:08Z" }, "geometry": { "type": "LineString", "coordinates": [ [ 22.996698124185151, 58.385218687128919 ], [ 22.996807187377826, 58.385298086836151 ], [ 22.996834690585448, 58.385327764340474 ], [ 22.997043708036031, 58.385553729756232 ], [ 22.997646238441696, 58.386327825378025 ], [ 22.997760822215461, 58.386490425911632 ], [ 22.998046432198507, 58.386931760215134 ], [ 22.998591888603503, 58.387774715284529 ], [ 22.998624660187378, 58.387824897758861 ] ] } },
{ "type": "Feature", "properties": { "id": "e_501_tee_j.178180", "fid": 178180, "sys_id": 915611007, "etak_id": 4603529, "kood": 501, "kood_tekst": "Tee", "tyyp": 60, "tyyp_tekst": "Muu tee", "laius": 3, "teekate": 40, "teekate_tekst": "Pinnas", "liiklus": 10, "liiklus_tekst": "Kahesuunaline", "tee": null, "teeosa": null, "soidutee": 997, "soidutee_tekst": "Täitmata", "tee_synon": null, "teeosa_synon": null, "soidutee_synon": 997, "soidutee_synon_tekst": "Täitmata", "tee_synon2": null, "teeosa_synon2": null, "soidutee_synon2": 997, "soidutee_synon2_tekst": "Täitmata", "nimetus": null, "a_tasand": 0, "l_tasand": 0, "ads_oid": null, "ads_nimetus": null, "karto_nimi": null, "tahtsus": 997, "tahtsus_tekst": "Täitmata", "no_oid": null, "markused": null, "vajalik": 30, "vajalik_tekst": "Korras", "andmeallika_id": 46, "korgusallika_id": 210, "ruumikujuallika_id": 23, "muutmisaeg": "2018-01-03T10:38:19Z", "geom_muutmisaeg": "2007-04-30T11:57:46Z" }, "geometry": { "type": "LineString", "coordinates": [ [ 23.009209316320113, 58.40343694330484 ], [ 23.009159009084627, 58.403431345178397 ], [ 23.008787927685255, 58.403390125217335 ] ] } },
{ "type": "Feature", "properties": { "id": "e_501_tee_j.179141", "fid": 179141, "sys_id": 915611951, "etak_id": 4768700, "kood": 501, "kood_tekst": "Tee", "tyyp": 70, "tyyp_tekst": "Rada", "laius": 0, "teekate": 40, "teekate_tekst": "Pinnas", "liiklus": 10, "liiklus_tekst": "Kahesuunaline", "tee": null, "teeosa": null, "soidutee": 997, "soidutee_tekst": "Täitmata", "tee_synon": null, "teeosa_synon": null, "soidutee_synon": 997, "soidutee_synon_tekst": "Täitmata", "tee_synon2": null, "teeosa_synon2": null, "soidutee_synon2": 997, "soidutee_synon2_tekst": "Täitmata", "nimetus": null, "a_tasand": 0, "l_tasand": 0, "ads_oid": null, "ads_nimetus": null, "karto_nimi": null, "tahtsus": 997, "tahtsus_tekst": "Täitmata", "no_oid": null, "markused": null, "vajalik": 30, "vajalik_tekst": "Korras", "andmeallika_id": 46, "korgusallika_id": 210, "ruumikujuallika_id": 23, "muutmisaeg": "2020-03-10T09:24:01Z", "geom_muutmisaeg": "2007-04-30T11:57:46Z" }, "geometry": { "type": "LineString", "coordinates": [ [ 23.001527704749702, 58.382283364049393 ], [ 23.001347709415079, 58.38225213597088 ], [ 23.001166012516727, 58.382220633924391 ], [ 23.001149506469265, 58.382217900791346 ] ] } },
{ "type": "Feature", "properties": { "id": "e_501_tee_j.179143", "fid": 179143, "sys_id": 915611953, "etak_id": 4770061, "kood": 501, "kood_tekst": "Tee", "tyyp": 70, "tyyp_tekst": "Rada", "laius": 0, "teekate": 40, "teekate_tekst": "Pinnas", "liiklus": 10, "liiklus_tekst": "Kahesuunaline", "tee": null, "teeosa": null, "soidutee": 997, "soidutee_tekst": "Täitmata", "tee_synon": null, "teeosa_synon": null, "soidutee_synon": 997, "soidutee_synon_tekst": "Täitmata", "tee_synon2": null, "teeosa_synon2": null, "soidutee_synon2": 997, "soidutee_synon2_tekst": "Täitmata", "nimetus": null, "a_tasand": 0, "l_tasand": 0, "ads_oid": null, "ads_nimetus": null, "karto_nimi": null, "tahtsus": 997, "tahtsus_tekst": "Täitmata", "no_oid": null, "markused": null, "vajalik": 30, "vajalik_tekst": "Korras", "andmeallika_id": 46, "korgusallika_id": 210, "ruumikujuallika_id": 23, "muutmisaeg": "2020-02-27T15:21:18Z", "geom_muutmisaeg": "2007-04-30T11:57:46Z" }, "geometry": { "type": "LineString", "coordinates": [ [ 23.017186537528101, 58.373151312544636 ], [ 23.017163949210193, 58.37318291670033 ], [ 23.017118415427912, 58.373274856283388 ], [ 23.017059803558094, 58.373393229247093 ], [ 23.016838746334194, 58.373658663855885 ], [ 23.016629322500439, 58.373880727479872 ], [ 23.016470583581626, 58.374062684206073 ], [ 23.01613045789059, 58.374919202309961 ], [ 23.015960762309572, 58.37507091225536 ], [ 23.015724643672584, 58.375269063155983 ], [ 23.015567923653435, 58.375482372450691 ], [ 23.015479408937487, 58.375640436533303 ], [ 23.015477939430109, 58.375803140671188 ], [ 23.015438233497441, 58.376043482064418 ], [ 23.015328760839811, 58.376235775493257 ], [ 23.015153593562498, 58.376430004525155 ], [ 23.014958083213706, 58.376636449984588 ], [ 23.014703075562309, 58.376812642441955 ], [ 23.014506584410288, 58.376992868839437 ], [ 23.014417736509131, 58.377131983155316 ], [ 23.014237615056818, 58.377411297352069 ], [ 23.014061854137537, 58.37769350940642 ], [ 23.014032317445661, 58.377734972634926 ], [ 23.013898510884786, 58.377922838741689 ], [ 23.013740913540417, 58.378160563093587 ], [ 23.013648852647499, 58.37835316924987 ], [ 23.01358616927573, 58.378540533844209 ], [ 23.013504086336791, 58.378822400274849 ], [ 23.013443283773988, 58.379076846390618 ] ] } },
{ "type": "Feature", "properties": { "id": "e_501_tee_j.179312", "fid": 179312, "sys_id": 915612119, "etak_id": 4648901, "kood": 501, "kood_tekst": "Tee", "tyyp": 70, "tyyp_tekst": "Rada", "laius": 0, "teekate": 40, "teekate_tekst": "Pinnas", "liiklus": 10, "liiklus_tekst": "Kahesuunaline", "tee": null, "teeosa": null, "soidutee": 997, "soidutee_tekst": "Täitmata", "tee_synon": null, "teeosa_synon": null, "soidutee_synon": 997, "soidutee_synon_tekst": "Täitmata", "tee_synon2": null, "teeosa_synon2": null, "soidutee_synon2": 997, "soidutee_synon2_tekst": "Täitmata", "nimetus": null, "a_tasand": 0, "l_tasand": 0, "ads_oid": null, "ads_nimetus": null, "karto_nimi": null, "tahtsus": 997, "tahtsus_tekst": "Täitmata", "no_oid": null, "markused": null, "vajalik": 30, "vajalik_tekst": "Korras", "andmeallika_id": 222, "korgusallika_id": 222, "ruumikujuallika_id": 222, "muutmisaeg": "2022-11-29T17:53:31Z", "geom_muutmisaeg": "2022-11-29T17:54:53Z" }, "geometry": { "type": "LineString", "coordinates": [ [ 23.018985985471485, 58.369111499560759 ], [ 23.019016229886844, 58.3691055362059 ], [ 23.019401222403737, 58.369058030008496 ], [ 23.019767387542792, 58.369017651388489 ], [ 23.020022155594319, 58.368970041243763 ], [ 23.021003688921475, 58.368838751244731 ], [ 23.021352821084207, 58.36880540302446 ] ] } },
{ "type": "Feature", "properties": { "id": "e_501_tee_j.180759", "fid": 180759, "sys_id": 915613568, "etak_id": 4786505, "kood": 501, "kood_tekst": "Tee", "tyyp": 70, "tyyp_tekst": "Rada", "laius": 0, "teekate": 40, "teekate_tekst": "Pinnas", "liiklus": 10, "liiklus_tekst": "Kahesuunaline", "tee": null, "teeosa": null, "soidutee": 997, "soidutee_tekst": "Täitmata", "tee_synon": null, "teeosa_synon": null, "soidutee_synon": 997, "soidutee_synon_tekst": "Täitmata", "tee_synon2": null, "teeosa_synon2": null, "soidutee_synon2": 997, "soidutee_synon2_tekst": "Täitmata", "nimetus": null, "a_tasand": 0, "l_tasand": 0, "ads_oid": null, "ads_nimetus": null, "karto_nimi": null, "tahtsus": 997, "tahtsus_tekst": "Täitmata", "no_oid": null, "markused": null, "vajalik": 30, "vajalik_tekst": "Korras", "andmeallika_id": 46, "korgusallika_id": 210, "ruumikujuallika_id": 147, "muutmisaeg": "2020-05-12T09:34:23Z", "geom_muutmisaeg": "2015-05-19T12:28:08Z" }, "geometry": { "type": "LineString", "coordinates": [ [ 22.994679878097955, 58.380474251591352 ], [ 22.994951168307448, 58.380522792764381 ], [ 22.995360994938991, 58.380617158837275 ], [ 22.995754009762706, 58.380707637966921 ], [ 22.996326856423682, 58.380810735750387 ], [ 22.996732502955155, 58.380878036453538 ], [ 22.997250220673493, 58.381008173939328 ], [ 22.997742851311145, 58.381121275989351 ], [ 22.997930977266996, 58.38116446177326 ], [ 22.998455458982122, 58.381285488374758 ], [ 22.999033795403346, 58.381511859414537 ], [ 22.999183335802098, 58.381570805043573 ], [ 23.000113875809539, 58.381829886228608 ], [ 23.000809649616301, 58.382048413596905 ], [ 23.00110235939545, 58.382144170223626 ], [ 23.001527704749702, 58.382283364049393 ] ] } },
{ "type": "Feature", "properties": { "id": "e_501_tee_j.180833", "fid": 180833, "sys_id": 915613641, "etak_id": 4630399, "kood": 501, "kood_tekst": "Tee", "tyyp": 70, "tyyp_tekst": "Rada", "laius": 0, "teekate": 40, "teekate_tekst": "Pinnas", "liiklus": 10, "liiklus_tekst": "Kahesuunaline", "tee": null, "teeosa": null, "soidutee": 997, "soidutee_tekst": "Täitmata", "tee_synon": null, "teeosa_synon": null, "soidutee_synon": 997, "soidutee_synon_tekst": "Täitmata", "tee_synon2": null, "teeosa_synon2": null, "soidutee_synon2": 997, "soidutee_synon2_tekst": "Täitmata", "nimetus": null, "a_tasand": 0, "l_tasand": 0, "ads_oid": null, "ads_nimetus": null, "karto_nimi": null, "tahtsus": 997, "tahtsus_tekst": "Täitmata", "no_oid": null, "markused": null, "vajalik": 30, "vajalik_tekst": "Korras", "andmeallika_id": 223, "korgusallika_id": 221, "ruumikujuallika_id": 223, "muutmisaeg": "2024-05-29T14:54:16Z", "geom_muutmisaeg": "2022-06-01T11:43:46Z" }, "geometry": { "type": "LineString", "coordinates": [ [ 23.004476883183731, 58.382792578555588 ], [ 23.004830271294828, 58.382893064724918 ], [ 23.005560602194098, 58.383039910079312 ], [ 23.006075774815773, 58.38315948554753 ], [ 23.00662728740749, 58.383300083999394 ], [ 23.007426014601062, 58.383520004095331 ], [ 23.008093123479252, 58.383684571561332 ], [ 23.008737398180696, 58.383852729604229 ], [ 23.009786020343846, 58.384130695336417 ], [ 23.010315275554866, 58.384255184582337 ], [ 23.010355931675523, 58.384286882611491 ], [ 23.010410456658136, 58.384307526709605 ], [ 23.010472065189042, 58.384309728122687 ], [ 23.01053589439503, 58.384312000587485 ], [ 23.010607272971587, 58.384314547011954 ] ] } },
{ "type": "Feature", "properties": { "id": "e_501_tee_j.181309", "fid": 181309, "sys_id": 915614112, "etak_id": 4534424, "kood": 501, "kood_tekst": "Tee", "tyyp": 60, "tyyp_tekst": "Muu tee", "laius": 3, "teekate": 20, "teekate_tekst": "Kruuskate", "liiklus": 10, "liiklus_tekst": "Kahesuunaline", "tee": 3860109.0, "teeosa": 1.0, "soidutee": 1, "soidutee_tekst": "Parempoolne või ainuke", "tee_synon": null, "teeosa_synon": null, "soidutee_synon": 997, "soidutee_synon_tekst": "Täitmata", "tee_synon2": null, "teeosa_synon2": null, "soidutee_synon2": 997, "soidutee_synon2_tekst": "Täitmata", "nimetus": "Sääre tee", "a_tasand": 0, "l_tasand": 0, "ads_oid": null, "ads_nimetus": null, "karto_nimi": null, "tahtsus": 997, "tahtsus_tekst": "Täitmata", "no_oid": null, "markused": null, "vajalik": 30, "vajalik_tekst": "Korras", "andmeallika_id": 58, "korgusallika_id": 221, "ruumikujuallika_id": 58, "muutmisaeg": "2024-05-29T14:25:06Z", "geom_muutmisaeg": "2022-01-12T11:39:41Z" }, "geometry": { "type": "LineString", "coordinates": [ [ 22.990111208799444, 58.373190189227394 ], [ 22.990213316161988, 58.373107910125078 ], [ 22.990386970420179, 58.372928985358669 ], [ 22.990605250997564, 58.372653956083376 ], [ 22.990777290488285, 58.372382071884147 ], [ 22.990899653102584, 58.372119950566173 ], [ 22.990993580442435, 58.371923253074982 ], [ 22.991074180677579, 58.371794424542017 ], [ 22.991140226043285, 58.37164503476388 ], [ 22.991167853309076, 58.371521785814878 ], [ 22.991212566250756, 58.371339021466213 ], [ 22.99124969654568, 58.371236042348713 ], [ 22.991257311342519, 58.37116108829489 ] ] } },
{ "type": "Feature", "properties": { "id": "e_501_tee_j.181856", "fid": 181856, "sys_id": 915614661, "etak_id": 4585112, "kood": 501, "kood_tekst": "Tee", "tyyp": 60, "tyyp_tekst": "Muu tee", "laius": 3, "teekate": 40, "teekate_tekst": "Pinnas", "liiklus": 10, "liiklus_tekst": "Kahesuunaline", "tee": null, "teeosa": null, "soidutee": 997, "soidutee_tekst": "Täitmata", "tee_synon": null, "teeosa_synon": null, "soidutee_synon": 997, "soidutee_synon_tekst": "Täitmata", "tee_synon2": null, "teeosa_synon2": null, "soidutee_synon2": 997, "soidutee_synon2_tekst": "Täitmata", "nimetus": null, "a_tasand": 0, "l_tasand": 0, "ads_oid": null, "ads_nimetus": null, "karto_nimi": null, "tahtsus": 997, "tahtsus_tekst": "Täitmata", "no_oid": null, "markused": null, "vajalik": 30, "vajalik_tekst": "Korras", "andmeallika_id": 222, "korgusallika_id": 222, "ruumikujuallika_id": 222, "muutmisaeg": "2022-05-17T16:14:51Z", "geom_muutmisaeg": "2022-05-17T16:33:23Z" }, "geometry": { "type": "LineString", "coordinates": [ [ 23.01008750326697, 58.402067524973859 ], [ 23.009965323585401, 58.402066605291928 ], [ 23.009851462284406, 58.4020600390675 ], [ 23.009526359854021, 58.402024241801513 ], [ 23.009470255758419, 58.402011343505791 ] ] } },
{ "type": "Feature", "properties": { "id": "e_501_tee_j.182381", "fid": 182381, "sys_id": 915615191, "etak_id": 4591753, "kood": 501, "kood_tekst": "Tee", "tyyp": 70, "tyyp_tekst": "Rada", "laius": 0, "teekate": 40, "teekate_tekst": "Pinnas", "liiklus": 10, "liiklus_tekst": "Kahesuunaline", "tee": null, "teeosa": null, "soidutee": 997, "soidutee_tekst": "Täitmata", "tee_synon": null, "teeosa_synon": null, "soidutee_synon": 997, "soidutee_synon_tekst": "Täitmata", "tee_synon2": null, "teeosa_synon2": null, "soidutee_synon2": 997, "soidutee_synon2_tekst": "Täitmata", "nimetus": null, "a_tasand": 0, "l_tasand": 0, "ads_oid": null, "ads_nimetus": null, "karto_nimi": null, "tahtsus": 997, "tahtsus_tekst": "Täitmata", "no_oid": null, "markused": null, "vajalik": 30, "vajalik_tekst": "Korras", "andmeallika_id": 222, "korgusallika_id": 222, "ruumikujuallika_id": 222, "muutmisaeg": "2022-11-29T14:43:58Z", "geom_muutmisaeg": "2022-11-29T14:45:17Z" }, "geometry": { "type": "LineString", "coordinates": [ [ 23.006186719296849, 58.368403423966086 ], [ 23.006172924054713, 58.36838356186427 ], [ 23.006101209602509, 58.368272278416271 ], [ 23.005840024076079, 58.368007695581369 ], [ 23.005722725987397, 58.367779782493912 ], [ 23.005542676778273, 58.367577330934303 ], [ 23.005392808669807, 58.367383375327272 ], [ 23.005309569449949, 58.367299128397278 ], [ 23.004942127755093, 58.367009462170792 ], [ 23.004717694487603, 58.366781431221263 ], [ 23.004569912661076, 58.366616745773825 ], [ 23.004530482252623, 58.366572807303328 ], [ 23.004395949210227, 58.366459425581795 ], [ 23.003974836076729, 58.366043814542621 ], [ 23.003900267419084, 58.365961376299175 ], [ 23.003703573041527, 58.365743940116758 ], [ 23.003549429821021, 58.365538634748731 ], [ 23.003437966427196, 58.365413399629432 ], [ 23.003136407903728, 58.365055190543224 ], [ 23.00299413784127, 58.364847193554937 ], [ 23.00291615891814, 58.364613658320778 ], [ 23.002938848737649, 58.36439751239773 ], [ 23.002949005037298, 58.364268027705521 ], [ 23.00308400989428, 58.363844714922109 ], [ 23.003100191717337, 58.363592789033113 ], [ 23.003063219105361, 58.363413809819605 ], [ 23.003031308223623, 58.36321356196725 ], [ 23.003101139431124, 58.363069924882055 ], [ 23.003101922854459, 58.3628948143729 ], [ 23.003126660853155, 58.362729418125284 ], [ 23.00317090050693, 58.362645384051987 ], [ 23.003327831223505, 58.362582990432188 ], [ 23.00350442065686, 58.362520265223871 ], [ 23.00355033544685, 58.362495400513907 ], [ 23.00365689980789, 58.362407372121716 ] ] } },
{ "type": "Feature", "properties": { "id": "e_501_tee_j.187626", "fid": 187626, "sys_id": 915620467, "etak_id": 4813411, "kood": 501, "kood_tekst": "Tee", "tyyp": 60, "tyyp_tekst": "Muu tee", "laius": 3, "teekate": 20, "teekate_tekst": "Kruuskate", "liiklus": 10, "liiklus_tekst": "Kahesuunaline", "tee": null, "teeosa": null, "soidutee": 997, "soidutee_tekst": "Täitmata", "tee_synon": null, "teeosa_synon": null, "soidutee_synon": 997, "soidutee_synon_tekst": "Täitmata", "tee_synon2": null, "teeosa_synon2": null, "soidutee_synon2": 997, "soidutee_synon2_tekst": "Täitmata", "nimetus": null, "a_tasand": 0, "l_tasand": 0, "ads_oid": null, "ads_nimetus": null, "karto_nimi": null, "tahtsus": 997, "tahtsus_tekst": "Täitmata", "no_oid": null, "markused": null, "vajalik": 30, "vajalik_tekst": "Korras", "andmeallika_id": 222, "korgusallika_id": 222, "ruumikujuallika_id": 222, "muutmisaeg": "2022-05-19T11:58:58Z", "geom_muutmisaeg": "2022-05-19T11:59:09Z" }, "geometry": { "type": "LineString", "coordinates": [ [ 23.006131939300953, 58.396106919323394 ], [ 23.006099710949282, 58.396167728463766 ], [ 23.00608021713855, 58.396230612137614 ] ] } },
{ "type": "Feature", "properties": { "id": "e_501_tee_j.188767", "fid": 188767, "sys_id": 915621605, "etak_id": 4807735, "kood": 501, "kood_tekst": "Tee", "tyyp": 70, "tyyp_tekst": "Rada", "laius": 0, "teekate": 40, "teekate_tekst": "Pinnas", "liiklus": 10, "liiklus_tekst": "Kahesuunaline", "tee": null, "teeosa": null, "soidutee": 997, "soidutee_tekst": "Täitmata", "tee_synon": null, "teeosa_synon": null, "soidutee_synon": 997, "soidutee_synon_tekst": "Täitmata", "tee_synon2": null, "teeosa_synon2": null, "soidutee_synon2": 997, "soidutee_synon2_tekst": "Täitmata", "nimetus": null, "a_tasand": 0, "l_tasand": 0, "ads_oid": null, "ads_nimetus": null, "karto_nimi": null, "tahtsus": 997, "tahtsus_tekst": "Täitmata", "no_oid": null, "markused": null, "vajalik": 30, "vajalik_tekst": "Korras", "andmeallika_id": 46, "korgusallika_id": 210, "ruumikujuallika_id": 23, "muutmisaeg": "2020-03-18T16:08:54Z", "geom_muutmisaeg": "2007-04-30T11:57:46Z" }, "geometry": { "type": "LineString", "coordinates": [ [ 23.019885670014791, 58.375413764068824 ], [ 23.019892123283999, 58.375396842581509 ], [ 23.019900898384087, 58.37536404541725 ], [ 23.020012846285923, 58.375155505614444 ], [ 23.020121228716711, 58.375038249653741 ], [ 23.020173911028483, 58.374889425676685 ], [ 23.020208218648296, 58.374774393743117 ], [ 23.020199865553256, 58.374410925222314 ], [ 23.020188661506456, 58.374205310245891 ] ] } },
{ "type": "Feature", "properties": { "id": "e_501_tee_j.189758", "fid": 189758, "sys_id": 915622595, "etak_id": 4862655, "kood": 501, "kood_tekst": "Tee", "tyyp": 60, "tyyp_tekst": "Muu tee", "laius": 3, "teekate": 20, "teekate_tekst": "Kruuskate", "liiklus": 10, "liiklus_tekst": "Kahesuunaline", "tee": 3860124.0, "teeosa": 1.0, "soidutee": 1, "soidutee_tekst": "Parempoolne või ainuke", "tee_synon": null, "teeosa_synon": null, "soidutee_synon": 997, "soidutee_synon_tekst": "Täitmata", "tee_synon2": null, "teeosa_synon2": null, "soidutee_synon2": 997, "soidutee_synon2_tekst": "Täitmata", "nimetus": "Vilbase tee", "a_tasand": 0, "l_tasand": 0, "ads_oid": null, "ads_nimetus": null, "karto_nimi": null, "tahtsus": 997, "tahtsus_tekst": "Täitmata", "no_oid": null, "markused": null, "vajalik": 30, "vajalik_tekst": "Korras", "andmeallika_id": 223, "korgusallika_id": 221, "ruumikujuallika_id": 223, "muutmisaeg": "2024-05-29T14:54:04Z", "geom_muutmisaeg": "2022-06-01T09:43:17Z" }, "geometry": { "type": "LineString", "coordinates": [ [ 23.011272474897485, 58.385226679880063 ], [ 23.010897611180813, 58.384998098228834 ], [ 23.010696924324591, 58.384875501625245 ], [ 23.010559822719788, 58.384793158074146 ], [ 23.010377748101135, 58.384709235712712 ], [ 23.010195797093711, 58.384624595691186 ], [ 23.009874834574362, 58.384475815474367 ], [ 23.009615130504731, 58.384374013772792 ] ] } },
{ "type": "Feature", "properties": { "id": "e_501_tee_j.190080", "fid": 190080, "sys_id": 915622919, "etak_id": 4823409, "kood": 501, "kood_tekst": "Tee", "tyyp": 70, "tyyp_tekst": "Rada", "laius": 0, "teekate": 40, "teekate_tekst": "Pinnas", "liiklus": 10, "liiklus_tekst": "Kahesuunaline", "tee": null, "teeosa": null, "soidutee": 997, "soidutee_tekst": "Täitmata", "tee_synon": null, "teeosa_synon": null, "soidutee_synon": 997, "soidutee_synon_tekst": "Täitmata", "tee_synon2": null, "teeosa_synon2": null, "soidutee_synon2": 997, "soidutee_synon2_tekst": "Täitmata", "nimetus": null, "a_tasand": 0, "l_tasand": 0, "ads_oid": null, "ads_nimetus": null, "karto_nimi": null, "tahtsus": 997, "tahtsus_tekst": "Täitmata", "no_oid": null, "markused": null, "vajalik": 30, "vajalik_tekst": "Korras", "andmeallika_id": 222, "korgusallika_id": 222, "ruumikujuallika_id": 222, "muutmisaeg": "2022-11-29T17:47:16Z", "geom_muutmisaeg": "2022-11-29T17:54:53Z" }, "geometry": { "type": "LineString", "coordinates": [ [ 23.016662583141738, 58.366977558530934 ], [ 23.016735989986493, 58.367087466027989 ], [ 23.016848009305949, 58.367194644823968 ], [ 23.017172566322493, 58.367567184756631 ], [ 23.017219918790442, 58.367621793817939 ], [ 23.017619499508641, 58.368031366435531 ], [ 23.017683321011599, 58.368088050581079 ], [ 23.017968743686509, 58.368341570716481 ], [ 23.018022244226572, 58.368389052227023 ], [ 23.018052740924663, 58.368416952309815 ], [ 23.018301828429429, 58.368597737487178 ], [ 23.018631504544953, 58.368793598532385 ], [ 23.018942920509691, 58.369062320756598 ], [ 23.018985985471485, 58.369111499560759 ] ] } },
{ "type": "Feature", "properties": { "id": "e_501_tee_j.190745", "fid": 190745, "sys_id": 915623583, "etak_id": 4853182, "kood": 501, "kood_tekst": "Tee", "tyyp": 60, "tyyp_tekst": "Muu tee", "laius": 3, "teekate": 40, "teekate_tekst": "Pinnas", "liiklus": 10, "liiklus_tekst": "Kahesuunaline", "tee": null, "teeosa": null, "soidutee": 997, "soidutee_tekst": "Täitmata", "tee_synon": null, "teeosa_synon": null, "soidutee_synon": 997, "soidutee_synon_tekst": "Täitmata", "tee_synon2": null, "teeosa_synon2": null, "soidutee_synon2": 997, "soidutee_synon2_tekst": "Täitmata", "nimetus": null, "a_tasand": 0, "l_tasand": 0, "ads_oid": null, "ads_nimetus": null, "karto_nimi": null, "tahtsus": 997, "tahtsus_tekst": "Täitmata", "no_oid": null, "markused": null, "vajalik": 30, "vajalik_tekst": "Korras", "andmeallika_id": 222, "korgusallika_id": 222, "ruumikujuallika_id": 222, "muutmisaeg": "2022-05-05T13:22:59Z", "geom_muutmisaeg": "2022-05-05T13:27:19Z" }, "geometry": { "type": "LineString", "coordinates": [ [ 22.992981897332349, 58.36405808724129 ], [ 22.993228584950369, 58.363906978774921 ], [ 22.993440752168084, 58.363823536043711 ], [ 22.993559472932102, 58.36374706050951 ], [ 22.993700586507796, 58.363637959534593 ], [ 22.993784476078293, 58.363590419288265 ], [ 22.99394696200288, 58.36352750615287 ] ] } },
{ "type": "Feature", "properties": { "id": "e_501_tee_j.191138", "fid": 191138, "sys_id": 915623975, "etak_id": 4825698, "kood": 501, "kood_tekst": "Tee", "tyyp": 70, "tyyp_tekst": "Rada", "laius": 0, "teekate": 40, "teekate_tekst": "Pinnas", "liiklus": 10, "liiklus_tekst": "Kahesuunaline", "tee": null, "teeosa": null, "soidutee": 997, "soidutee_tekst": "Täitmata", "tee_synon": null, "teeosa_synon": null, "soidutee_synon": 997, "soidutee_synon_tekst": "Täitmata", "tee_synon2": null, "teeosa_synon2": null, "soidutee_synon2": 997, "soidutee_synon2_tekst": "Täitmata", "nimetus": null, "a_tasand": 0, "l_tasand": 0, "ads_oid": null, "ads_nimetus": null, "karto_nimi": null, "tahtsus": 997, "tahtsus_tekst": "Täitmata", "no_oid": null, "markused": null, "vajalik": 30, "vajalik_tekst": "Korras", "andmeallika_id": 46, "korgusallika_id": 210, "ruumikujuallika_id": 147, "muutmisaeg": "2020-02-10T14:30:06Z", "geom_muutmisaeg": "2015-05-19T12:28:08Z" }, "geometry": { "type": "LineString", "coordinates": [ [ 23.010660014487421, 58.38799098307944 ], [ 23.010614506452271, 58.387980277334847 ], [ 23.010341423208818, 58.387912441515624 ], [ 23.010001892177282, 58.38788055538059 ], [ 23.009740831439338, 58.387842524252086 ] ] } },
{ "type": "Feature", "properties": { "id": "e_501_tee_j.192222", "fid": 192222, "sys_id": 915625064, "etak_id": 5050612, "kood": 501, "kood_tekst": "Tee", "tyyp": 60, "tyyp_tekst": "Muu tee", "laius": 3, "teekate": 20, "teekate_tekst": "Kruuskate", "liiklus": 10, "liiklus_tekst": "Kahesuunaline", "tee": 3860124.0, "teeosa": 1.0, "soidutee": 1, "soidutee_tekst": "Parempoolne või ainuke", "tee_synon": null, "teeosa_synon": null, "soidutee_synon": 997, "soidutee_synon_tekst": "Täitmata", "tee_synon2": null, "teeosa_synon2": null, "soidutee_synon2": 997, "soidutee_synon2_tekst": "Täitmata", "nimetus": "Vilbase tee", "a_tasand": 0, "l_tasand": 0, "ads_oid": null, "ads_nimetus": null, "karto_nimi": null, "tahtsus": 997, "tahtsus_tekst": "Täitmata", "no_oid": null, "markused": null, "vajalik": 30, "vajalik_tekst": "Korras", "andmeallika_id": 215, "korgusallika_id": 210, "ruumikujuallika_id": 58, "muutmisaeg": "2019-07-23T15:00:08Z", "geom_muutmisaeg": "2015-05-19T12:28:08Z" }, "geometry": { "type": "LineString", "coordinates": [ [ 23.004647983452035, 58.383190846791059 ], [ 23.004532983170659, 58.383194709504643 ], [ 23.004216437572094, 58.383195797497379 ], [ 23.003630179123508, 58.383197815723022 ] ] } },
{ "type": "Feature", "properties": { "id": "e_501_tee_j.192525", "fid": 192525, "sys_id": 915625368, "etak_id": 4966983, "kood": 501, "kood_tekst": "Tee", "tyyp": 60, "tyyp_tekst": "Muu tee", "laius": 3, "teekate": 20, "teekate_tekst": "Kruuskate", "liiklus": 10, "liiklus_tekst": "Kahesuunaline", "tee": 3860124.0, "teeosa": 1.0, "soidutee": 1, "soidutee_tekst": "Parempoolne või ainuke", "tee_synon": null, "teeosa_synon": null, "soidutee_synon": 997, "soidutee_synon_tekst": "Täitmata", "tee_synon2": null, "teeosa_synon2": null, "soidutee_synon2": 997, "soidutee_synon2_tekst": "Täitmata", "nimetus": "Vilbase tee", "a_tasand": 0, "l_tasand": 0, "ads_oid": null, "ads_nimetus": null, "karto_nimi": null, "tahtsus": 997, "tahtsus_tekst": "Täitmata", "no_oid": null, "markused": null, "vajalik": 30, "vajalik_tekst": "Korras", "andmeallika_id": 223, "korgusallika_id": 221, "ruumikujuallika_id": 223, "muutmisaeg": "2024-05-29T14:54:17Z", "geom_muutmisaeg": "2022-06-01T11:43:46Z" }, "geometry": { "type": "LineString", "coordinates": [ [ 23.009615130504731, 58.384374013772792 ], [ 23.009434494057814, 58.384307808546595 ], [ 23.009207869624166, 58.384220818166561 ], [ 23.00904636500702, 58.384154671010549 ], [ 23.008752417876256, 58.384035316469451 ], [ 23.008638491415081, 58.384000337389395 ], [ 23.008466659713608, 58.383959179789606 ], [ 23.008205730598672, 58.383909060029289 ], [ 23.008044051949696, 58.383867423979353 ], [ 23.007825811384883, 58.383784680614575 ], [ 23.007636541005052, 58.38372051587374 ], [ 23.007493350355499, 58.38366476349119 ], [ 23.007254071479824, 58.383567865721226 ], [ 23.007134946793617, 58.383525131563388 ], [ 23.006971553427139, 58.383480140463654 ], [ 23.006791760127445, 58.383439547223951 ], [ 23.006566839299236, 58.383395028888479 ], [ 23.006400266814726, 58.383366417680541 ], [ 23.00623570030341, 58.38334731308899 ], [ 23.006044224276057, 58.383319692901956 ], [ 23.005776332917375, 58.383274838709347 ], [ 23.005567108365828, 58.383235199875344 ], [ 23.005434333503839, 58.383211591692017 ], [ 23.005224573022343, 58.383190957511964 ], [ 23.004987233015694, 58.383185543698822 ], [ 23.004647983452035, 58.383190846791059 ] ] } },
{ "type": "Feature", "properties": { "id": "e_501_tee_j.192670", "fid": 192670, "sys_id": 915625513, "etak_id": 4999767, "kood": 501, "kood_tekst": "Tee", "tyyp": 60, "tyyp_tekst": "Muu tee", "laius": 4, "teekate": 20, "teekate_tekst": "Kruuskate", "liiklus": 10, "liiklus_tekst": "Kahesuunaline", "tee": 3860123.0, "teeosa": 1.0, "soidutee": 1, "soidutee_tekst": "Parempoolne või ainuke", "tee_synon": null, "teeosa_synon": null, "soidutee_synon": 997, "soidutee_synon_tekst": "Täitmata", "tee_synon2": null, "teeosa_synon2": null, "soidutee_synon2": 997, "soidutee_synon2_tekst": "Täitmata", "nimetus": "Peetri tee", "a_tasand": 0, "l_tasand": 0, "ads_oid": null, "ads_nimetus": null, "karto_nimi": null, "tahtsus": 997, "tahtsus_tekst": "Täitmata", "no_oid": null, "markused": null, "vajalik": 30, "vajalik_tekst": "Korras", "andmeallika_id": 215, "korgusallika_id": 210, "ruumikujuallika_id": 147, "muutmisaeg": "2019-08-02T13:10:07Z", "geom_muutmisaeg": "2015-05-19T12:28:08Z" }, "geometry": { "type": "LineString", "coordinates": [ [ 23.021893897523253, 58.377912544752832 ], [ 23.021605353140821, 58.378122822028047 ], [ 23.021442707837245, 58.378243793932512 ] ] } },
{ "type": "Feature", "properties": { "id": "e_501_tee_j.192694", "fid": 192694, "sys_id": 915625537, "etak_id": 5021334, "kood": 501, "kood_tekst": "Tee", "tyyp": 70, "tyyp_tekst": "Rada", "laius": 0, "teekate": 40, "teekate_tekst": "Pinnas", "liiklus": 10, "liiklus_tekst": "Kahesuunaline", "tee": null, "teeosa": null, "soidutee": 997, "soidutee_tekst": "Täitmata", "tee_synon": null, "teeosa_synon": null, "soidutee_synon": 997, "soidutee_synon_tekst": "Täitmata", "tee_synon2": null, "teeosa_synon2": null, "soidutee_synon2": 997, "soidutee_synon2_tekst": "Täitmata", "nimetus": null, "a_tasand": 0, "l_tasand": 0, "ads_oid": null, "ads_nimetus": null, "karto_nimi": null, "tahtsus": 997, "tahtsus_tekst": "Täitmata", "no_oid": null, "markused": null, "vajalik": 30, "vajalik_tekst": "Korras", "andmeallika_id": 58, "korgusallika_id": 221, "ruumikujuallika_id": 58, "muutmisaeg": "2024-05-29T14:22:04Z", "geom_muutmisaeg": "2022-11-30T11:25:36Z" }, "geometry": { "type": "LineString", "coordinates": [ [ 22.992323573234692, 58.373351628484308 ], [ 22.99248632804575, 58.373588236994387 ], [ 22.992695808039187, 58.373841852825009 ], [ 22.992815474558185, 58.374101880488276 ], [ 22.992942322430249, 58.374396571398186 ], [ 22.993063914471882, 58.374681460065865 ], [ 22.99324384986118, 58.374856164104493 ], [ 22.993288770544531, 58.374899817125389 ], [ 22.99354412888918, 58.375157474735438 ], [ 22.993666070591434, 58.375388488929865 ], [ 22.993686292822439, 58.375488400807484 ], [ 22.993754615636838, 58.375578733585613 ], [ 22.993900418001736, 58.375771593406739 ], [ 22.994372695971094, 58.376169044017161 ], [ 22.994420219616437, 58.376209044526803 ] ] } },
{ "type": "Feature", "properties": { "id": "e_501_tee_j.193513", "fid": 193513, "sys_id": 915626359, "etak_id": 4939900, "kood": 501, "kood_tekst": "Tee", "tyyp": 60, "tyyp_tekst": "Muu tee", "laius": 3, "teekate": 40, "teekate_tekst": "Pinnas", "liiklus": 10, "liiklus_tekst": "Kahesuunaline", "tee": null, "teeosa": null, "soidutee": 997, "soidutee_tekst": "Täitmata", "tee_synon": null, "teeosa_synon": null, "soidutee_synon": 997, "soidutee_synon_tekst": "Täitmata", "tee_synon2": null, "teeosa_synon2": null, "soidutee_synon2": 997, "soidutee_synon2_tekst": "Täitmata", "nimetus": null, "a_tasand": 0, "l_tasand": 0, "ads_oid": null, "ads_nimetus": null, "karto_nimi": null, "tahtsus": 997, "tahtsus_tekst": "Täitmata", "no_oid": null, "markused": null, "vajalik": 30, "vajalik_tekst": "Korras", "andmeallika_id": 230, "korgusallika_id": 230, "ruumikujuallika_id": 230, "muutmisaeg": "2024-04-03T16:06:15Z", "geom_muutmisaeg": "2024-04-03T16:10:01Z" }, "geometry": { "type": "LineString", "coordinates": [ [ 23.008893439989876, 58.389744278724343 ], [ 23.008950296015943, 58.389754669043086 ], [ 23.009013548975958, 58.389766222410934 ], [ 23.009068030143155, 58.389759524430076 ], [ 23.009168750830593, 58.38971753694392 ], [ 23.009348441244761, 58.389602521900613 ], [ 23.009570773864759, 58.389418929435031 ], [ 23.009729179039851, 58.389256229895153 ], [ 23.009941595603131, 58.389103449031829 ], [ 23.010047627857308, 58.389032992484324 ], [ 23.010116683321016, 58.388990767828197 ], [ 23.01018160538186, 58.388974533373407 ] ] } },
{ "type": "Feature", "properties": { "id": "e_501_tee_j.194313", "fid": 194313, "sys_id": 915627156, "etak_id": 4898374, "kood": 501, "kood_tekst": "Tee", "tyyp": 70, "tyyp_tekst": "Rada", "laius": 0, "teekate": 40, "teekate_tekst": "Pinnas", "liiklus": 10, "liiklus_tekst": "Kahesuunaline", "tee": null, "teeosa": null, "soidutee": 997, "soidutee_tekst": "Täitmata", "tee_synon": null, "teeosa_synon": null, "soidutee_synon": 997, "soidutee_synon_tekst": "Täitmata", "tee_synon2": null, "teeosa_synon2": null, "soidutee_synon2": 997, "soidutee_synon2_tekst": "Täitmata", "nimetus": null, "a_tasand": 0, "l_tasand": 0, "ads_oid": null, "ads_nimetus": null, "karto_nimi": null, "tahtsus": 997, "tahtsus_tekst": "Täitmata", "no_oid": null, "markused": null, "vajalik": 30, "vajalik_tekst": "Korras", "andmeallika_id": 46, "korgusallika_id": 210, "ruumikujuallika_id": 23, "muutmisaeg": "2020-03-02T10:21:41Z", "geom_muutmisaeg": "2020-03-05T02:13:04Z" }, "geometry": { "type": "LineString", "coordinates": [ [ 23.019849802751651, 58.370152918916929 ], [ 23.019923368261392, 58.370260787329372 ], [ 23.019966018016209, 58.370318852177128 ], [ 23.020043187720795, 58.370536826415602 ], [ 23.020258133432801, 58.371092063996755 ], [ 23.020466075635053, 58.37151828555799 ], [ 23.020533748552779, 58.371639712120114 ], [ 23.020557239656394, 58.371681861964781 ], [ 23.020603635820596, 58.371765115535638 ], [ 23.020760619679191, 58.371983441135555 ], [ 23.020825619214332, 58.372073823265879 ], [ 23.021004517086681, 58.372309377431527 ] ] } },
{ "type": "Feature", "properties": { "id": "e_501_tee_j.194531", "fid": 194531, "sys_id": 915627375, "etak_id": 4955867, "kood": 501, "kood_tekst": "Tee", "tyyp": 70, "tyyp_tekst": "Rada", "laius": 0, "teekate": 40, "teekate_tekst": "Pinnas", "liiklus": 10, "liiklus_tekst": "Kahesuunaline", "tee": null, "teeosa": null, "soidutee": 997, "soidutee_tekst": "Täitmata", "tee_synon": null, "teeosa_synon": null, "soidutee_synon": 997, "soidutee_synon_tekst": "Täitmata", "tee_synon2": null, "teeosa_synon2": null, "soidutee_synon2": 997, "soidutee_synon2_tekst": "Täitmata", "nimetus": null, "a_tasand": 0, "l_tasand": 0, "ads_oid": null, "ads_nimetus": null, "karto_nimi": null, "tahtsus": 997, "tahtsus_tekst": "Täitmata", "no_oid": null, "markused": null, "vajalik": 30, "vajalik_tekst": "Korras", "andmeallika_id": 223, "korgusallika_id": 221, "ruumikujuallika_id": 223, "muutmisaeg": "2024-05-29T14:53:26Z", "geom_muutmisaeg": "2022-05-31T06:30:00Z" }, "geometry": { "type": "LineString", "coordinates": [ [ 23.008626983558312, 58.404602871117298 ], [ 23.008674899548321, 58.404616289889546 ], [ 23.008950497367646, 58.404693486265067 ], [ 23.009137740287166, 58.404731053379095 ], [ 23.009446778355997, 58.404815170663923 ], [ 23.00968075391555, 58.40486450303289 ], [ 23.009734723363295, 58.40487560673818 ], [ 23.009795972820054, 58.404888203533673 ], [ 23.010234691889238, 58.404964281479018 ], [ 23.010462514260375, 58.405007404887293 ], [ 23.010975213633774, 58.405060787561702 ], [ 23.011069228761436, 58.405065322430012 ], [ 23.011216911990854, 58.405067354215504 ] ] } },
{ "type": "Feature", "properties": { "id": "e_501_tee_j.195055", "fid": 195055, "sys_id": 915627901, "etak_id": 4959337, "kood": 501, "kood_tekst": "Tee", "tyyp": 60, "tyyp_tekst": "Muu tee", "laius": 4, "teekate": 20, "teekate_tekst": "Kruuskate", "liiklus": 10, "liiklus_tekst": "Kahesuunaline", "tee": 3860111.0, "teeosa": 1.0, "soidutee": 1, "soidutee_tekst": "Parempoolne või ainuke", "tee_synon": null, "teeosa_synon": null, "soidutee_synon": 997, "soidutee_synon_tekst": "Täitmata", "tee_synon2": null, "teeosa_synon2": null, "soidutee_synon2": 997, "soidutee_synon2_tekst": "Täitmata", "nimetus": "Punapea tee", "a_tasand": 0, "l_tasand": 0, "ads_oid": null, "ads_nimetus": null, "karto_nimi": null, "tahtsus": 997, "tahtsus_tekst": "Täitmata", "no_oid": null, "markused": null, "vajalik": 30, "vajalik_tekst": "Korras", "andmeallika_id": 222, "korgusallika_id": 222, "ruumikujuallika_id": 222, "muutmisaeg": "2022-11-29T14:20:22Z", "geom_muutmisaeg": "2022-11-29T14:23:15Z" }, "geometry": { "type": "LineString", "coordinates": [ [ 22.990368999069791, 58.373151757798745 ], [ 22.990449482042251, 58.373148901242665 ], [ 22.99049145535373, 58.373152052683821 ], [ 22.990693219217288, 58.37316964028664 ], [ 22.991527402629195, 58.373260863463663 ], [ 22.992323573234692, 58.373351628484308 ] ] } },
{ "type": "Feature", "properties": { "id": "e_501_tee_j.195698", "fid": 195698, "sys_id": 915628548, "etak_id": 5008878, "kood": 501, "kood_tekst": "Tee", "tyyp": 60, "tyyp_tekst": "Muu tee", "laius": 3, "teekate": 40, "teekate_tekst": "Pinnas", "liiklus": 10, "liiklus_tekst": "Kahesuunaline", "tee": null, "teeosa": null, "soidutee": 997, "soidutee_tekst": "Täitmata", "tee_synon": null, "teeosa_synon": null, "soidutee_synon": 997, "soidutee_synon_tekst": "Täitmata", "tee_synon2": null, "teeosa_synon2": null, "soidutee_synon2": 997, "soidutee_synon2_tekst": "Täitmata", "nimetus": null, "a_tasand": 0, "l_tasand": 0, "ads_oid": null, "ads_nimetus": null, "karto_nimi": null, "tahtsus": 997, "tahtsus_tekst": "Täitmata", "no_oid": null, "markused": null, "vajalik": 30, "vajalik_tekst": "Korras", "andmeallika_id": 222, "korgusallika_id": 222, "ruumikujuallika_id": 222, "muutmisaeg": "2022-06-08T14:06:09Z", "geom_muutmisaeg": "2022-06-08T14:08:05Z" }, "geometry": { "type": "LineString", "coordinates": [ [ 23.015915017998942, 58.366212814395674 ], [ 23.015654127616418, 58.366160141053101 ], [ 23.015399793630927, 58.366103414162204 ], [ 23.015158039377646, 58.366057020326075 ], [ 23.014841897528708, 58.366007025870054 ], [ 23.014663240448428, 58.365980621298867 ], [ 23.014456418557089, 58.365953110057355 ], [ 23.01420173886325, 58.365918638003954 ], [ 23.01398625119997, 58.365866177163142 ], [ 23.013739489196865, 58.36577230377884 ], [ 23.013398107275883, 58.365685250261585 ], [ 23.013040588754151, 58.365633225389594 ], [ 23.012848160991659, 58.365615385872616 ], [ 23.012571608701581, 58.365597505914309 ], [ 23.012365096673996, 58.365563950515259 ], [ 23.012165362278218, 58.365508079547574 ], [ 23.011923142406946, 58.36547431891055 ], [ 23.011605775860378, 58.365422636713319 ], [ 23.011281779481692, 58.365325287006122 ], [ 23.010993169500743, 58.365195229308632 ], [ 23.01080306745331, 58.365086120097111 ], [ 23.010668326978777, 58.365008230079944 ], [ 23.010542565255601, 58.364943483529217 ], [ 23.010355380341917, 58.364850469373486 ], [ 23.010150090472393, 58.364782142583692 ], [ 23.010004829443382, 58.364755855707394 ], [ 23.009775733943954, 58.364731441518963 ], [ 23.009632954053352, 58.364701402114115 ], [ 23.009422103089598, 58.364624303003922 ], [ 23.008898868866087, 58.364420251890799 ], [ 23.008549537716597, 58.364321441270583 ], [ 23.008339104028465, 58.364263685219193 ] ] } },
{ "type": "Feature", "properties": { "id": "e_501_tee_j.196261", "fid": 196261, "sys_id": 915629110, "etak_id": 5024957, "kood": 501, "kood_tekst": "Tee", "tyyp": 60, "tyyp_tekst": "Muu tee", "laius": 3, "teekate": 20, "teekate_tekst": "Kruuskate", "liiklus": 10, "liiklus_tekst": "Kahesuunaline", "tee": 3860124.0, "teeosa": 1.0, "soidutee": 1, "soidutee_tekst": "Parempoolne või ainuke", "tee_synon": null, "teeosa_synon": null, "soidutee_synon": 997, "soidutee_synon_tekst": "Täitmata", "tee_synon2": null, "teeosa_synon2": null, "soidutee_synon2": 997, "soidutee_synon2_tekst": "Täitmata", "nimetus": "Vilbase tee", "a_tasand": 0, "l_tasand": 0, "ads_oid": null, "ads_nimetus": null, "karto_nimi": null, "tahtsus": 997, "tahtsus_tekst": "Täitmata", "no_oid": null, "markused": null, "vajalik": 30, "vajalik_tekst": "Korras", "andmeallika_id": 46, "korgusallika_id": 999, "ruumikujuallika_id": 46, "muutmisaeg": "2024-12-09T15:09:57Z", "geom_muutmisaeg": "2024-12-09T15:15:41Z" }, "geometry": { "type": "LineString", "coordinates": [ [ 23.012013182986834, 58.386414350885062 ], [ 23.012014063150776, 58.386348224508772 ], [ 23.011919523333283, 58.386165463006876 ], [ 23.011769118359872, 58.385892726716627 ], [ 23.01144164641936, 58.385391593911208 ], [ 23.011367454073774, 58.385307681905402 ], [ 23.011272474897485, 58.385226679880063 ] ] } },
{ "type": "Feature", "properties": { "id": "e_501_tee_j.196647", "fid": 196647, "sys_id": 915629496, "etak_id": 4980600, "kood": 501, "kood_tekst": "Tee", "tyyp": 70, "tyyp_tekst": "Rada", "laius": 0, "teekate": 40, "teekate_tekst": "Pinnas", "liiklus": 10, "liiklus_tekst": "Kahesuunaline", "tee": null, "teeosa": null, "soidutee": 997, "soidutee_tekst": "Täitmata", "tee_synon": null, "teeosa_synon": null, "soidutee_synon": 997, "soidutee_synon_tekst": "Täitmata", "tee_synon2": null, "teeosa_synon2": null, "soidutee_synon2": 997, "soidutee_synon2_tekst": "Täitmata", "nimetus": null, "a_tasand": 0, "l_tasand": 0, "ads_oid": null, "ads_nimetus": null, "karto_nimi": null, "tahtsus": 997, "tahtsus_tekst": "Täitmata", "no_oid": null, "markused": null, "vajalik": 30, "vajalik_tekst": "Korras", "andmeallika_id": 222, "korgusallika_id": 222, "ruumikujuallika_id": 222, "muutmisaeg": "2022-11-29T14:56:14Z", "geom_muutmisaeg": "2022-11-29T14:58:18Z" }, "geometry": { "type": "LineString", "coordinates": [ [ 23.004313168138076, 58.362457651034916 ], [ 23.004329754189317, 58.362457232681798 ], [ 23.004487011087463, 58.362449129755447 ], [ 23.004811383705064, 58.362410533698004 ], [ 23.005032097172396, 58.36233960204428 ], [ 23.005115692242363, 58.362241300539445 ], [ 23.005225217792905, 58.362116595085574 ], [ 23.005263661886886, 58.362093620076898 ], [ 23.005311233626852, 58.362075367531027 ], [ 23.005496465126448, 58.362032542491328 ], [ 23.005662158411393, 58.361991809822761 ], [ 23.005781831543977, 58.36195915012874 ], [ 23.006060531725641, 58.361849446349964 ], [ 23.006298416605357, 58.361744982455704 ], [ 23.006582146659404, 58.361668881769205 ], [ 23.006800122381154, 58.361628114593422 ], [ 23.007111532762217, 58.361545861747331 ], [ 23.007382274148743, 58.361469748054596 ], [ 23.007495473311749, 58.361430230034181 ], [ 23.007825659004563, 58.361360692652084 ], [ 23.008064378484267, 58.361341626207498 ], [ 23.008298919313152, 58.361333822946385 ], [ 23.008695298168767, 58.361337063939708 ] ] } },
{ "type": "Feature", "properties": { "id": "e_501_tee_j.196835", "fid": 196835, "sys_id": 915629686, "etak_id": 5047954, "kood": 501, "kood_tekst": "Tee", "tyyp": 60, "tyyp_tekst": "Muu tee", "laius": 3, "teekate": 40, "teekate_tekst": "Pinnas", "liiklus": 10, "liiklus_tekst": "Kahesuunaline", "tee": null, "teeosa": null, "soidutee": 997, "soidutee_tekst": "Täitmata", "tee_synon": null, "teeosa_synon": null, "soidutee_synon": 997, "soidutee_synon_tekst": "Täitmata", "tee_synon2": null, "teeosa_synon2": null, "soidutee_synon2": 997, "soidutee_synon2_tekst": "Täitmata", "nimetus": null, "a_tasand": 0, "l_tasand": 0, "ads_oid": null, "ads_nimetus": null, "karto_nimi": null, "tahtsus": 997, "tahtsus_tekst": "Täitmata", "no_oid": null, "markused": null, "vajalik": 30, "vajalik_tekst": "Korras", "andmeallika_id": 222, "korgusallika_id": 222, "ruumikujuallika_id": 222, "muutmisaeg": "2022-12-05T10:39:35Z", "geom_muutmisaeg": "2022-12-05T10:40:22Z" }, "geometry": { "type": "LineString", "coordinates": [ [ 23.030809809539843, 58.36340579908795 ], [ 23.030791004141449, 58.363353324553259 ], [ 23.030691635686061, 58.363269681435568 ], [ 23.030558444245973, 58.363148436161069 ], [ 23.030422772106352, 58.362980748576263 ], [ 23.030269704407413, 58.362793272837223 ], [ 23.030206093209586, 58.362722974946209 ], [ 23.030113839679409, 58.362590142568763 ], [ 23.029962025214701, 58.362344211298371 ], [ 23.02986360137697, 58.362201589212646 ], [ 23.029839663160168, 58.362152541538485 ], [ 23.029830768610623, 58.362134263771708 ] ] } },
{ "type": "Feature", "properties": { "id": "e_501_tee_j.197322", "fid": 197322, "sys_id": 915630173, "etak_id": 5030421, "kood": 501, "kood_tekst": "Tee", "tyyp": 70, "tyyp_tekst": "Rada", "laius": 0, "teekate": 40, "teekate_tekst": "Pinnas", "liiklus": 10, "liiklus_tekst": "Kahesuunaline", "tee": null, "teeosa": null, "soidutee": 997, "soidutee_tekst": "Täitmata", "tee_synon": null, "teeosa_synon": null, "soidutee_synon": 997, "soidutee_synon_tekst": "Täitmata", "tee_synon2": null, "teeosa_synon2": null, "soidutee_synon2": 997, "soidutee_synon2_tekst": "Täitmata", "nimetus": null, "a_tasand": 0, "l_tasand": 0, "ads_oid": null, "ads_nimetus": null, "karto_nimi": null, "tahtsus": 997, "tahtsus_tekst": "Täitmata", "no_oid": null, "markused": null, "vajalik": 30, "vajalik_tekst": "Korras", "andmeallika_id": 222, "korgusallika_id": 222, "ruumikujuallika_id": 222, "muutmisaeg": "2022-11-30T11:17:59Z", "geom_muutmisaeg": "2022-11-30T11:25:36Z" }, "geometry": { "type": "LineString", "coordinates": [ [ 22.994457103491168, 58.376795556973001 ], [ 22.994457195851918, 58.376883960168094 ], [ 22.994463127440902, 58.37693786548914 ], [ 22.994507264963431, 58.377339144517492 ], [ 22.994528582438935, 58.377533178223665 ], [ 22.99453190615321, 58.378554802786709 ], [ 22.994577717980658, 58.379105970511979 ], [ 22.994639438965837, 58.379974317987475 ], [ 22.994679878097955, 58.380474251591352 ] ] } },
{ "type": "Feature", "properties": { "id": "e_501_tee_j.197825", "fid": 197825, "sys_id": 915630677, "etak_id": 5032582, "kood": 501, "kood_tekst": "Tee", "tyyp": 60, "tyyp_tekst": "Muu tee", "laius": 3, "teekate": 40, "teekate_tekst": "Pinnas", "liiklus": 10, "liiklus_tekst": "Kahesuunaline", "tee": null, "teeosa": null, "soidutee": 997, "soidutee_tekst": "Täitmata", "tee_synon": null, "teeosa_synon": null, "soidutee_synon": 997, "soidutee_synon_tekst": "Täitmata", "tee_synon2": null, "teeosa_synon2": null, "soidutee_synon2": 997, "soidutee_synon2_tekst": "Täitmata", "nimetus": null, "a_tasand": 0, "l_tasand": 0, "ads_oid": null, "ads_nimetus": null, "karto_nimi": null, "tahtsus": 997, "tahtsus_tekst": "Täitmata", "no_oid": null, "markused": null, "vajalik": 30, "vajalik_tekst": "Korras", "andmeallika_id": 222, "korgusallika_id": 222, "ruumikujuallika_id": 222, "muutmisaeg": "2022-12-05T10:55:16Z", "geom_muutmisaeg": "2022-12-05T10:55:38Z" }, "geometry": { "type": "LineString", "coordinates": [ [ 23.035414696160629, 58.36183330638351 ], [ 23.035674744172187, 58.361696172279828 ], [ 23.035922232612403, 58.36153714091359 ], [ 23.036225934855892, 58.361353023242238 ], [ 23.036408560048503, 58.361278975615043 ], [ 23.036642468823182, 58.36120710173298 ], [ 23.036764210015669, 58.361174491694449 ], [ 23.036990444483987, 58.361121424886775 ], [ 23.037138232101693, 58.361081019402178 ], [ 23.037760758836491, 58.360969108573997 ], [ 23.038615362821439, 58.360817620173997 ], [ 23.039080318800764, 58.360734372262066 ], [ 23.039585014161563, 58.360547027816018 ], [ 23.039831469752944, 58.360418690651798 ], [ 23.040156018180301, 58.360220847582369 ], [ 23.040268359864257, 58.360119049514935 ], [ 23.040318914939096, 58.360011776277766 ], [ 23.040323894551676, 58.359943714347402 ], [ 23.040304540044598, 58.359883972874059 ], [ 23.040248807250133, 58.359806160760478 ], [ 23.040131710275809, 58.359686079257223 ], [ 23.040069260451464, 58.359621559850851 ], [ 23.04003387694377, 58.359562577740412 ], [ 23.040020599664352, 58.359516225242395 ], [ 23.040026505235179, 58.359470017038653 ], [ 23.040038968783357, 58.359417635474919 ], [ 23.040066040281829, 58.359356465253924 ] ] } },
{ "type": "Feature", "properties": { "id": "e_501_tee_j.198455", "fid": 198455, "sys_id": 915631314, "etak_id": 4921303, "kood": 501, "kood_tekst": "Tee", "tyyp": 70, "tyyp_tekst": "Rada", "laius": 0, "teekate": 40, "teekate_tekst": "Pinnas", "liiklus": 10, "liiklus_tekst": "Kahesuunaline", "tee": null, "teeosa": null, "soidutee": 997, "soidutee_tekst": "Täitmata", "tee_synon": null, "teeosa_synon": null, "soidutee_synon": 997, "soidutee_synon_tekst": "Täitmata", "tee_synon2": null, "teeosa_synon2": null, "soidutee_synon2": 997, "soidutee_synon2_tekst": "Täitmata", "nimetus": null, "a_tasand": 0, "l_tasand": 0, "ads_oid": null, "ads_nimetus": null, "karto_nimi": null, "tahtsus": 997, "tahtsus_tekst": "Täitmata", "no_oid": null, "markused": null, "vajalik": 30, "vajalik_tekst": "Korras", "andmeallika_id": 46, "korgusallika_id": 210, "ruumikujuallika_id": 147, "muutmisaeg": "2020-03-10T16:15:54Z", "geom_muutmisaeg": "2015-05-19T12:28:08Z" }, "geometry": { "type": "LineString", "coordinates": [ [ 23.029164322716767, 58.391405409720598 ], [ 23.029509916035121, 58.391170083094522 ], [ 23.030054556714397, 58.39082914353672 ], [ 23.030810096559474, 58.390398931121091 ], [ 23.031682965222778, 58.389929915161041 ], [ 23.031748693658884, 58.389871598705952 ], [ 23.031870840192536, 58.389614637746384 ], [ 23.032120203792505, 58.389364028346485 ], [ 23.032260359585742, 58.38915470424363 ], [ 23.032318843586587, 58.388998996515845 ], [ 23.032323335873805, 58.38894129335727 ], [ 23.032248670655225, 58.388696399664532 ], [ 23.03231226327545, 58.388504094915071 ], [ 23.032320340969648, 58.388210082530371 ], [ 23.032284863373675, 58.387964129844143 ], [ 23.032253147711099, 58.387624838397571 ], [ 23.032262738445169, 58.387281989813076 ], [ 23.032233146433537, 58.386896551605744 ], [ 23.0322396354128, 58.386815957257035 ], [ 23.032305853683056, 58.386229218656489 ], [ 23.032351606730721, 58.38580231897636 ], [ 23.03255823125739, 58.385494985778422 ], [ 23.032572295162254, 58.385474098597157 ], [ 23.032792888556298, 58.385311088148654 ], [ 23.033226055823778, 58.384940638491997 ], [ 23.033560626490122, 58.384586520066918 ], [ 23.033696517721154, 58.384431927284375 ], [ 23.033818063207598, 58.384083469509726 ], [ 23.03376223318023, 58.383986510170722 ], [ 23.033653556122577, 58.383797938734631 ], [ 23.03365282104793, 58.383619064590874 ], [ 23.033687999406464, 58.383470991969787 ], [ 23.03359495086557, 58.383322927817879 ], [ 23.033419795135174, 58.383139061087235 ], [ 23.033347825800309, 58.382911356817019 ], [ 23.033255841847065, 58.382621812863952 ], [ 23.033148318484248, 58.382421980578968 ], [ 23.033143411776358, 58.3821584893495 ], [ 23.033159414830799, 58.381843255790073 ], [ 23.033181162161981, 58.381711154633621 ], [ 23.033325922905643, 58.381270367803801 ] ] } },
{ "type": "Feature", "properties": { "id": "e_501_tee_j.198866", "fid": 198866, "sys_id": 915631727, "etak_id": 5059216, "kood": 501, "kood_tekst": "Tee", "tyyp": 60, "tyyp_tekst": "Muu tee", "laius": 4, "teekate": 20, "teekate_tekst": "Kruuskate", "liiklus": 10, "liiklus_tekst": "Kahesuunaline", "tee": 3860006.0, "teeosa": 1.0, "soidutee": 1, "soidutee_tekst": "Parempoolne või ainuke", "tee_synon": null, "teeosa_synon": null, "soidutee_synon": 997, "soidutee_synon_tekst": "Täitmata", "tee_synon2": null, "teeosa_synon2": null, "soidutee_synon2": 997, "soidutee_synon2_tekst": "Täitmata", "nimetus": "Pärdi tee", "a_tasand": 0, "l_tasand": 0, "ads_oid": null, "ads_nimetus": null, "karto_nimi": null, "tahtsus": 997, "tahtsus_tekst": "Täitmata", "no_oid": null, "markused": null, "vajalik": 30, "vajalik_tekst": "Korras", "andmeallika_id": 222, "korgusallika_id": 222, "ruumikujuallika_id": 222, "muutmisaeg": "2023-02-09T11:30:18Z", "geom_muutmisaeg": "2023-02-09T11:39:27Z" }, "geometry": { "type": "LineString", "coordinates": [ [ 23.023091754976548, 58.374558976136164 ], [ 23.023081622558117, 58.374374516167897 ], [ 23.023059765369116, 58.374159212127985 ], [ 23.0230445939509, 58.374114585285966 ], [ 23.023000150033582, 58.373942110611722 ], [ 23.022975458836175, 58.373808084104731 ], [ 23.022964790788894, 58.373750229178 ], [ 23.022950758541072, 58.373485769037039 ], [ 23.022998076347712, 58.373240177121829 ], [ 23.023016582918078, 58.373102853510993 ], [ 23.022990358549499, 58.372784962582458 ], [ 23.022983145642517, 58.372477983399946 ], [ 23.022948210129442, 58.372314641624961 ], [ 23.022939268662459, 58.372272819103991 ], [ 23.022936994228949, 58.372262385623067 ], [ 23.022909520296345, 58.37213754163912 ], [ 23.02285220066198, 58.372022714680028 ], [ 23.022791901827002, 58.37192904723274 ], [ 23.022743743862513, 58.371711916490092 ], [ 23.022758971858821, 58.371557237609885 ] ] } },
{ "type": "Feature", "properties": { "id": "e_501_tee_j.198930", "fid": 198930, "sys_id": 915631793, "etak_id": 4905327, "kood": 501, "kood_tekst": "Tee", "tyyp": 60, "tyyp_tekst": "Muu tee", "laius": 3, "teekate": 20, "teekate_tekst": "Kruuskate", "liiklus": 10, "liiklus_tekst": "Kahesuunaline", "tee": null, "teeosa": null, "soidutee": 997, "soidutee_tekst": "Täitmata", "tee_synon": null, "teeosa_synon": null, "soidutee_synon": 997, "soidutee_synon_tekst": "Täitmata", "tee_synon2": null, "teeosa_synon2": null, "soidutee_synon2": 997, "soidutee_synon2_tekst": "Täitmata", "nimetus": null, "a_tasand": 0, "l_tasand": 0, "ads_oid": null, "ads_nimetus": null, "karto_nimi": null, "tahtsus": 997, "tahtsus_tekst": "Täitmata", "no_oid": null, "markused": null, "vajalik": 30, "vajalik_tekst": "Korras", "andmeallika_id": 222, "korgusallika_id": 222, "ruumikujuallika_id": 222, "muutmisaeg": "2022-12-01T09:45:02Z", "geom_muutmisaeg": "2022-12-01T09:55:42Z" }, "geometry": { "type": "LineString", "coordinates": [ [ 23.037061977937295, 58.37566270985559 ], [ 23.037088499502829, 58.375588533959778 ], [ 23.037170594179269, 58.375534863942271 ], [ 23.037290277362747, 58.375488032220716 ], [ 23.037466545552689, 58.375474715862772 ], [ 23.037654688689173, 58.375475334915436 ], [ 23.037777634774713, 58.375469850276133 ], [ 23.037877088605914, 58.375453332469277 ], [ 23.037948243288408, 58.375428421174988 ], [ 23.038068589583293, 58.375377283645868 ], [ 23.038157742076191, 58.375338625766801 ], [ 23.03822664565832, 58.37531601403262 ], [ 23.038295216460799, 58.375304965148835 ], [ 23.038504611561329, 58.375298460782226 ], [ 23.038547466104529, 58.375289597628161 ], [ 23.038593685667816, 58.375263277018846 ], [ 23.038608092740478, 58.3752289048278 ] ] } },
{ "type": "Feature", "properties": { "id": "e_501_tee_j.199316", "fid": 199316, "sys_id": 915632182, "etak_id": 5018782, "kood": 501, "kood_tekst": "Tee", "tyyp": 60, "tyyp_tekst": "Muu tee", "laius": 3, "teekate": 40, "teekate_tekst": "Pinnas", "liiklus": 10, "liiklus_tekst": "Kahesuunaline", "tee": null, "teeosa": null, "soidutee": 997, "soidutee_tekst": "Täitmata", "tee_synon": null, "teeosa_synon": null, "soidutee_synon": 997, "soidutee_synon_tekst": "Täitmata", "tee_synon2": null, "teeosa_synon2": null, "soidutee_synon2": 997, "soidutee_synon2_tekst": "Täitmata", "nimetus": null, "a_tasand": 0, "l_tasand": 0, "ads_oid": null, "ads_nimetus": null, "karto_nimi": null, "tahtsus": 997, "tahtsus_tekst": "Täitmata", "no_oid": null, "markused": null, "vajalik": 30, "vajalik_tekst": "Korras", "andmeallika_id": 223, "korgusallika_id": 221, "ruumikujuallika_id": 223, "muutmisaeg": "2024-05-29T14:54:17Z", "geom_muutmisaeg": "2022-06-01T11:43:46Z" }, "geometry": { "type": "LineString", "coordinates": [ [ 23.023726140052322, 58.378326094897744 ], [ 23.02413543398508, 58.378508730131692 ] ] } },
{ "type": "Feature", "properties": { "id": "e_501_tee_j.199898", "fid": 199898, "sys_id": 915632764, "etak_id": 5069764, "kood": 501, "kood_tekst": "Tee", "tyyp": 70, "tyyp_tekst": "Rada", "laius": 0, "teekate": 40, "teekate_tekst": "Pinnas", "liiklus": 10, "liiklus_tekst": "Kahesuunaline", "tee": null, "teeosa": null, "soidutee": 997, "soidutee_tekst": "Täitmata", "tee_synon": null, "teeosa_synon": null, "soidutee_synon": 997, "soidutee_synon_tekst": "Täitmata", "tee_synon2": null, "teeosa_synon2": null, "soidutee_synon2": 997, "soidutee_synon2_tekst": "Täitmata", "nimetus": null, "a_tasand": 0, "l_tasand": 0, "ads_oid": null, "ads_nimetus": null, "karto_nimi": null, "tahtsus": 997, "tahtsus_tekst": "Täitmata", "no_oid": null, "markused": null, "vajalik": 30, "vajalik_tekst": "Korras", "andmeallika_id": 46, "korgusallika_id": 999, "ruumikujuallika_id": 46, "muutmisaeg": "2025-02-03T16:08:25Z", "geom_muutmisaeg": "2025-02-03T16:08:49Z" }, "geometry": { "type": "LineString", "coordinates": [ [ 23.020188661506456, 58.374205310245891 ], [ 23.020185511767092, 58.374146471144158 ], [ 23.020180198394687, 58.374073239452251 ], [ 23.020155613940997, 58.373820200452116 ], [ 23.020190374506033, 58.373738018566478 ], [ 23.020228062787051, 58.373648891141897 ], [ 23.02034553309673, 58.373432033657906 ], [ 23.020411716148335, 58.373240122374966 ], [ 23.020442138978321, 58.373190969216218 ], [ 23.020582966144659, 58.372945386114871 ], [ 23.020720326075153, 58.372775292846214 ], [ 23.02079879864468, 58.372689647814468 ], [ 23.020890596001937, 58.37258946854115 ], [ 23.020940345653958, 58.372496733918901 ], [ 23.020950929016955, 58.372465845205014 ], [ 23.020990380446495, 58.372350663959431 ], [ 23.021004517086681, 58.372309377431527 ] ] } },
{ "type": "Feature", "properties": { "id": "e_501_tee_j.199931", "fid": 199931, "sys_id": 915632796, "etak_id": 4886235, "kood": 501, "kood_tekst": "Tee", "tyyp": 60, "tyyp_tekst": "Muu tee", "laius": 3, "teekate": 40, "teekate_tekst": "Pinnas", "liiklus": 10, "liiklus_tekst": "Kahesuunaline", "tee": 3860110.0, "teeosa": 1.0, "soidutee": 1, "soidutee_tekst": "Parempoolne või ainuke", "tee_synon": null, "teeosa_synon": null, "soidutee_synon": 997, "soidutee_synon_tekst": "Täitmata", "tee_synon2": null, "teeosa_synon2": null, "soidutee_synon2": 997, "soidutee_synon2_tekst": "Täitmata", "nimetus": "Luigenoka tee", "a_tasand": 0, "l_tasand": 0, "ads_oid": null, "ads_nimetus": null, "karto_nimi": null, "tahtsus": 997, "tahtsus_tekst": "Täitmata", "no_oid": null, "markused": null, "vajalik": 30, "vajalik_tekst": "Korras", "andmeallika_id": 223, "korgusallika_id": 221, "ruumikujuallika_id": 223, "muutmisaeg": "2024-05-29T14:14:22Z", "geom_muutmisaeg": "2022-07-06T15:32:37Z" }, "geometry": { "type": "LineString", "coordinates": [ [ 22.992220761731193, 58.368418933569515 ], [ 22.992233012828063, 58.368342516500618 ], [ 22.992288302258387, 58.36809075649618 ], [ 22.992314501207712, 58.367989729135452 ], [ 22.992498459019295, 58.367558524947761 ], [ 22.99253064117071, 58.367483100249686 ], [ 22.992715362779641, 58.366904208019207 ], [ 22.99274644788288, 58.366789399781801 ], [ 22.992833418611617, 58.36646811034872 ], [ 22.992861005758577, 58.36625023544093 ], [ 22.992848054726011, 58.366005578271242 ], [ 22.992847818406545, 58.365950460618031 ], [ 22.992852960891156, 58.365897280066505 ], [ 22.992861653839807, 58.36584603116966 ], [ 22.992915279276858, 58.365741915663385 ], [ 22.992978332128885, 58.365623624145705 ], [ 22.9929533331823, 58.365359233898772 ], [ 22.992954132948039, 58.365301340793295 ], [ 22.992972472487189, 58.365195348528871 ] ] } },
{ "type": "Feature", "properties": { "id": "e_501_tee_j.199936", "fid": 199936, "sys_id": 915632801, "etak_id": 4887289, "kood": 501, "kood_tekst": "Tee", "tyyp": 70, "tyyp_tekst": "Rada", "laius": 0, "teekate": 40, "teekate_tekst": "Pinnas", "liiklus": 10, "liiklus_tekst": "Kahesuunaline", "tee": null, "teeosa": null, "soidutee": 997, "soidutee_tekst": "Täitmata", "tee_synon": null, "teeosa_synon": null, "soidutee_synon": 997, "soidutee_synon_tekst": "Täitmata", "tee_synon2": null, "teeosa_synon2": null, "soidutee_synon2": 997, "soidutee_synon2_tekst": "Täitmata", "nimetus": null, "a_tasand": 0, "l_tasand": 0, "ads_oid": null, "ads_nimetus": null, "karto_nimi": null, "tahtsus": 997, "tahtsus_tekst": "Täitmata", "no_oid": null, "markused": null, "vajalik": 30, "vajalik_tekst": "Korras", "andmeallika_id": 46, "korgusallika_id": 210, "ruumikujuallika_id": 23, "muutmisaeg": "2020-04-27T11:22:35Z", "geom_muutmisaeg": "2007-04-30T11:57:46Z" }, "geometry": { "type": "LineString", "coordinates": [ [ 23.022033967678862, 58.369179962906266 ], [ 23.021846934585302, 58.369287090601929 ], [ 23.021558230068841, 58.369424417654912 ], [ 23.021209883903577, 58.369561547195211 ], [ 23.020828365238469, 58.369680749946539 ], [ 23.020476435600216, 58.36980518911151 ], [ 23.020237976507701, 58.369929887647096 ], [ 23.020109696381894, 58.370001169111468 ], [ 23.01999860057359, 58.370062911576831 ], [ 23.019849802751651, 58.370152918916929 ] ] } },
{ "type": "Feature", "properties": { "id": "e_501_tee_j.200352", "fid": 200352, "sys_id": 915633219, "etak_id": 4885437, "kood": 501, "kood_tekst": "Tee", "tyyp": 60, "tyyp_tekst": "Muu tee", "laius": 3, "teekate": 20, "teekate_tekst": "Kruuskate", "liiklus": 10, "liiklus_tekst": "Kahesuunaline", "tee": null, "teeosa": null, "soidutee": 997, "soidutee_tekst": "Täitmata", "tee_synon": null, "teeosa_synon": null, "soidutee_synon": 997, "soidutee_synon_tekst": "Täitmata", "tee_synon2": null, "teeosa_synon2": null, "soidutee_synon2": 997, "soidutee_synon2_tekst": "Täitmata", "nimetus": null, "a_tasand": 0, "l_tasand": 0, "ads_oid": null, "ads_nimetus": null, "karto_nimi": null, "tahtsus": 997, "tahtsus_tekst": "Täitmata", "no_oid": null, "markused": null, "vajalik": 30, "vajalik_tekst": "Korras", "andmeallika_id": 222, "korgusallika_id": 222, "ruumikujuallika_id": 222, "muutmisaeg": "2022-11-30T11:23:47Z", "geom_muutmisaeg": "2022-11-30T11:25:36Z" }, "geometry": { "type": "LineString", "coordinates": [ [ 22.994420219616437, 58.376209044526803 ], [ 22.994364013957583, 58.375722814765403 ], [ 22.994395263919913, 58.375439409718155 ], [ 22.99439676212733, 58.375425844621674 ], [ 22.994378128652468, 58.375174372622929 ], [ 22.994362750016947, 58.37494661398609 ], [ 22.994384310972755, 58.374682258800448 ], [ 22.99436468936889, 58.37454328227296 ], [ 22.994324515547103, 58.373992526792506 ], [ 22.994311290706438, 58.373920497386131 ], [ 22.994241069306256, 58.373538049058254 ] ] } },
{ "type": "Feature", "properties": { "id": "e_501_tee_j.200639", "fid": 200639, "sys_id": 915633509, "etak_id": 4967626, "kood": 501, "kood_tekst": "Tee", "tyyp": 70, "tyyp_tekst": "Rada", "laius": 0, "teekate": 40, "teekate_tekst": "Pinnas", "liiklus": 10, "liiklus_tekst": "Kahesuunaline", "tee": null, "teeosa": null, "soidutee": 997, "soidutee_tekst": "Täitmata", "tee_synon": null, "teeosa_synon": null, "soidutee_synon": 997, "soidutee_synon_tekst": "Täitmata", "tee_synon2": null, "teeosa_synon2": null, "soidutee_synon2": 997, "soidutee_synon2_tekst": "Täitmata", "nimetus": null, "a_tasand": 0, "l_tasand": 0, "ads_oid": null, "ads_nimetus": null, "karto_nimi": null, "tahtsus": 997, "tahtsus_tekst": "Täitmata", "no_oid": null, "markused": null, "vajalik": 30, "vajalik_tekst": "Korras", "andmeallika_id": 223, "korgusallika_id": 221, "ruumikujuallika_id": 223, "muutmisaeg": "2024-05-29T14:54:04Z", "geom_muutmisaeg": "2022-06-01T09:43:17Z" }, "geometry": { "type": "LineString", "coordinates": [ [ 23.012102387249243, 58.386300284344927 ], [ 23.012154606665245, 58.386306955862942 ], [ 23.012396110345168, 58.386337835961321 ], [ 23.012644375367021, 58.386423362535119 ], [ 23.01276652712335, 58.386490448950781 ], [ 23.01290818410326, 58.386552819169069 ], [ 23.012996186069469, 58.38660909962428 ], [ 23.013062381279173, 58.386668048994487 ], [ 23.013140429939178, 58.386784225741408 ], [ 23.013223725904247, 58.386866922935489 ], [ 23.013555502819699, 58.387200465917132 ], [ 23.013835810999943, 58.387460976366981 ], [ 23.014037456301697, 58.387636373983582 ], [ 23.014274945773991, 58.387777468303312 ], [ 23.014341637646996, 58.387777273619577 ] ] } },
{ "type": "Feature", "properties": { "id": "e_501_tee_j.201560", "fid": 201560, "sys_id": 915634428, "etak_id": 4776593, "kood": 501, "kood_tekst": "Tee", "tyyp": 60, "tyyp_tekst": "Muu tee", "laius": 3, "teekate": 40, "teekate_tekst": "Pinnas", "liiklus": 10, "liiklus_tekst": "Kahesuunaline", "tee": null, "teeosa": null, "soidutee": 997, "soidutee_tekst": "Täitmata", "tee_synon": null, "teeosa_synon": null, "soidutee_synon": 997, "soidutee_synon_tekst": "Täitmata", "tee_synon2": null, "teeosa_synon2": null, "soidutee_synon2": 997, "soidutee_synon2_tekst": "Täitmata", "nimetus": null, "a_tasand": 0, "l_tasand": 0, "ads_oid": null, "ads_nimetus": null, "karto_nimi": null, "tahtsus": 997, "tahtsus_tekst": "Täitmata", "no_oid": null, "markused": null, "vajalik": 30, "vajalik_tekst": "Korras", "andmeallika_id": 223, "korgusallika_id": 221, "ruumikujuallika_id": 223, "muutmisaeg": "2024-05-29T14:54:10Z", "geom_muutmisaeg": "2022-06-01T09:37:26Z" }, "geometry": { "type": "LineString", "coordinates": [ [ 22.998624660187378, 58.387824897758861 ], [ 22.998204447648472, 58.387888041199318 ], [ 22.996948815447741, 58.388093521882205 ], [ 22.996388912060308, 58.388174068872942 ], [ 22.995643229875615, 58.38832327298018 ], [ 22.995566490618128, 58.38835195140679 ] ] } },
{ "type": "Feature", "properties": { "id": "e_501_tee_j.201656", "fid": 201656, "sys_id": 915634524, "etak_id": 4828136, "kood": 501, "kood_tekst": "Tee", "tyyp": 60, "tyyp_tekst": "Muu tee", "laius": 3, "teekate": 40, "teekate_tekst": "Pinnas", "liiklus": 10, "liiklus_tekst": "Kahesuunaline", "tee": null, "teeosa": null, "soidutee": 997, "soidutee_tekst": "Täitmata", "tee_synon": null, "teeosa_synon": null, "soidutee_synon": 997, "soidutee_synon_tekst": "Täitmata", "tee_synon2": null, "teeosa_synon2": null, "soidutee_synon2": 997, "soidutee_synon2_tekst": "Täitmata", "nimetus": null, "a_tasand": 0, "l_tasand": 0, "ads_oid": null, "ads_nimetus": null, "karto_nimi": null, "tahtsus": 997, "tahtsus_tekst": "Täitmata", "no_oid": null, "markused": null, "vajalik": 30, "vajalik_tekst": "Korras", "andmeallika_id": 222, "korgusallika_id": 222, "ruumikujuallika_id": 222, "muutmisaeg": "2022-11-29T17:47:29Z", "geom_muutmisaeg": "2022-11-29T17:54:53Z" }, "geometry": { "type": "LineString", "coordinates": [ [ 23.016662583141738, 58.366977558530934 ], [ 23.01655040771448, 58.366896840620882 ], [ 23.016371982523367, 58.366708236564243 ], [ 23.016154184294326, 58.366503803408506 ], [ 23.016073040607356, 58.366428738805901 ], [ 23.015905928814384, 58.366232328375297 ], [ 23.015915017998942, 58.366212814395674 ] ] } },
{ "type": "Feature", "properties": { "id": "e_501_tee_j.201832", "fid": 201832, "sys_id": 915634701, "etak_id": 4606447, "kood": 501, "kood_tekst": "Tee", "tyyp": 60, "tyyp_tekst": "Muu tee", "laius": 4, "teekate": 20, "teekate_tekst": "Kruuskate", "liiklus": 10, "liiklus_tekst": "Kahesuunaline", "tee": 3860007.0, "teeosa": 1.0, "soidutee": 1, "soidutee_tekst": "Parempoolne või ainuke", "tee_synon": null, "teeosa_synon": null, "soidutee_synon": 997, "soidutee_synon_tekst": "Täitmata", "tee_synon2": null, "teeosa_synon2": null, "soidutee_synon2": 997, "soidutee_synon2_tekst": "Täitmata", "nimetus": "Viltina külatee", "a_tasand": 0, "l_tasand": 0, "ads_oid": null, "ads_nimetus": null, "karto_nimi": null, "tahtsus": 997, "tahtsus_tekst": "Täitmata", "no_oid": null, "markused": null, "vajalik": 30, "vajalik_tekst": "Korras", "andmeallika_id": 58, "korgusallika_id": 999, "ruumikujuallika_id": 46, "muutmisaeg": "2025-05-29T15:21:00Z", "geom_muutmisaeg": "2024-12-09T11:20:37Z" }, "geometry": { "type": "LineString", "coordinates": [ [ 23.008916926315894, 58.404096968057473 ], [ 23.008972273346711, 58.404099193193623 ], [ 23.00908590616454, 58.404103773935546 ], [ 23.009204932144186, 58.40408996172502 ], [ 23.009331175201684, 58.404054942183976 ], [ 23.009592064151335, 58.403955569371696 ], [ 23.010052662831708, 58.403767796937331 ], [ 23.010285530035699, 58.403675604654111 ], [ 23.010525002538831, 58.403600945953656 ], [ 23.011068460450495, 58.403425206356701 ], [ 23.011376366355318, 58.403322162102135 ], [ 23.011643356616791, 58.403214059537824 ], [ 23.012079548042191, 58.403044310310229 ], [ 23.01236842890841, 58.402947842169347 ], [ 23.012433547385491, 58.402926094577865 ], [ 23.012749865177835, 58.402815587371869 ], [ 23.012969449401503, 58.402775080695569 ], [ 23.013324915842592, 58.402745922315297 ], [ 23.013620220118018, 58.40274235668339 ], [ 23.013906807661801, 58.402725083434021 ], [ 23.014082872540399, 58.402699198635069 ], [ 23.014224408804246, 58.402677869142181 ], [ 23.014601616965553, 58.402613199915514 ], [ 23.015043202400218, 58.40254458105921 ], [ 23.016196905962637, 58.402377213039053 ], [ 23.016554383942402, 58.402325397290284 ], [ 23.01682570802047, 58.402286063460032 ], [ 23.016884446862257, 58.402278227457067 ], [ 23.018395862952421, 58.402065740451555 ], [ 23.018549594357406, 58.402043045235558 ], [ 23.018702922588599, 58.402016395819864 ] ] } },
{ "type": "Feature", "properties": { "id": "e_501_tee_j.201868", "fid": 201868, "sys_id": 915634737, "etak_id": 4796343, "kood": 501, "kood_tekst": "Tee", "tyyp": 60, "tyyp_tekst": "Muu tee", "laius": 3, "teekate": 20, "teekate_tekst": "Kruuskate", "liiklus": 10, "liiklus_tekst": "Kahesuunaline", "tee": 3860109.0, "teeosa": 1.0, "soidutee": 1, "soidutee_tekst": "Parempoolne või ainuke", "tee_synon": null, "teeosa_synon": null, "soidutee_synon": 997, "soidutee_synon_tekst": "Täitmata", "tee_synon2": null, "teeosa_synon2": null, "soidutee_synon2": 997, "soidutee_synon2_tekst": "Täitmata", "nimetus": "Sääre tee", "a_tasand": 0, "l_tasand": 0, "ads_oid": null, "ads_nimetus": null, "karto_nimi": null, "tahtsus": 997, "tahtsus_tekst": "Täitmata", "no_oid": null, "markused": null, "vajalik": 30, "vajalik_tekst": "Korras", "andmeallika_id": 222, "korgusallika_id": 222, "ruumikujuallika_id": 222, "muutmisaeg": "2022-11-29T14:22:15Z", "geom_muutmisaeg": "2022-05-05T13:27:19Z" }, "geometry": { "type": "LineString", "coordinates": [ [ 22.991741472585225, 58.364577677554237 ], [ 22.991354117496613, 58.364701496634105 ], [ 22.991023234878437, 58.364783557602458 ], [ 22.990833390394378, 58.364831183289503 ], [ 22.990627867103317, 58.364891040424794 ], [ 22.99043242938729, 58.364940605749759 ], [ 22.990225582176663, 58.365009646726016 ], [ 22.989924558282578, 58.365144381053163 ], [ 22.989843568263055, 58.365191798104426 ], [ 22.989804234619839, 58.365230430659778 ], [ 22.989777943069747, 58.365286218391205 ], [ 22.989757582786734, 58.365350888835117 ], [ 22.989731907882522, 58.365401850497449 ], [ 22.989687695681404, 58.365453877654723 ], [ 22.989607487247941, 58.365545524513884 ], [ 22.989581675385274, 58.365575024191685 ], [ 22.989535013613299, 58.365634395052673 ], [ 22.989477090102714, 58.365708079770293 ], [ 22.98940452714281, 58.365792890823101 ], [ 22.989378833480899, 58.365845073475498 ], [ 22.989368531884875, 58.365906357437254 ], [ 22.989345700473699, 58.36598744064009 ], [ 22.989295650792769, 58.366069574425666 ], [ 22.989245445463233, 58.366126142481008 ], [ 22.989198738808771, 58.366161412041606 ] ] } },
{ "type": "Feature", "properties": { "id": "e_501_tee_j.201892", "fid": 201892, "sys_id": 915634761, "etak_id": 4819012, "kood": 501, "kood_tekst": "Tee", "tyyp": 70, "tyyp_tekst": "Rada", "laius": 0, "teekate": 40, "teekate_tekst": "Pinnas", "liiklus": 10, "liiklus_tekst": "Kahesuunaline", "tee": null, "teeosa": null, "soidutee": 997, "soidutee_tekst": "Täitmata", "tee_synon": null, "teeosa_synon": null, "soidutee_synon": 997, "soidutee_synon_tekst": "Täitmata", "tee_synon2": null, "teeosa_synon2": null, "soidutee_synon2": 997, "soidutee_synon2_tekst": "Täitmata", "nimetus": null, "a_tasand": 0, "l_tasand": 0, "ads_oid": null, "ads_nimetus": null, "karto_nimi": null, "tahtsus": 997, "tahtsus_tekst": "Täitmata", "no_oid": null, "markused": null, "vajalik": 30, "vajalik_tekst": "Korras", "andmeallika_id": 46, "korgusallika_id": 210, "ruumikujuallika_id": 23, "muutmisaeg": "2020-04-17T15:00:37Z", "geom_muutmisaeg": "2015-05-19T12:28:08Z" }, "geometry": { "type": "LineString", "coordinates": [ [ 23.006862540352245, 58.370286098198306 ], [ 23.007282555445563, 58.370264402293522 ], [ 23.007830407010392, 58.370200238297777 ], [ 23.008089770216419, 58.370154213990553 ], [ 23.008171006199817, 58.370134012948078 ], [ 23.008603450255031, 58.370053145216943 ], [ 23.008725670841233, 58.370056563657087 ], [ 23.008914594528601, 58.370061846760223 ], [ 23.009445959880882, 58.370030681879967 ], [ 23.009963837733455, 58.370005067218763 ], [ 23.010500293318504, 58.370048188100007 ], [ 23.010747247408379, 58.370048315131477 ], [ 23.01147419219425, 58.370008690124337 ], [ 23.01214227042129, 58.369935112328037 ], [ 23.01217908791785, 58.369932505861087 ], [ 23.012569864339977, 58.369904927306322 ], [ 23.012953163569897, 58.369833093163059 ], [ 23.013142206669951, 58.36979441679923 ], [ 23.0134784539718, 58.369725629523231 ], [ 23.013848779053685, 58.369677568664265 ], [ 23.014191447846098, 58.369652837140343 ], [ 23.014235591541318, 58.369651022968782 ], [ 23.014574450985172, 58.369625596530234 ], [ 23.014599352368858, 58.369623732468071 ], [ 23.014713241721719, 58.369615183178858 ], [ 23.015180344015118, 58.369516431437333 ], [ 23.015571337588277, 58.369437995135407 ], [ 23.015889749276344, 58.369400500872466 ], [ 23.016363063787878, 58.369385103510766 ], [ 23.017150129557965, 58.369339902365503 ], [ 23.017740795682208, 58.369277462420143 ], [ 23.01808659240109, 58.369238359583818 ], [ 23.018631979360364, 58.369181592418016 ], [ 23.018985985471485, 58.369111499560759 ] ] } },
{ "type": "Feature", "properties": { "id": "e_501_tee_j.202180", "fid": 202180, "sys_id": 915635049, "etak_id": 5020803, "kood": 501, "kood_tekst": "Tee", "tyyp": 60, "tyyp_tekst": "Muu tee", "laius": 5, "teekate": 10, "teekate_tekst": "Püsikate", "liiklus": 10, "liiklus_tekst": "Kahesuunaline", "tee": 3860005.0, "teeosa": 1.0, "soidutee": 1, "soidutee_tekst": "Parempoolne või ainuke", "tee_synon": null, "teeosa_synon": null, "soidutee_synon": 997, "soidutee_synon_tekst": "Täitmata", "tee_synon2": null, "teeosa_synon2": null, "soidutee_synon2": 997, "soidutee_synon2_tekst": "Täitmata", "nimetus": "Randvere-Kõiguste", "a_tasand": 0, "l_tasand": 0, "ads_oid": null, "ads_nimetus": null, "karto_nimi": null, "tahtsus": 997, "tahtsus_tekst": "Täitmata", "no_oid": null, "markused": null, "vajalik": 30, "vajalik_tekst": "Korras", "andmeallika_id": 58, "korgusallika_id": 999, "ruumikujuallika_id": 46, "muutmisaeg": "2025-05-29T15:21:00Z", "geom_muutmisaeg": "2024-12-06T09:12:48Z" }, "geometry": { "type": "LineString", "coordinates": [ [ 23.005027535167592, 58.391521740158474 ], [ 23.005158317126426, 58.391587940227048 ], [ 23.005346678636268, 58.391681993644482 ], [ 23.00540052901513, 58.391706845888081 ], [ 23.005676028473093, 58.391833974918129 ], [ 23.005715447051479, 58.391849097752967 ], [ 23.005985250860849, 58.391966645645951 ], [ 23.006099214479768, 58.392006583807721 ], [ 23.006261747855667, 58.392048264589249 ], [ 23.00640209861227, 58.392086405345786 ], [ 23.006478236539348, 58.392131750850993 ], [ 23.006493476010448, 58.392142581795959 ] ] } },
{ "type": "Feature", "properties": { "id": "e_501_tee_j.202407", "fid": 202407, "sys_id": 915635273, "etak_id": 4906762, "kood": 501, "kood_tekst": "Tee", "tyyp": 60, "tyyp_tekst": "Muu tee", "laius": 4, "teekate": 20, "teekate_tekst": "Kruuskate", "liiklus": 10, "liiklus_tekst": "Kahesuunaline", "tee": 3860125.0, "teeosa": 1.0, "soidutee": 1, "soidutee_tekst": "Parempoolne või ainuke", "tee_synon": null, "teeosa_synon": null, "soidutee_synon": 997, "soidutee_synon_tekst": "Täitmata", "tee_synon2": null, "teeosa_synon2": null, "soidutee_synon2": 997, "soidutee_synon2_tekst": "Täitmata", "nimetus": "Niidi tee", "a_tasand": 0, "l_tasand": 0, "ads_oid": null, "ads_nimetus": null, "karto_nimi": null, "tahtsus": 997, "tahtsus_tekst": "Täitmata", "no_oid": null, "markused": null, "vajalik": 30, "vajalik_tekst": "Korras", "andmeallika_id": 46, "korgusallika_id": 999, "ruumikujuallika_id": 46, "muutmisaeg": "2024-12-10T09:31:03Z", "geom_muutmisaeg": "2024-12-10T10:20:39Z" }, "geometry": { "type": "LineString", "coordinates": [ [ 23.019414436073475, 58.395435674070228 ], [ 23.019043423270467, 58.395554244737887 ], [ 23.018914189803265, 58.395584482578222 ], [ 23.018766874287738, 58.395601363777622 ], [ 23.018645476377785, 58.395605109541265 ], [ 23.01846356917909, 58.395601467209708 ], [ 23.018138453761519, 58.395599265206563 ], [ 23.017805540075539, 58.395596427740976 ], [ 23.017629576275898, 58.39559983382393 ], [ 23.017472610519256, 58.395611323541509 ], [ 23.017324295731086, 58.395621694334189 ], [ 23.017090789673553, 58.395648057285605 ], [ 23.016928997877418, 58.395676794496779 ], [ 23.016694570796666, 58.395711617189072 ], [ 23.016494236507253, 58.395725977533033 ], [ 23.016263558868225, 58.395715940422399 ], [ 23.015929077842721, 58.395673675536798 ], [ 23.015589859850692, 58.395630807567407 ], [ 23.015463525437394, 58.395611677723615 ], [ 23.015281330252968, 58.395584089627128 ], [ 23.015130916538322, 58.395559413157947 ], [ 23.015026078107141, 58.395542217530512 ], [ 23.014996727468553, 58.395537402771062 ], [ 23.014689628543955, 58.395508680109643 ], [ 23.014407573500133, 58.395512170375973 ], [ 23.014216211996075, 58.395514537067704 ], [ 23.01406521220154, 58.395513273028293 ], [ 23.013932363243047, 58.395522223772517 ], [ 23.013768983453328, 58.395537969540044 ], [ 23.01347578768711, 58.395550844989771 ], [ 23.013150859452587, 58.395561508163119 ], [ 23.012960881626029, 58.395576733157299 ], [ 23.012135662733961, 58.395703725401965 ], [ 23.011907229829635, 58.395738073873979 ], [ 23.011636846671813, 58.395759490345839 ], [ 23.011562180377638, 58.395765395777758 ], [ 23.010860578721577, 58.395795963808951 ], [ 23.010757355524841, 58.395800462385033 ], [ 23.010591660399101, 58.395812684221809 ], [ 23.010450086081804, 58.395826529383939 ], [ 23.01023219456264, 58.395859968798618 ], [ 23.010078119776196, 58.39588407891253 ], [ 23.00992584789816, 58.395911579063316 ], [ 23.009796484724685, 58.395929064998008 ], [ 23.00964137119934, 58.39594082886309 ], [ 23.00950376068764, 58.395942626437538 ], [ 23.009357274402433, 58.395937710292699 ], [ 23.008672238600671, 58.395888738659529 ], [ 23.008260679108911, 58.395862943283966 ], [ 23.007987002527948, 58.395855439795895 ], [ 23.007714498309458, 58.395854284275522 ], [ 23.007486058087121, 58.395861390337515 ], [ 23.007251586213318, 58.395885276497914 ], [ 23.007025690257521, 58.395908286052062 ], [ 23.006616219916499, 58.395981858575205 ], [ 23.006315598088317, 58.396044917554342 ], [ 23.006166925116762, 58.396095661953829 ], [ 23.006131939300953, 58.396106919323394 ] ] } },
{ "type": "Feature", "properties": { "id": "e_501_tee_j.202475", "fid": 202475, "sys_id": 915635340, "etak_id": 4687168, "kood": 501, "kood_tekst": "Tee", "tyyp": 60, "tyyp_tekst": "Muu tee", "laius": 3, "teekate": 40, "teekate_tekst": "Pinnas", "liiklus": 10, "liiklus_tekst": "Kahesuunaline", "tee": null, "teeosa": null, "soidutee": 997, "soidutee_tekst": "Täitmata", "tee_synon": null, "teeosa_synon": null, "soidutee_synon": 997, "soidutee_synon_tekst": "Täitmata", "tee_synon2": null, "teeosa_synon2": null, "soidutee_synon2": 997, "soidutee_synon2_tekst": "Täitmata", "nimetus": null, "a_tasand": 0, "l_tasand": 0, "ads_oid": null, "ads_nimetus": null, "karto_nimi": null, "tahtsus": 997, "tahtsus_tekst": "Täitmata", "no_oid": null, "markused": null, "vajalik": 30, "vajalik_tekst": "Korras", "andmeallika_id": 223, "korgusallika_id": 221, "ruumikujuallika_id": 223, "muutmisaeg": "2024-05-29T14:54:09Z", "geom_muutmisaeg": "2022-06-01T09:37:26Z" }, "geometry": { "type": "LineString", "coordinates": [ [ 22.998624660187378, 58.387824897758861 ], [ 22.998840960599459, 58.388154701129793 ], [ 22.99926170378771, 58.38879634472287 ], [ 22.999530285680144, 58.3891834948585 ], [ 22.999785771873523, 58.389610491215578 ], [ 22.99984851400086, 58.389736873828802 ] ] } },
{ "type": "Feature", "properties": { "id": "e_501_tee_j.203891", "fid": 203891, "sys_id": 915636755, "etak_id": 4858917, "kood": 501, "kood_tekst": "Tee", "tyyp": 70, "tyyp_tekst": "Rada", "laius": 0, "teekate": 40, "teekate_tekst": "Pinnas", "liiklus": 10, "liiklus_tekst": "Kahesuunaline", "tee": null, "teeosa": null, "soidutee": 997, "soidutee_tekst": "Täitmata", "tee_synon": null, "teeosa_synon": null, "soidutee_synon": 997, "soidutee_synon_tekst": "Täitmata", "tee_synon2": null, "teeosa_synon2": null, "soidutee_synon2": 997, "soidutee_synon2_tekst": "Täitmata", "nimetus": null, "a_tasand": 0, "l_tasand": 0, "ads_oid": null, "ads_nimetus": null, "karto_nimi": null, "tahtsus": 997, "tahtsus_tekst": "Täitmata", "no_oid": null, "markused": null, "vajalik": 30, "vajalik_tekst": "Korras", "andmeallika_id": 223, "korgusallika_id": 221, "ruumikujuallika_id": 223, "muutmisaeg": "2024-05-29T14:38:47Z", "geom_muutmisaeg": "2022-06-14T10:55:42Z" }, "geometry": { "type": "LineString", "coordinates": [ [ 23.011138673513749, 58.385016936006153 ], [ 23.011172602088759, 58.384874785586462 ], [ 23.011156159009438, 58.384791778507036 ], [ 23.011118928534575, 58.384603901803573 ], [ 23.011084487227581, 58.384146162131323 ], [ 23.011054328489081, 58.383931150557643 ], [ 23.011019286620574, 58.383632485069896 ], [ 23.011010267251397, 58.38343855017655 ], [ 23.011038368790683, 58.383218305792909 ], [ 23.011049310715308, 58.38311538793355 ], [ 23.011061359848878, 58.383002260100135 ], [ 23.011157332459799, 58.382719963883083 ], [ 23.011203873758586, 58.382523684569748 ], [ 23.011323444658387, 58.38231421422752 ], [ 23.011404213754755, 58.382177553607924 ], [ 23.011796435428884, 58.381646225824461 ], [ 23.011911135492873, 58.381494373941578 ], [ 23.011969425395296, 58.381420278051863 ], [ 23.012018569654675, 58.381357730710789 ], [ 23.012232076786855, 58.381181680256802 ], [ 23.012655447943295, 58.38072632309408 ], [ 23.012902440706071, 58.380545915063848 ], [ 23.013053712734163, 58.380449738753491 ], [ 23.013109392679265, 58.380414350301052 ], [ 23.013660584428397, 58.380034003810778 ], [ 23.013747936557362, 58.379973726420332 ], [ 23.013988855044502, 58.379824885870846 ], [ 23.014214912538634, 58.379725649021509 ], [ 23.014780351451897, 58.379489724532824 ], [ 23.01517613119351, 58.379292986244252 ], [ 23.015406477129236, 58.379219281861467 ] ] } },
{ "type": "Feature", "properties": { "id": "e_501_tee_j.204104", "fid": 204104, "sys_id": 915636968, "etak_id": 4842942, "kood": 501, "kood_tekst": "Tee", "tyyp": 60, "tyyp_tekst": "Muu tee", "laius": 3, "teekate": 40, "teekate_tekst": "Pinnas", "liiklus": 10, "liiklus_tekst": "Kahesuunaline", "tee": null, "teeosa": null, "soidutee": 997, "soidutee_tekst": "Täitmata", "tee_synon": null, "teeosa_synon": null, "soidutee_synon": 997, "soidutee_synon_tekst": "Täitmata", "tee_synon2": null, "teeosa_synon2": null, "soidutee_synon2": 997, "soidutee_synon2_tekst": "Täitmata", "nimetus": null, "a_tasand": 0, "l_tasand": 0, "ads_oid": null, "ads_nimetus": null, "karto_nimi": null, "tahtsus": 997, "tahtsus_tekst": "Täitmata", "no_oid": null, "markused": null, "vajalik": 30, "vajalik_tekst": "Korras", "andmeallika_id": 147, "korgusallika_id": 210, "ruumikujuallika_id": 147, "muutmisaeg": "2018-01-03T10:46:04Z", "geom_muutmisaeg": "2015-05-19T12:28:08Z" }, "geometry": { "type": "LineString", "coordinates": [ [ 23.018789469673706, 58.379840071276256 ], [ 23.018642294704545, 58.379824196154452 ] ] } },
{ "type": "Feature", "properties": { "id": "e_501_tee_j.204315", "fid": 204315, "sys_id": 915637176, "etak_id": 4880213, "kood": 501, "kood_tekst": "Tee", "tyyp": 70, "tyyp_tekst": "Rada", "laius": 0, "teekate": 40, "teekate_tekst": "Pinnas", "liiklus": 10, "liiklus_tekst": "Kahesuunaline", "tee": null, "teeosa": null, "soidutee": 997, "soidutee_tekst": "Täitmata", "tee_synon": null, "teeosa_synon": null, "soidutee_synon": 997, "soidutee_synon_tekst": "Täitmata", "tee_synon2": null, "teeosa_synon2": null, "soidutee_synon2": 997, "soidutee_synon2_tekst": "Täitmata", "nimetus": null, "a_tasand": 0, "l_tasand": 0, "ads_oid": null, "ads_nimetus": null, "karto_nimi": null, "tahtsus": 997, "tahtsus_tekst": "Täitmata", "no_oid": null, "markused": null, "vajalik": 30, "vajalik_tekst": "Korras", "andmeallika_id": 46, "korgusallika_id": 210, "ruumikujuallika_id": 23, "muutmisaeg": "2020-04-21T10:37:22Z", "geom_muutmisaeg": "2007-04-30T11:57:46Z" }, "geometry": { "type": "LineString", "coordinates": [ [ 23.019849802751651, 58.370152918916929 ], [ 23.019804954543659, 58.370180051479394 ], [ 23.019652659934433, 58.370309711636537 ], [ 23.019582645376861, 58.370393669935623 ], [ 23.01940291082628, 58.370594235776203 ], [ 23.019243232854343, 58.370755715560811 ], [ 23.0189493886439, 58.371015467189437 ], [ 23.018675638257243, 58.371228608001132 ], [ 23.018351975267255, 58.37150321446056 ], [ 23.018219897591941, 58.371649110510432 ], [ 23.018061591596975, 58.371871389865674 ], [ 23.017852937577867, 58.372115550589079 ], [ 23.017626602950322, 58.372343950813104 ], [ 23.017463507285903, 58.372559996838255 ], [ 23.017435400896343, 58.37266140920628 ], [ 23.017399459466812, 58.372791261834315 ], [ 23.017286859150133, 58.373010650495075 ], [ 23.017186537528101, 58.373151312544636 ] ] } },
{ "type": "Feature", "properties": { "id": "e_501_tee_j.204427", "fid": 204427, "sys_id": 915637289, "etak_id": 5072962, "kood": 501, "kood_tekst": "Tee", "tyyp": 70, "tyyp_tekst": "Rada", "laius": 0, "teekate": 40, "teekate_tekst": "Pinnas", "liiklus": 10, "liiklus_tekst": "Kahesuunaline", "tee": null, "teeosa": null, "soidutee": 997, "soidutee_tekst": "Täitmata", "tee_synon": null, "teeosa_synon": null, "soidutee_synon": 997, "soidutee_synon_tekst": "Täitmata", "tee_synon2": null, "teeosa_synon2": null, "soidutee_synon2": 997, "soidutee_synon2_tekst": "Täitmata", "nimetus": null, "a_tasand": 0, "l_tasand": 0, "ads_oid": null, "ads_nimetus": null, "karto_nimi": null, "tahtsus": 997, "tahtsus_tekst": "Täitmata", "no_oid": null, "markused": null, "vajalik": 30, "vajalik_tekst": "Korras", "andmeallika_id": 223, "korgusallika_id": 221, "ruumikujuallika_id": 223, "muutmisaeg": "2024-05-29T14:54:17Z", "geom_muutmisaeg": "2022-06-01T11:43:46Z" }, "geometry": { "type": "LineString", "coordinates": [ [ 23.004647983452035, 58.383190846791059 ], [ 23.004569279032818, 58.38293881003338 ], [ 23.004476883183731, 58.382792578555588 ] ] } },
{ "type": "Feature", "properties": { "id": "e_501_tee_j.204627", "fid": 204627, "sys_id": 915637488, "etak_id": 4619654, "kood": 501, "kood_tekst": "Tee", "tyyp": 60, "tyyp_tekst": "Muu tee", "laius": 3, "teekate": 40, "teekate_tekst": "Pinnas", "liiklus": 10, "liiklus_tekst": "Kahesuunaline", "tee": null, "teeosa": null, "soidutee": 997, "soidutee_tekst": "Täitmata", "tee_synon": null, "teeosa_synon": null, "soidutee_synon": 997, "soidutee_synon_tekst": "Täitmata", "tee_synon2": null, "teeosa_synon2": null, "soidutee_synon2": 997, "soidutee_synon2_tekst": "Täitmata", "nimetus": null, "a_tasand": 0, "l_tasand": 0, "ads_oid": null, "ads_nimetus": null, "karto_nimi": null, "tahtsus": 997, "tahtsus_tekst": "Täitmata", "no_oid": null, "markused": null, "vajalik": 30, "vajalik_tekst": "Korras", "andmeallika_id": 147, "korgusallika_id": 210, "ruumikujuallika_id": 147, "muutmisaeg": "2017-12-28T16:51:43Z", "geom_muutmisaeg": "2015-05-19T12:28:08Z" }, "geometry": { "type": "LineString", "coordinates": [ [ 23.022389814923709, 58.380662189374362 ], [ 23.02244201538355, 58.380851056991318 ], [ 23.022549722912967, 58.380930989717491 ], [ 23.02263844283981, 58.38093801719431 ], [ 23.022668789421367, 58.380940422460327 ], [ 23.02273132020936, 58.380948012679639 ] ] } },
{ "type": "Feature", "properties": { "id": "e_501_tee_j.204776", "fid": 204776, "sys_id": 915637636, "etak_id": 4910010, "kood": 501, "kood_tekst": "Tee", "tyyp": 60, "tyyp_tekst": "Muu tee", "laius": 3, "teekate": 40, "teekate_tekst": "Pinnas", "liiklus": 10, "liiklus_tekst": "Kahesuunaline", "tee": null, "teeosa": null, "soidutee": 997, "soidutee_tekst": "Täitmata", "tee_synon": null, "teeosa_synon": null, "soidutee_synon": 997, "soidutee_synon_tekst": "Täitmata", "tee_synon2": null, "teeosa_synon2": null, "soidutee_synon2": 997, "soidutee_synon2_tekst": "Täitmata", "nimetus": null, "a_tasand": 0, "l_tasand": 0, "ads_oid": null, "ads_nimetus": null, "karto_nimi": null, "tahtsus": 997, "tahtsus_tekst": "Täitmata", "no_oid": null, "markused": null, "vajalik": 30, "vajalik_tekst": "Korras", "andmeallika_id": 223, "korgusallika_id": 221, "ruumikujuallika_id": 223, "muutmisaeg": "2024-05-29T14:54:12Z", "geom_muutmisaeg": "2022-06-01T09:43:17Z" }, "geometry": { "type": "LineString", "coordinates": [ [ 23.007911830459985, 58.384597436507995 ], [ 23.00797575079876, 58.384526061950531 ], [ 23.008024592315234, 58.384478922363535 ], [ 23.008089178424147, 58.384434284585204 ], [ 23.008160316508008, 58.384398012580576 ], [ 23.008263145613668, 58.384360792377805 ], [ 23.00836124375823, 58.384330673978738 ], [ 23.008456768394602, 58.384312406285524 ], [ 23.008558827801053, 58.384302513151667 ], [ 23.00868111232699, 58.384297518050772 ], [ 23.008901324912017, 58.384293947316706 ], [ 23.009137706314945, 58.384308191058672 ], [ 23.009275234587317, 58.384323508315795 ], [ 23.009615130504731, 58.384374013772792 ] ] } },
{ "type": "Feature", "properties": { "id": "e_501_tee_j.204879", "fid": 204879, "sys_id": 915637737, "etak_id": 4708133, "kood": 501, "kood_tekst": "Tee", "tyyp": 60, "tyyp_tekst": "Muu tee", "laius": 3, "teekate": 40, "teekate_tekst": "Pinnas", "liiklus": 10, "liiklus_tekst": "Kahesuunaline", "tee": null, "teeosa": null, "soidutee": 997, "soidutee_tekst": "Täitmata", "tee_synon": null, "teeosa_synon": null, "soidutee_synon": 997, "soidutee_synon_tekst": "Täitmata", "tee_synon2": null, "teeosa_synon2": null, "soidutee_synon2": 997, "soidutee_synon2_tekst": "Täitmata", "nimetus": null, "a_tasand": 0, "l_tasand": 0, "ads_oid": null, "ads_nimetus": null, "karto_nimi": null, "tahtsus": 997, "tahtsus_tekst": "Täitmata", "no_oid": null, "markused": null, "vajalik": 30, "vajalik_tekst": "Korras", "andmeallika_id": 223, "korgusallika_id": 221, "ruumikujuallika_id": 223, "muutmisaeg": "2024-05-29T14:54:11Z", "geom_muutmisaeg": "2022-06-01T09:37:26Z" }, "geometry": { "type": "LineString", "coordinates": [ [ 23.003062397818933, 58.391091605686128 ], [ 23.00310482870443, 58.391028030439294 ], [ 23.003108442949483, 58.390984319981108 ], [ 23.00310351261307, 58.390891470407389 ], [ 23.003165391685336, 58.390584229229347 ], [ 23.003227864002504, 58.390419127603138 ], [ 23.003296657600739, 58.390179887457386 ] ] } },
{ "type": "Feature", "properties": { "id": "e_501_tee_j.204942", "fid": 204942, "sys_id": 915637803, "etak_id": 4616205, "kood": 501, "kood_tekst": "Tee", "tyyp": 70, "tyyp_tekst": "Rada", "laius": 0, "teekate": 40, "teekate_tekst": "Pinnas", "liiklus": 10, "liiklus_tekst": "Kahesuunaline", "tee": null, "teeosa": null, "soidutee": 997, "soidutee_tekst": "Täitmata", "tee_synon": null, "teeosa_synon": null, "soidutee_synon": 997, "soidutee_synon_tekst": "Täitmata", "tee_synon2": null, "teeosa_synon2": null, "soidutee_synon2": 997, "soidutee_synon2_tekst": "Täitmata", "nimetus": null, "a_tasand": 0, "l_tasand": 0, "ads_oid": null, "ads_nimetus": null, "karto_nimi": null, "tahtsus": 997, "tahtsus_tekst": "Täitmata", "no_oid": null, "markused": null, "vajalik": 30, "vajalik_tekst": "Korras", "andmeallika_id": 222, "korgusallika_id": 222, "ruumikujuallika_id": 222, "muutmisaeg": "2022-11-29T16:33:18Z", "geom_muutmisaeg": "2022-11-29T16:47:50Z" }, "geometry": { "type": "LineString", "coordinates": [ [ 23.027286406758165, 58.370474313554766 ], [ 23.027512296726204, 58.370169505888867 ], [ 23.027601830865684, 58.370009816424499 ], [ 23.027663024791259, 58.369807519456096 ], [ 23.027695203685074, 58.369678138412837 ], [ 23.027696996625167, 58.369519001773234 ], [ 23.027673191089811, 58.369346147231418 ], [ 23.027605156695923, 58.369123748852452 ], [ 23.027589882223776, 58.368918597629133 ], [ 23.027582552747511, 58.368864019078224 ] ] } },
{ "type": "Feature", "properties": { "id": "e_501_tee_j.205309", "fid": 205309, "sys_id": 915638170, "etak_id": 4838452, "kood": 501, "kood_tekst": "Tee", "tyyp": 70, "tyyp_tekst": "Rada", "laius": 0, "teekate": 40, "teekate_tekst": "Pinnas", "liiklus": 10, "liiklus_tekst": "Kahesuunaline", "tee": null, "teeosa": null, "soidutee": 997, "soidutee_tekst": "Täitmata", "tee_synon": null, "teeosa_synon": null, "soidutee_synon": 997, "soidutee_synon_tekst": "Täitmata", "tee_synon2": null, "teeosa_synon2": null, "soidutee_synon2": 997, "soidutee_synon2_tekst": "Täitmata", "nimetus": null, "a_tasand": 0, "l_tasand": 0, "ads_oid": null, "ads_nimetus": null, "karto_nimi": null, "tahtsus": 997, "tahtsus_tekst": "Täitmata", "no_oid": null, "markused": null, "vajalik": 30, "vajalik_tekst": "Korras", "andmeallika_id": 58, "korgusallika_id": 221, "ruumikujuallika_id": 58, "muutmisaeg": "2024-05-29T14:25:07Z", "geom_muutmisaeg": "2022-01-12T11:39:41Z" }, "geometry": { "type": "LineString", "coordinates": [ [ 22.991571360702469, 58.370584745899691 ], [ 22.991712270824923, 58.370952228927365 ], [ 22.991884483239225, 58.371468281285786 ], [ 22.992042057880457, 58.37183778114688 ], [ 22.992081169136799, 58.371929590387083 ], [ 22.992111334647625, 58.372237365227775 ], [ 22.992134880036438, 58.372567464541291 ], [ 22.992170747419454, 58.372950810386243 ], [ 22.992241711620089, 58.373152869077259 ], [ 22.992323573234692, 58.373351628484308 ] ] } },
{ "type": "Feature", "properties": { "id": "e_501_tee_j.205709", "fid": 205709, "sys_id": 915638570, "etak_id": 5060780, "kood": 501, "kood_tekst": "Tee", "tyyp": 70, "tyyp_tekst": "Rada", "laius": 0, "teekate": 40, "teekate_tekst": "Pinnas", "liiklus": 10, "liiklus_tekst": "Kahesuunaline", "tee": null, "teeosa": null, "soidutee": 997, "soidutee_tekst": "Täitmata", "tee_synon": null, "teeosa_synon": null, "soidutee_synon": 997, "soidutee_synon_tekst": "Täitmata", "tee_synon2": null, "teeosa_synon2": null, "soidutee_synon2": 997, "soidutee_synon2_tekst": "Täitmata", "nimetus": null, "a_tasand": 0, "l_tasand": 0, "ads_oid": null, "ads_nimetus": null, "karto_nimi": null, "tahtsus": 997, "tahtsus_tekst": "Täitmata", "no_oid": null, "markused": null, "vajalik": 30, "vajalik_tekst": "Korras", "andmeallika_id": 46, "korgusallika_id": 210, "ruumikujuallika_id": 147, "muutmisaeg": "2020-03-17T10:59:51Z", "geom_muutmisaeg": "2015-05-19T12:28:08Z" }, "geometry": { "type": "LineString", "coordinates": [ [ 23.035414696160629, 58.36183330638351 ], [ 23.035741456381146, 58.361887038660889 ], [ 23.035890173849612, 58.361897141508365 ], [ 23.035930422999531, 58.361899878947597 ] ] } },
{ "type": "Feature", "properties": { "id": "e_501_tee_j.205804", "fid": 205804, "sys_id": 915638662, "etak_id": 4924406, "kood": 501, "kood_tekst": "Tee", "tyyp": 60, "tyyp_tekst": "Muu tee", "laius": 3, "teekate": 20, "teekate_tekst": "Kruuskate", "liiklus": 10, "liiklus_tekst": "Kahesuunaline", "tee": null, "teeosa": null, "soidutee": 997, "soidutee_tekst": "Täitmata", "tee_synon": null, "teeosa_synon": null, "soidutee_synon": 997, "soidutee_synon_tekst": "Täitmata", "tee_synon2": null, "teeosa_synon2": null, "soidutee_synon2": 997, "soidutee_synon2_tekst": "Täitmata", "nimetus": null, "a_tasand": 0, "l_tasand": 0, "ads_oid": null, "ads_nimetus": null, "karto_nimi": null, "tahtsus": 997, "tahtsus_tekst": "Täitmata", "no_oid": null, "markused": null, "vajalik": 30, "vajalik_tekst": "Korras", "andmeallika_id": 46, "korgusallika_id": 999, "ruumikujuallika_id": 46, "muutmisaeg": "2024-12-10T11:39:28Z", "geom_muutmisaeg": "2024-12-10T11:42:10Z" }, "geometry": { "type": "LineString", "coordinates": [ [ 23.030158514195573, 58.363863459782337 ], [ 23.030406230770211, 58.363811896623034 ], [ 23.030654989807658, 58.363764651000302 ], [ 23.031028110945591, 58.363678830893583 ], [ 23.031204208548381, 58.363636096931444 ], [ 23.031301615558597, 58.363607779023226 ], [ 23.031548336501164, 58.363531378178337 ], [ 23.032014206718564, 58.363378823927796 ], [ 23.032173468321165, 58.363319376081307 ], [ 23.032434583993759, 58.363211439433812 ], [ 23.032675878179237, 58.363104707923831 ], [ 23.033090460930065, 58.362928441708647 ], [ 23.033367942011171, 58.362812958797377 ], [ 23.033757285158345, 58.362647121890859 ], [ 23.03393176931764, 58.362565688934808 ], [ 23.034110913633789, 58.362475661849494 ], [ 23.03427875147527, 58.362389787226547 ], [ 23.034367954083152, 58.362333910147719 ], [ 23.034555400274474, 58.362225789003254 ], [ 23.034694801677453, 58.362159956173009 ], [ 23.034779450671877, 58.362117450555466 ] ] } },
{ "type": "Feature", "properties": { "id": "e_501_tee_j.205922", "fid": 205922, "sys_id": 915638784, "etak_id": 4902124, "kood": 501, "kood_tekst": "Tee", "tyyp": 60, "tyyp_tekst": "Muu tee", "laius": 3, "teekate": 40, "teekate_tekst": "Pinnas", "liiklus": 10, "liiklus_tekst": "Kahesuunaline", "tee": null, "teeosa": null, "soidutee": 997, "soidutee_tekst": "Täitmata", "tee_synon": null, "teeosa_synon": null, "soidutee_synon": 997, "soidutee_synon_tekst": "Täitmata", "tee_synon2": null, "teeosa_synon2": null, "soidutee_synon2": 997, "soidutee_synon2_tekst": "Täitmata", "nimetus": null, "a_tasand": 0, "l_tasand": 0, "ads_oid": null, "ads_nimetus": null, "karto_nimi": null, "tahtsus": 997, "tahtsus_tekst": "Täitmata", "no_oid": null, "markused": null, "vajalik": 30, "vajalik_tekst": "Korras", "andmeallika_id": 147, "korgusallika_id": 210, "ruumikujuallika_id": 147, "muutmisaeg": "2017-12-28T17:02:21Z", "geom_muutmisaeg": "2015-05-19T12:28:08Z" }, "geometry": { "type": "LineString", "coordinates": [ [ 23.034779450671877, 58.362117450555466 ], [ 23.035030446045042, 58.362007205300017 ], [ 23.035133824755132, 58.361957073917168 ], [ 23.035414696160629, 58.36183330638351 ] ] } },
{ "type": "Feature", "properties": { "id": "e_501_tee_j.206511", "fid": 206511, "sys_id": 915639371, "etak_id": 5070546, "kood": 501, "kood_tekst": "Tee", "tyyp": 70, "tyyp_tekst": "Rada", "laius": 0, "teekate": 40, "teekate_tekst": "Pinnas", "liiklus": 10, "liiklus_tekst": "Kahesuunaline", "tee": null, "teeosa": null, "soidutee": 997, "soidutee_tekst": "Täitmata", "tee_synon": null, "teeosa_synon": null, "soidutee_synon": 997, "soidutee_synon_tekst": "Täitmata", "tee_synon2": null, "teeosa_synon2": null, "soidutee_synon2": 997, "soidutee_synon2_tekst": "Täitmata", "nimetus": null, "a_tasand": 0, "l_tasand": 0, "ads_oid": null, "ads_nimetus": null, "karto_nimi": null, "tahtsus": 997, "tahtsus_tekst": "Täitmata", "no_oid": null, "markused": null, "vajalik": 30, "vajalik_tekst": "Korras", "andmeallika_id": 46, "korgusallika_id": 210, "ruumikujuallika_id": 147, "muutmisaeg": "2020-05-15T09:32:16Z", "geom_muutmisaeg": "2015-05-19T12:28:08Z" }, "geometry": { "type": "LineString", "coordinates": [ [ 22.989527900962756, 58.379867703451104 ], [ 22.989145662560766, 58.380028103889785 ], [ 22.988977134486323, 58.380092490179379 ], [ 22.988632296858857, 58.380224280421928 ], [ 22.988323893148674, 58.380355271894871 ], [ 22.988276788400196, 58.380388831993706 ], [ 22.988265931937363, 58.38041207455889 ] ] } },
{ "type": "Feature", "properties": { "id": "e_501_tee_j.206542", "fid": 206542, "sys_id": 915639402, "etak_id": 4680558, "kood": 501, "kood_tekst": "Tee", "tyyp": 70, "tyyp_tekst": "Rada", "laius": 0, "teekate": 40, "teekate_tekst": "Pinnas", "liiklus": 10, "liiklus_tekst": "Kahesuunaline", "tee": null, "teeosa": null, "soidutee": 997, "soidutee_tekst": "Täitmata", "tee_synon": null, "teeosa_synon": null, "soidutee_synon": 997, "soidutee_synon_tekst": "Täitmata", "tee_synon2": null, "teeosa_synon2": null, "soidutee_synon2": 997, "soidutee_synon2_tekst": "Täitmata", "nimetus": null, "a_tasand": 0, "l_tasand": 0, "ads_oid": null, "ads_nimetus": null, "karto_nimi": null, "tahtsus": 997, "tahtsus_tekst": "Täitmata", "no_oid": null, "markused": null, "vajalik": 30, "vajalik_tekst": "Korras", "andmeallika_id": 222, "korgusallika_id": 222, "ruumikujuallika_id": 222, "muutmisaeg": "2022-11-29T17:50:08Z", "geom_muutmisaeg": "2022-11-29T17:54:53Z" }, "geometry": { "type": "LineString", "coordinates": [ [ 23.018063542476323, 58.367559459094991 ], [ 23.018108605451236, 58.367448488273624 ], [ 23.018118623731933, 58.367423809165615 ], [ 23.018172214148461, 58.367327549296142 ], [ 23.018186065999156, 58.367302666205475 ], [ 23.018207429390753, 58.367271923471726 ] ] } },
{ "type": "Feature", "properties": { "id": "e_501_tee_j.207098", "fid": 207098, "sys_id": 915639956, "etak_id": 4561438, "kood": 501, "kood_tekst": "Tee", "tyyp": 70, "tyyp_tekst": "Rada", "laius": 0, "teekate": 40, "teekate_tekst": "Pinnas", "liiklus": 10, "liiklus_tekst": "Kahesuunaline", "tee": null, "teeosa": null, "soidutee": 997, "soidutee_tekst": "Täitmata", "tee_synon": null, "teeosa_synon": null, "soidutee_synon": 997, "soidutee_synon_tekst": "Täitmata", "tee_synon2": null, "teeosa_synon2": null, "soidutee_synon2": 997, "soidutee_synon2_tekst": "Täitmata", "nimetus": null, "a_tasand": 0, "l_tasand": 0, "ads_oid": null, "ads_nimetus": null, "karto_nimi": null, "tahtsus": 997, "tahtsus_tekst": "Täitmata", "no_oid": null, "markused": null, "vajalik": 30, "vajalik_tekst": "Korras", "andmeallika_id": 222, "korgusallika_id": 222, "ruumikujuallika_id": 222, "muutmisaeg": "2022-11-29T13:43:37Z", "geom_muutmisaeg": "2022-11-29T13:45:25Z" }, "geometry": { "type": "LineString", "coordinates": [ [ 22.998907818888842, 58.371226518519933 ], [ 22.999451601167056, 58.370903472637096 ], [ 22.999590643005167, 58.370723222887257 ], [ 22.999609291508801, 58.370665344003115 ], [ 22.999574403388262, 58.370598120037918 ], [ 22.999467772593789, 58.37044948308916 ], [ 22.99941248090127, 58.370418295210456 ], [ 22.999277593111479, 58.370380054114108 ] ] } },
{ "type": "Feature", "properties": { "id": "e_501_tee_j.207401", "fid": 207401, "sys_id": 915640259, "etak_id": 4637281, "kood": 501, "kood_tekst": "Tee", "tyyp": 70, "tyyp_tekst": "Rada", "laius": 0, "teekate": 40, "teekate_tekst": "Pinnas", "liiklus": 10, "liiklus_tekst": "Kahesuunaline", "tee": null, "teeosa": null, "soidutee": 997, "soidutee_tekst": "Täitmata", "tee_synon": null, "teeosa_synon": null, "soidutee_synon": 997, "soidutee_synon_tekst": "Täitmata", "tee_synon2": null, "teeosa_synon2": null, "soidutee_synon2": 997, "soidutee_synon2_tekst": "Täitmata", "nimetus": null, "a_tasand": 0, "l_tasand": 0, "ads_oid": null, "ads_nimetus": null, "karto_nimi": null, "tahtsus": 997, "tahtsus_tekst": "Täitmata", "no_oid": null, "markused": null, "vajalik": 30, "vajalik_tekst": "Korras", "andmeallika_id": 222, "korgusallika_id": 222, "ruumikujuallika_id": 222, "muutmisaeg": "2022-11-30T10:12:20Z", "geom_muutmisaeg": "2022-11-30T10:24:45Z" }, "geometry": { "type": "LineString", "coordinates": [ [ 23.027695252496159, 58.364991043350194 ], [ 23.027694495121505, 58.364913195427015 ], [ 23.027706336051878, 58.3647998761883 ], [ 23.027687823701434, 58.364715239302072 ], [ 23.02763432904414, 58.36458551988499 ], [ 23.027555591615396, 58.364478882653536 ], [ 23.027450392076545, 58.3643775929932 ], [ 23.027379333089641, 58.364302352152968 ], [ 23.027287866298295, 58.36418025404015 ], [ 23.027139364297348, 58.36406921473786 ], [ 23.026945630762835, 58.363950197969992 ], [ 23.026745570371919, 58.363837579842922 ], [ 23.02671208671579, 58.363818737219056 ], [ 23.026422070837803, 58.363684178411546 ], [ 23.026285926202561, 58.363614636223694 ], [ 23.026184771637205, 58.363497042845701 ], [ 23.026165483538271, 58.363465378082289 ] ] } },
{ "type": "Feature", "properties": { "id": "e_501_tee_j.207732", "fid": 207732, "sys_id": 915640589, "etak_id": 4747923, "kood": 501, "kood_tekst": "Tee", "tyyp": 70, "tyyp_tekst": "Rada", "laius": 0, "teekate": 40, "teekate_tekst": "Pinnas", "liiklus": 10, "liiklus_tekst": "Kahesuunaline", "tee": null, "teeosa": null, "soidutee": 997, "soidutee_tekst": "Täitmata", "tee_synon": null, "teeosa_synon": null, "soidutee_synon": 997, "soidutee_synon_tekst": "Täitmata", "tee_synon2": null, "teeosa_synon2": null, "soidutee_synon2": 997, "soidutee_synon2_tekst": "Täitmata", "nimetus": null, "a_tasand": 0, "l_tasand": 0, "ads_oid": null, "ads_nimetus": null, "karto_nimi": null, "tahtsus": 997, "tahtsus_tekst": "Täitmata", "no_oid": null, "markused": null, "vajalik": 30, "vajalik_tekst": "Korras", "andmeallika_id": 46, "korgusallika_id": 210, "ruumikujuallika_id": 46, "muutmisaeg": "2020-06-04T15:01:08Z", "geom_muutmisaeg": "2016-07-07T10:43:52Z" }, "geometry": { "type": "LineString", "coordinates": [ [ 23.035930422999531, 58.361899878947597 ], [ 23.036158696174976, 58.361862453049234 ], [ 23.036453647858284, 58.361829741473898 ], [ 23.036740801072259, 58.361782262182224 ], [ 23.037071670440071, 58.361760685282334 ], [ 23.037094427237435, 58.361766397235016 ], [ 23.037259531816453, 58.361807726598407 ], [ 23.037829893116175, 58.361769537405458 ] ] } },
{ "type": "Feature", "properties": { "id": "e_501_tee_j.208108", "fid": 208108, "sys_id": 915640968, "etak_id": 4933537, "kood": 501, "kood_tekst": "Tee", "tyyp": 60, "tyyp_tekst": "Muu tee", "laius": 3, "teekate": 40, "teekate_tekst": "Pinnas", "liiklus": 10, "liiklus_tekst": "Kahesuunaline", "tee": 3860122.0, "teeosa": 1.0, "soidutee": 1, "soidutee_tekst": "Parempoolne või ainuke", "tee_synon": null, "teeosa_synon": null, "soidutee_synon": 997, "soidutee_synon_tekst": "Täitmata", "tee_synon2": null, "teeosa_synon2": null, "soidutee_synon2": 997, "soidutee_synon2_tekst": "Täitmata", "nimetus": "Tõnu-Jaagu tee", "a_tasand": 0, "l_tasand": 0, "ads_oid": null, "ads_nimetus": null, "karto_nimi": null, "tahtsus": 997, "tahtsus_tekst": "Täitmata", "no_oid": null, "markused": null, "vajalik": 30, "vajalik_tekst": "Korras", "andmeallika_id": 222, "korgusallika_id": 222, "ruumikujuallika_id": 222, "muutmisaeg": "2022-06-08T12:52:56Z", "geom_muutmisaeg": "2022-06-08T12:55:23Z" }, "geometry": { "type": "LineString", "coordinates": [ [ 23.025223637901629, 58.368005244614764 ], [ 23.025304392565189, 58.367992015057034 ], [ 23.025413896642899, 58.367982928931561 ], [ 23.025493035603436, 58.367985481635216 ], [ 23.025690818236242, 58.368014297644848 ], [ 23.025973735296677, 58.368066813022921 ], [ 23.026146602274363, 58.368106761189317 ], [ 23.026463274701943, 58.368187036795028 ], [ 23.026656185213447, 58.368238873157843 ], [ 23.02682166473226, 58.368279051408081 ], [ 23.02699597308316, 58.36831205038613 ], [ 23.027089107871664, 58.368322700411014 ], [ 23.027198035324879, 58.368324617061944 ], [ 23.02732512937019, 58.368315375999579 ], [ 23.027467206915397, 58.368295752083803 ] ] } },
{ "type": "Feature", "properties": { "id": "e_501_tee_j.208141", "fid": 208141, "sys_id": 915641000, "etak_id": 4690158, "kood": 501, "kood_tekst": "Tee", "tyyp": 60, "tyyp_tekst": "Muu tee", "laius": 4, "teekate": 20, "teekate_tekst": "Kruuskate", "liiklus": 10, "liiklus_tekst": "Kahesuunaline", "tee": null, "teeosa": null, "soidutee": 997, "soidutee_tekst": "Täitmata", "tee_synon": null, "teeosa_synon": null, "soidutee_synon": 997, "soidutee_synon_tekst": "Täitmata", "tee_synon2": null, "teeosa_synon2": null, "soidutee_synon2": 997, "soidutee_synon2_tekst": "Täitmata", "nimetus": null, "a_tasand": 0, "l_tasand": 0, "ads_oid": null, "ads_nimetus": null, "karto_nimi": null, "tahtsus": 997, "tahtsus_tekst": "Täitmata", "no_oid": null, "markused": null, "vajalik": 30, "vajalik_tekst": "Korras", "andmeallika_id": 222, "korgusallika_id": 222, "ruumikujuallika_id": 222, "muutmisaeg": "2022-06-08T11:52:20Z", "geom_muutmisaeg": "2022-06-08T11:55:49Z" }, "geometry": { "type": "LineString", "coordinates": [ [ 23.025712921304411, 58.37311639171714 ], [ 23.025749731157624, 58.37304675925558 ], [ 23.025770648538959, 58.372968977956738 ], [ 23.025786996144802, 58.372825271178385 ], [ 23.025797469191559, 58.37272774535986 ], [ 23.025826181339252, 58.37264311839747 ], [ 23.025876937021106, 58.3725147594932 ], [ 23.025930234713282, 58.372373570489074 ], [ 23.025948523727248, 58.37225605336301 ], [ 23.025953312823027, 58.372132264409856 ], [ 23.025980862693128, 58.372019783526149 ], [ 23.026048518068546, 58.371874806971164 ], [ 23.02613206477179, 58.371732411954738 ], [ 23.026369844059605, 58.371457553292871 ], [ 23.026500513457769, 58.371314978660024 ], [ 23.026654223116804, 58.371142606438788 ], [ 23.026718067003909, 58.37108472729939 ], [ 23.02685055779251, 58.370964596672103 ], [ 23.026977960819092, 58.370819482452632 ], [ 23.027140067853981, 58.370638068600364 ], [ 23.027286406758165, 58.370474313554766 ] ] } },
{ "type": "Feature", "properties": { "id": "e_501_tee_j.209414", "fid": 209414, "sys_id": 915642273, "etak_id": 4743361, "kood": 501, "kood_tekst": "Tee", "tyyp": 60, "tyyp_tekst": "Muu tee", "laius": 3, "teekate": 40, "teekate_tekst": "Pinnas", "liiklus": 10, "liiklus_tekst": "Kahesuunaline", "tee": null, "teeosa": null, "soidutee": 997, "soidutee_tekst": "Täitmata", "tee_synon": null, "teeosa_synon": null, "soidutee_synon": 997, "soidutee_synon_tekst": "Täitmata", "tee_synon2": null, "teeosa_synon2": null, "soidutee_synon2": 997, "soidutee_synon2_tekst": "Täitmata", "nimetus": null, "a_tasand": 0, "l_tasand": 0, "ads_oid": null, "ads_nimetus": null, "karto_nimi": null, "tahtsus": 997, "tahtsus_tekst": "Täitmata", "no_oid": null, "markused": null, "vajalik": 30, "vajalik_tekst": "Korras", "andmeallika_id": 223, "korgusallika_id": 221, "ruumikujuallika_id": 223, "muutmisaeg": "2024-05-29T14:54:20Z", "geom_muutmisaeg": "2022-06-01T11:52:36Z" }, "geometry": { "type": "LineString", "coordinates": [ [ 22.984032854683125, 58.376995656374731 ], [ 22.984240638251734, 58.37706836389561 ], [ 22.984533627190984, 58.377161557395645 ], [ 22.984648116868332, 58.377195584077121 ], [ 22.984949691118601, 58.377289302826796 ], [ 22.985101991744592, 58.377333489105069 ], [ 22.98530038641622, 58.377407673683166 ], [ 22.985572334218872, 58.377559773311454 ], [ 22.986009052775781, 58.377739320097817 ], [ 22.986618642531589, 58.377976825902756 ], [ 22.986738704194337, 58.378016390311345 ], [ 22.98704958042611, 58.378119965403521 ], [ 22.987094281239649, 58.378134875683735 ], [ 22.987341259324811, 58.378219445501706 ], [ 22.987589144981303, 58.378373603714813 ], [ 22.987872304894829, 58.378579331595624 ], [ 22.988145324309375, 58.378757312810684 ], [ 22.988301952451756, 58.378880943637199 ] ] } },
{ "type": "Feature", "properties": { "id": "e_501_tee_j.210432", "fid": 210432, "sys_id": 915643288, "etak_id": 4779812, "kood": 501, "kood_tekst": "Tee", "tyyp": 70, "tyyp_tekst": "Rada", "laius": 0, "teekate": 40, "teekate_tekst": "Pinnas", "liiklus": 10, "liiklus_tekst": "Kahesuunaline", "tee": null, "teeosa": null, "soidutee": 997, "soidutee_tekst": "Täitmata", "tee_synon": null, "teeosa_synon": null, "soidutee_synon": 997, "soidutee_synon_tekst": "Täitmata", "tee_synon2": null, "teeosa_synon2": null, "soidutee_synon2": 997, "soidutee_synon2_tekst": "Täitmata", "nimetus": null, "a_tasand": 0, "l_tasand": 0, "ads_oid": null, "ads_nimetus": null, "karto_nimi": null, "tahtsus": 997, "tahtsus_tekst": "Täitmata", "no_oid": null, "markused": null, "vajalik": 30, "vajalik_tekst": "Korras", "andmeallika_id": 46, "korgusallika_id": 210, "ruumikujuallika_id": 23, "muutmisaeg": "2020-03-18T16:07:50Z", "geom_muutmisaeg": "2007-04-30T11:57:46Z" }, "geometry": { "type": "LineString", "coordinates": [ [ 23.006862540352245, 58.370286098198306 ], [ 23.007114751621781, 58.370348401656422 ], [ 23.00760009608852, 58.3704222957167 ], [ 23.008267764078237, 58.370521776984667 ], [ 23.008310013189124, 58.370532072328793 ], [ 23.008592481464337, 58.370600983247222 ], [ 23.009009697079193, 58.370830862761672 ], [ 23.00946354360692, 58.371137978563127 ], [ 23.009988367128642, 58.371340224957784 ], [ 23.010592949659845, 58.371550800611772 ], [ 23.01115213473323, 58.371674029313759 ], [ 23.011378592337607, 58.371686280090991 ], [ 23.011680257387258, 58.371661767395629 ], [ 23.012078212509689, 58.371640971339048 ], [ 23.012395875248536, 58.371649346569107 ], [ 23.012826078600725, 58.371691473825386 ], [ 23.013350653916429, 58.371811991778863 ], [ 23.014292960050181, 58.372109215371047 ], [ 23.014840177635854, 58.372294463747309 ], [ 23.015003225767295, 58.372349687957794 ], [ 23.015460199844, 58.37255964899915 ], [ 23.015880007683268, 58.372729722773478 ], [ 23.016422874048093, 58.372893918914279 ], [ 23.016960801044835, 58.373069927462794 ], [ 23.017186537528101, 58.373151312544636 ] ] } },
{ "type": "Feature", "properties": { "id": "e_501_tee_j.212984", "fid": 212984, "sys_id": 915645837, "etak_id": 5043050, "kood": 501, "kood_tekst": "Tee", "tyyp": 70, "tyyp_tekst": "Rada", "laius": 0, "teekate": 40, "teekate_tekst": "Pinnas", "liiklus": 10, "liiklus_tekst": "Kahesuunaline", "tee": null, "teeosa": null, "soidutee": 997, "soidutee_tekst": "Täitmata", "tee_synon": null, "teeosa_synon": null, "soidutee_synon": 997, "soidutee_synon_tekst": "Täitmata", "tee_synon2": null, "teeosa_synon2": null, "soidutee_synon2": 997, "soidutee_synon2_tekst": "Täitmata", "nimetus": null, "a_tasand": 0, "l_tasand": 0, "ads_oid": null, "ads_nimetus": null, "karto_nimi": null, "tahtsus": 997, "tahtsus_tekst": "Täitmata", "no_oid": null, "markused": null, "vajalik": 30, "vajalik_tekst": "Korras", "andmeallika_id": 222, "korgusallika_id": 222, "ruumikujuallika_id": 222, "muutmisaeg": "2022-11-29T14:43:36Z", "geom_muutmisaeg": "2022-11-29T14:45:17Z" }, "geometry": { "type": "LineString", "coordinates": [ [ 23.00365689980789, 58.362407372121716 ], [ 23.003538330489949, 58.362365805615603 ], [ 23.003438692574171, 58.36234301013215 ], [ 23.003310357687994, 58.362326554428918 ], [ 23.002630450786054, 58.36221447780482 ], [ 23.002147206286132, 58.362163091675164 ], [ 23.001931597264829, 58.362142288604581 ], [ 23.00176024634963, 58.362129814040188 ], [ 23.001626505648236, 58.362136562075108 ], [ 23.001196837462103, 58.362193461223356 ], [ 23.001013496150833, 58.362224235499397 ], [ 23.000682525621901, 58.362233892436642 ], [ 23.000505657895072, 58.362265928897159 ], [ 23.000279830832383, 58.362305384750186 ], [ 23.000005234128626, 58.362345562573083 ], [ 22.999892451255668, 58.362349527752478 ], [ 22.999723694487237, 58.362341964571286 ], [ 22.999594387526322, 58.362334530802698 ], [ 22.999401072932244, 58.362344571923984 ], [ 22.999237116916987, 58.362370736545437 ] ] } },
{ "type": "Feature", "properties": { "id": "e_501_tee_j.215631", "fid": 215631, "sys_id": 915648470, "etak_id": 4952713, "kood": 501, "kood_tekst": "Tee", "tyyp": 60, "tyyp_tekst": "Muu tee", "laius": 3, "teekate": 20, "teekate_tekst": "Kruuskate", "liiklus": 10, "liiklus_tekst": "Kahesuunaline", "tee": 3860109.0, "teeosa": 1.0, "soidutee": 1, "soidutee_tekst": "Parempoolne või ainuke", "tee_synon": null, "teeosa_synon": null, "soidutee_synon": 997, "soidutee_synon_tekst": "Täitmata", "tee_synon2": null, "teeosa_synon2": null, "soidutee_synon2": 997, "soidutee_synon2_tekst": "Täitmata", "nimetus": "Sääre tee", "a_tasand": 0, "l_tasand": 0, "ads_oid": null, "ads_nimetus": null, "karto_nimi": null, "tahtsus": 997, "tahtsus_tekst": "Täitmata", "no_oid": null, "markused": null, "vajalik": 30, "vajalik_tekst": "Korras", "andmeallika_id": 46, "korgusallika_id": 999, "ruumikujuallika_id": 46, "muutmisaeg": "2025-02-03T13:45:38Z", "geom_muutmisaeg": "2025-02-03T13:45:50Z" }, "geometry": { "type": "LineString", "coordinates": [ [ 22.991257311342519, 58.37116108829489 ], [ 22.991267095319778, 58.371076031554004 ], [ 22.991229263746064, 58.370992762612893 ], [ 22.991165826513335, 58.370882155452925 ], [ 22.991105545807905, 58.370798610292077 ], [ 22.990974749316024, 58.370690559603787 ], [ 22.990730356428301, 58.370520254236126 ], [ 22.990537590396311, 58.370387764973245 ], [ 22.990389538804802, 58.370285566497849 ], [ 22.990234212920015, 58.37018854531857 ], [ 22.989917567799747, 58.369961608153361 ], [ 22.989872979606396, 58.369931165238214 ], [ 22.989607123139326, 58.369749831643993 ], [ 22.989375988402479, 58.369585483102092 ], [ 22.989187365068766, 58.369442383868169 ], [ 22.989045206843812, 58.369283363615089 ], [ 22.988946711098674, 58.369159035386602 ], [ 22.988936617211088, 58.369146303404605 ], [ 22.988874840829645, 58.369065735424122 ], [ 22.988832038088749, 58.369018999599412 ], [ 22.988714593433023, 58.368912453029665 ], [ 22.988511369269073, 58.368776330832205 ], [ 22.988296492680128, 58.36860563487808 ], [ 22.988236106220899, 58.368542811987055 ], [ 22.988120101602036, 58.368445749569062 ], [ 22.98793335911126, 58.368322642559768 ], [ 22.987799083332586, 58.368237018461159 ], [ 22.987635687146639, 58.368144859702539 ], [ 22.98756509201408, 58.368097786279506 ], [ 22.987463029608385, 58.368036033247563 ], [ 22.98737785961211, 58.367976991236638 ], [ 22.987337821323901, 58.367943000688342 ], [ 22.987278353761507, 58.367886955112283 ], [ 22.987250153148391, 58.367855536776553 ] ] } },
{ "type": "Feature", "properties": { "id": "e_501_tee_j.215637", "fid": 215637, "sys_id": 915648476, "etak_id": 5014025, "kood": 501, "kood_tekst": "Tee", "tyyp": 60, "tyyp_tekst": "Muu tee", "laius": 3, "teekate": 40, "teekate_tekst": "Pinnas", "liiklus": 10, "liiklus_tekst": "Kahesuunaline", "tee": null, "teeosa": null, "soidutee": 997, "soidutee_tekst": "Täitmata", "tee_synon": null, "teeosa_synon": null, "soidutee_synon": 997, "soidutee_synon_tekst": "Täitmata", "tee_synon2": null, "teeosa_synon2": null, "soidutee_synon2": 997, "soidutee_synon2_tekst": "Täitmata", "nimetus": null, "a_tasand": 0, "l_tasand": 0, "ads_oid": null, "ads_nimetus": null, "karto_nimi": null, "tahtsus": 997, "tahtsus_tekst": "Täitmata", "no_oid": null, "markused": null, "vajalik": 30, "vajalik_tekst": "Korras", "andmeallika_id": 46, "korgusallika_id": 999, "ruumikujuallika_id": 46, "muutmisaeg": "2025-02-03T14:27:16Z", "geom_muutmisaeg": "2025-02-03T14:27:38Z" }, "geometry": { "type": "LineString", "coordinates": [ [ 23.021352821084207, 58.36880540302446 ], [ 23.0209507452387, 58.368659098813026 ], [ 23.020526539838063, 58.368506706099872 ], [ 23.020169666913532, 58.36836676239033 ], [ 23.019813655755279, 58.368238946444109 ], [ 23.019669002482292, 58.36818943675938 ], [ 23.019481065288108, 58.36809864845408 ], [ 23.019359930479567, 58.368041686582188 ], [ 23.019294535325916, 58.368013824007065 ], [ 23.019210798701941, 58.367978143101844 ], [ 23.018936477040484, 58.367880593222161 ], [ 23.0186204597764, 58.36778485030613 ], [ 23.018250383119803, 58.367628645682998 ], [ 23.018063542476323, 58.367559459094991 ] ] } },
{ "type": "Feature", "properties": { "id": "e_501_tee_j.248238", "fid": 248238, "sys_id": 915681017, "etak_id": 4770686, "kood": 501, "kood_tekst": "Tee", "tyyp": 60, "tyyp_tekst": "Muu tee", "laius": 3, "teekate": 40, "teekate_tekst": "Pinnas", "liiklus": 10, "liiklus_tekst": "Kahesuunaline", "tee": 3860111.0, "teeosa": 1.0, "soidutee": 1, "soidutee_tekst": "Parempoolne või ainuke", "tee_synon": null, "teeosa_synon": null, "soidutee_synon": 997, "soidutee_synon_tekst": "Täitmata", "tee_synon2": null, "teeosa_synon2": null, "soidutee_synon2": 997, "soidutee_synon2_tekst": "Täitmata", "nimetus": "Punapea tee", "a_tasand": 0, "l_tasand": 0, "ads_oid": null, "ads_nimetus": null, "karto_nimi": null, "tahtsus": 997, "tahtsus_tekst": "Täitmata", "no_oid": null, "markused": null, "vajalik": 30, "vajalik_tekst": "Korras", "andmeallika_id": 58, "korgusallika_id": 221, "ruumikujuallika_id": 58, "muutmisaeg": "2024-05-29T14:25:06Z", "geom_muutmisaeg": "2022-01-12T11:39:41Z" }, "geometry": { "type": "LineString", "coordinates": [ [ 22.996352765719607, 58.372958944866312 ], [ 22.996668586466097, 58.372867861622389 ], [ 22.997152201475753, 58.372723752278176 ], [ 22.997821891171018, 58.372532747735157 ], [ 22.998376673097553, 58.372378183685683 ], [ 22.998494058998553, 58.372341489791467 ], [ 22.998602694727474, 58.37229814524003 ], [ 22.998678247681678, 58.372256363948665 ] ] } },
{ "type": "Feature", "properties": { "id": "e_501_tee_j.249324", "fid": 249324, "sys_id": 915682101, "etak_id": 4867321, "kood": 501, "kood_tekst": "Tee", "tyyp": 60, "tyyp_tekst": "Muu tee", "laius": 4, "teekate": 20, "teekate_tekst": "Kruuskate", "liiklus": 10, "liiklus_tekst": "Kahesuunaline", "tee": 3860111.0, "teeosa": 1.0, "soidutee": 1, "soidutee_tekst": "Parempoolne või ainuke", "tee_synon": null, "teeosa_synon": null, "soidutee_synon": 997, "soidutee_synon_tekst": "Täitmata", "tee_synon2": null, "teeosa_synon2": null, "soidutee_synon2": 997, "soidutee_synon2_tekst": "Täitmata", "nimetus": "Punapea tee", "a_tasand": 0, "l_tasand": 0, "ads_oid": null, "ads_nimetus": null, "karto_nimi": null, "tahtsus": 997, "tahtsus_tekst": "Täitmata", "no_oid": null, "markused": null, "vajalik": 30, "vajalik_tekst": "Korras", "andmeallika_id": 58, "korgusallika_id": 221, "ruumikujuallika_id": 58, "muutmisaeg": "2024-05-29T14:25:07Z", "geom_muutmisaeg": "2022-01-12T11:39:41Z" }, "geometry": { "type": "LineString", "coordinates": [ [ 22.994241069306256, 58.373538049058254 ], [ 22.994364977013536, 58.373525861264042 ], [ 22.994514327883593, 58.373498348298433 ], [ 22.994768679848583, 58.373429359848416 ], [ 22.99521552047667, 58.373295114924176 ], [ 22.995675865866982, 58.373157679248571 ], [ 22.996352765719607, 58.372958944866312 ] ] } },
{ "type": "Feature", "properties": { "id": "e_501_tee_j.249422", "fid": 249422, "sys_id": 915682201, "etak_id": 4907280, "kood": 501, "kood_tekst": "Tee", "tyyp": 60, "tyyp_tekst": "Muu tee", "laius": 3, "teekate": 20, "teekate_tekst": "Kruuskate", "liiklus": 10, "liiklus_tekst": "Kahesuunaline", "tee": 3860110.0, "teeosa": 1.0, "soidutee": 1, "soidutee_tekst": "Parempoolne või ainuke", "tee_synon": null, "teeosa_synon": null, "soidutee_synon": 997, "soidutee_synon_tekst": "Täitmata", "tee_synon2": null, "teeosa_synon2": null, "soidutee_synon2": 997, "soidutee_synon2_tekst": "Täitmata", "nimetus": "Luigenoka tee", "a_tasand": 0, "l_tasand": 0, "ads_oid": null, "ads_nimetus": null, "karto_nimi": null, "tahtsus": 997, "tahtsus_tekst": "Täitmata", "no_oid": null, "markused": null, "vajalik": 30, "vajalik_tekst": "Korras", "andmeallika_id": 222, "korgusallika_id": 221, "ruumikujuallika_id": 223, "muutmisaeg": "2024-05-29T14:22:22Z", "geom_muutmisaeg": "2022-07-06T15:32:37Z" }, "geometry": { "type": "LineString", "coordinates": [ [ 22.996352765719607, 58.372958944866312 ], [ 22.99388031425481, 58.371124076525135 ], [ 22.993666406193743, 58.370950380498073 ], [ 22.992796765736252, 58.370303953089923 ], [ 22.992447748329923, 58.370048409865902 ], [ 22.992143087342804, 58.369822686356684 ], [ 22.992010650782195, 58.369710448332469 ], [ 22.991943161395078, 58.369603482144093 ], [ 22.991925988805122, 58.369533468555744 ] ] } },
{ "type": "Feature", "properties": { "id": "e_501_tee_j.271001", "fid": 271001, "sys_id": 915703827, "etak_id": 4871497, "kood": 501, "kood_tekst": "Tee", "tyyp": 70, "tyyp_tekst": "Rada", "laius": 0, "teekate": 40, "teekate_tekst": "Pinnas", "liiklus": 10, "liiklus_tekst": "Kahesuunaline", "tee": null, "teeosa": null, "soidutee": 997, "soidutee_tekst": "Täitmata", "tee_synon": null, "teeosa_synon": null, "soidutee_synon": 997, "soidutee_synon_tekst": "Täitmata", "tee_synon2": null, "teeosa_synon2": null, "soidutee_synon2": 997, "soidutee_synon2_tekst": "Täitmata", "nimetus": null, "a_tasand": 0, "l_tasand": 0, "ads_oid": null, "ads_nimetus": null, "karto_nimi": null, "tahtsus": 997, "tahtsus_tekst": "Täitmata", "no_oid": null, "markused": null, "vajalik": 30, "vajalik_tekst": "Korras", "andmeallika_id": 222, "korgusallika_id": 222, "ruumikujuallika_id": 222, "muutmisaeg": "2022-11-29T16:15:20Z", "geom_muutmisaeg": "2022-11-29T16:30:30Z" }, "geometry": { "type": "LineString", "coordinates": [ [ 23.035487251242568, 58.369183851109383 ], [ 23.035293029780338, 58.369037537580027 ], [ 23.035257179725107, 58.369010526140983 ], [ 23.035100384089375, 58.368892402968136 ], [ 23.035011125486886, 58.368849902436956 ], [ 23.034886168609411, 58.368802956556344 ], [ 23.034663098510187, 58.368763538631669 ], [ 23.0343499744673, 58.368721311020018 ], [ 23.034098038748983, 58.368677606092461 ], [ 23.033798189311923, 58.368557662463779 ], [ 23.033445334736008, 58.36843754127004 ], [ 23.033107308904871, 58.368325163854735 ], [ 23.033036644863241, 58.368309543279018 ], [ 23.032685674275349, 58.368201906544385 ], [ 23.032097204333841, 58.368055401453198 ], [ 23.031831950478963, 58.367994126156347 ], [ 23.031704783890937, 58.367970021794939 ], [ 23.031673489870631, 58.367947129486865 ], [ 23.031667767844006, 58.367937693670626 ] ] } },
{ "type": "Feature", "properties": { "id": "e_501_tee_j.271420", "fid": 271420, "sys_id": 915704249, "etak_id": 5733550, "kood": 501, "kood_tekst": "Tee", "tyyp": 70, "tyyp_tekst": "Rada", "laius": 0, "teekate": 40, "teekate_tekst": "Pinnas", "liiklus": 10, "liiklus_tekst": "Kahesuunaline", "tee": null, "teeosa": null, "soidutee": 997, "soidutee_tekst": "Täitmata", "tee_synon": null, "teeosa_synon": null, "soidutee_synon": 997, "soidutee_synon_tekst": "Täitmata", "tee_synon2": null, "teeosa_synon2": null, "soidutee_synon2": 997, "soidutee_synon2_tekst": "Täitmata", "nimetus": null, "a_tasand": 0, "l_tasand": 0, "ads_oid": null, "ads_nimetus": null, "karto_nimi": null, "tahtsus": 997, "tahtsus_tekst": "Täitmata", "no_oid": null, "markused": null, "vajalik": 30, "vajalik_tekst": "Korras", "andmeallika_id": 222, "korgusallika_id": 222, "ruumikujuallika_id": 222, "muutmisaeg": "2022-06-08T10:46:35Z", "geom_muutmisaeg": "2022-06-08T10:47:06Z" }, "geometry": { "type": "LineString", "coordinates": [ [ 23.035592048429685, 58.371459462672568 ], [ 23.035655260862239, 58.37139041306979 ], [ 23.035732214855678, 58.371268875176462 ], [ 23.03578782421252, 58.371072916804579 ], [ 23.035810222819194, 58.371010104812477 ], [ 23.03584933110325, 58.370936859299114 ], [ 23.035905843717018, 58.370844026558927 ], [ 23.03590646247163, 58.370726455621117 ], [ 23.035842049883559, 58.370470883780243 ], [ 23.035831942064942, 58.370422426700259 ], [ 23.035814801717734, 58.370385517825476 ] ] } },
{ "type": "Feature", "properties": { "id": "e_501_tee_j.272828", "fid": 272828, "sys_id": 915705654, "etak_id": 4921878, "kood": 501, "kood_tekst": "Tee", "tyyp": 70, "tyyp_tekst": "Rada", "laius": 0, "teekate": 40, "teekate_tekst": "Pinnas", "liiklus": 10, "liiklus_tekst": "Kahesuunaline", "tee": null, "teeosa": null, "soidutee": 997, "soidutee_tekst": "Täitmata", "tee_synon": null, "teeosa_synon": null, "soidutee_synon": 997, "soidutee_synon_tekst": "Täitmata", "tee_synon2": null, "teeosa_synon2": null, "soidutee_synon2": 997, "soidutee_synon2_tekst": "Täitmata", "nimetus": null, "a_tasand": 0, "l_tasand": 0, "ads_oid": null, "ads_nimetus": null, "karto_nimi": null, "tahtsus": 997, "tahtsus_tekst": "Täitmata", "no_oid": null, "markused": null, "vajalik": 30, "vajalik_tekst": "Korras", "andmeallika_id": 46, "korgusallika_id": 999, "ruumikujuallika_id": 46, "muutmisaeg": "2024-12-09T13:36:36Z", "geom_muutmisaeg": "2024-12-09T13:51:08Z" }, "geometry": { "type": "LineString", "coordinates": [ [ 23.004476883183731, 58.382792578555588 ], [ 23.004365379261959, 58.382716937779257 ], [ 23.004254679248259, 58.382655212267579 ], [ 23.004038014884213, 58.382560226676809 ], [ 23.003911047450636, 58.382541771454484 ], [ 23.003600601648536, 58.382496652532652 ], [ 23.002333707001839, 58.382481741921737 ], [ 23.002250145067819, 58.38245738344105 ], [ 23.001916187282948, 58.382360014084185 ], [ 23.00159915839869, 58.382295766545724 ], [ 23.001527704749702, 58.382283364049393 ] ] } },
{ "type": "Feature", "properties": { "id": "e_501_tee_j.278921", "fid": 278921, "sys_id": 915711737, "etak_id": 4927342, "kood": 501, "kood_tekst": "Tee", "tyyp": 30, "tyyp_tekst": "Kõrvalmaantee", "laius": 5, "teekate": 20, "teekate_tekst": "Kruuskate", "liiklus": 10, "liiklus_tekst": "Kahesuunaline", "tee": 21168.0, "teeosa": 1.0, "soidutee": 1, "soidutee_tekst": "Parempoolne või ainuke", "tee_synon": null, "teeosa_synon": null, "soidutee_synon": 997, "soidutee_synon_tekst": "Täitmata", "tee_synon2": null, "teeosa_synon2": null, "soidutee_synon2": 997, "soidutee_synon2_tekst": "Täitmata", "nimetus": "Kahtla-Ruhve tee", "a_tasand": 0, "l_tasand": 0, "ads_oid": null, "ads_nimetus": null, "karto_nimi": null, "tahtsus": 997, "tahtsus_tekst": "Täitmata", "no_oid": null, "markused": null, "vajalik": 30, "vajalik_tekst": "Korras", "andmeallika_id": 58, "korgusallika_id": 210, "ruumikujuallika_id": 58, "muutmisaeg": "2023-12-02T14:02:36Z", "geom_muutmisaeg": "2007-04-30T11:57:46Z" }, "geometry": { "type": "LineString", "coordinates": [ [ 23.012013182986834, 58.386414350885062 ], [ 23.012084949862995, 58.386324564418572 ], [ 23.012102387249243, 58.386300284344927 ] ] } },
{ "type": "Feature", "properties": { "id": "e_501_tee_j.308597", "fid": 308597, "sys_id": 915741375, "etak_id": 4926568, "kood": 501, "kood_tekst": "Tee", "tyyp": 30, "tyyp_tekst": "Kõrvalmaantee", "laius": 5, "teekate": 20, "teekate_tekst": "Kruuskate", "liiklus": 10, "liiklus_tekst": "Kahesuunaline", "tee": 21168.0, "teeosa": 1.0, "soidutee": 1, "soidutee_tekst": "Parempoolne või ainuke", "tee_synon": null, "teeosa_synon": null, "soidutee_synon": 997, "soidutee_synon_tekst": "Täitmata", "tee_synon2": null, "teeosa_synon2": null, "soidutee_synon2": 997, "soidutee_synon2_tekst": "Täitmata", "nimetus": "Kahtla-Ruhve tee", "a_tasand": 0, "l_tasand": 0, "ads_oid": null, "ads_nimetus": null, "karto_nimi": null, "tahtsus": 997, "tahtsus_tekst": "Täitmata", "no_oid": null, "markused": null, "vajalik": 30, "vajalik_tekst": "Korras", "andmeallika_id": 58, "korgusallika_id": 222, "ruumikujuallika_id": 222, "muutmisaeg": "2023-12-02T14:02:38Z", "geom_muutmisaeg": "2023-02-09T11:11:28Z" }, "geometry": { "type": "LineString", "coordinates": [ [ 23.01754124137609, 58.381353152063653 ], [ 23.017630955629585, 58.381310426949184 ], [ 23.01786454239106, 58.381216422677973 ], [ 23.018211183418362, 58.381108282691365 ], [ 23.019072875270041, 58.380805206023389 ], [ 23.019993189861751, 58.380479388814024 ], [ 23.020481584571296, 58.38029395859634 ], [ 23.021212988170145, 58.380033319484092 ], [ 23.021708488127224, 58.37987413195534 ], [ 23.022269102454921, 58.379714201968447 ], [ 23.022346544635973, 58.379695677824508 ] ] } },
{ "type": "Feature", "properties": { "id": "e_501_tee_j.319479", "fid": 319479, "sys_id": 915752245, "etak_id": 4589148, "kood": 501, "kood_tekst": "Tee", "tyyp": 30, "tyyp_tekst": "Kõrvalmaantee", "laius": 5, "teekate": 20, "teekate_tekst": "Kruuskate", "liiklus": 10, "liiklus_tekst": "Kahesuunaline", "tee": 21168.0, "teeosa": 1.0, "soidutee": 1, "soidutee_tekst": "Parempoolne või ainuke", "tee_synon": null, "teeosa_synon": null, "soidutee_synon": 997, "soidutee_synon_tekst": "Täitmata", "tee_synon2": null, "teeosa_synon2": null, "soidutee_synon2": 997, "soidutee_synon2_tekst": "Täitmata", "nimetus": "Kahtla-Ruhve tee", "a_tasand": 0, "l_tasand": 0, "ads_oid": null, "ads_nimetus": null, "karto_nimi": null, "tahtsus": 997, "tahtsus_tekst": "Täitmata", "no_oid": null, "markused": null, "vajalik": 30, "vajalik_tekst": "Korras", "andmeallika_id": 58, "korgusallika_id": 222, "ruumikujuallika_id": 222, "muutmisaeg": "2023-12-02T14:02:39Z", "geom_muutmisaeg": "2023-02-09T11:11:28Z" }, "geometry": { "type": "LineString", "coordinates": [ [ 23.016001017689192, 58.382315232776719 ], [ 23.016258821238733, 58.382143575704632 ], [ 23.016712336512025, 58.381845262529524 ], [ 23.01722104638095, 58.381516950444748 ], [ 23.017330112701092, 58.381462018840892 ] ] } },
{ "type": "Feature", "properties": { "id": "e_501_tee_j.323914", "fid": 323914, "sys_id": 915756673, "etak_id": 4715555, "kood": 501, "kood_tekst": "Tee", "tyyp": 30, "tyyp_tekst": "Kõrvalmaantee", "laius": 5, "teekate": 20, "teekate_tekst": "Kruuskate", "liiklus": 10, "liiklus_tekst": "Kahesuunaline", "tee": 21168.0, "teeosa": 1.0, "soidutee": 1, "soidutee_tekst": "Parempoolne või ainuke", "tee_synon": null, "teeosa_synon": null, "soidutee_synon": 997, "soidutee_synon_tekst": "Täitmata", "tee_synon2": null, "teeosa_synon2": null, "soidutee_synon2": 997, "soidutee_synon2_tekst": "Täitmata", "nimetus": "Kahtla-Ruhve tee", "a_tasand": 0, "l_tasand": 0, "ads_oid": null, "ads_nimetus": null, "karto_nimi": null, "tahtsus": 997, "tahtsus_tekst": "Täitmata", "no_oid": null, "markused": null, "vajalik": 30, "vajalik_tekst": "Korras", "andmeallika_id": 58, "korgusallika_id": 210, "ruumikujuallika_id": 147, "muutmisaeg": "2023-12-02T14:02:39Z", "geom_muutmisaeg": "2015-05-19T12:28:08Z" }, "geometry": { "type": "LineString", "coordinates": [ [ 23.008916926315894, 58.404096968057473 ], [ 23.008974822574604, 58.404005593936311 ], [ 23.009061701471644, 58.403828996761071 ], [ 23.009151016707452, 58.403642388454479 ], [ 23.009209316320113, 58.40343694330484 ] ] } },
{ "type": "Feature", "properties": { "id": "e_501_tee_j.332686", "fid": 332686, "sys_id": 915765425, "etak_id": 5296473, "kood": 501, "kood_tekst": "Tee", "tyyp": 30, "tyyp_tekst": "Kõrvalmaantee", "laius": 4, "teekate": 20, "teekate_tekst": "Kruuskate", "liiklus": 10, "liiklus_tekst": "Kahesuunaline", "tee": 21168.0, "teeosa": 1.0, "soidutee": 1, "soidutee_tekst": "Parempoolne või ainuke", "tee_synon": null, "teeosa_synon": null, "soidutee_synon": 997, "soidutee_synon_tekst": "Täitmata", "tee_synon2": null, "teeosa_synon2": null, "soidutee_synon2": 997, "soidutee_synon2_tekst": "Täitmata", "nimetus": "Kahtla-Ruhve tee", "a_tasand": 0, "l_tasand": 0, "ads_oid": null, "ads_nimetus": null, "karto_nimi": null, "tahtsus": 997, "tahtsus_tekst": "Täitmata", "no_oid": null, "markused": null, "vajalik": 30, "vajalik_tekst": "Korras", "andmeallika_id": 58, "korgusallika_id": 222, "ruumikujuallika_id": 222, "muutmisaeg": "2023-12-02T14:02:40Z", "geom_muutmisaeg": "2022-12-01T10:36:40Z" }, "geometry": { "type": "LineString", "coordinates": [ [ 23.037659371613177, 58.377970568041121 ], [ 23.037711436266679, 58.37796071499379 ], [ 23.037889812907551, 58.377923843078968 ], [ 23.038238485541836, 58.377833596471675 ], [ 23.038519479013068, 58.377769094914626 ], [ 23.038607571953829, 58.377753182356912 ] ] } },
{ "type": "Feature", "properties": { "id": "e_501_tee_j.396884", "fid": 396884, "sys_id": 915829567, "etak_id": 4688309, "kood": 501, "kood_tekst": "Tee", "tyyp": 70, "tyyp_tekst": "Rada", "laius": 0, "teekate": 40, "teekate_tekst": "Pinnas", "liiklus": 10, "liiklus_tekst": "Kahesuunaline", "tee": null, "teeosa": null, "soidutee": 997, "soidutee_tekst": "Täitmata", "tee_synon": null, "teeosa_synon": null, "soidutee_synon": 997, "soidutee_synon_tekst": "Täitmata", "tee_synon2": null, "teeosa_synon2": null, "soidutee_synon2": 997, "soidutee_synon2_tekst": "Täitmata", "nimetus": null, "a_tasand": 0, "l_tasand": 0, "ads_oid": null, "ads_nimetus": null, "karto_nimi": null, "tahtsus": 997, "tahtsus_tekst": "Täitmata", "no_oid": null, "markused": null, "vajalik": 30, "vajalik_tekst": "Korras", "andmeallika_id": 222, "korgusallika_id": 222, "ruumikujuallika_id": 222, "muutmisaeg": "2022-11-30T10:46:27Z", "geom_muutmisaeg": "2022-11-30T11:03:22Z" }, "geometry": { "type": "LineString", "coordinates": [ [ 23.027695252496159, 58.364991043350194 ], [ 23.027576562932015, 58.364976050545913 ], [ 23.027374799165177, 58.364955836172328 ], [ 23.027018268762991, 58.364940000044314 ], [ 23.026780312501369, 58.364955704678401 ], [ 23.026534614740079, 58.364948533245887 ], [ 23.026202438571005, 58.364985140520808 ], [ 23.025822683221204, 58.365049148034515 ], [ 23.025455406816764, 58.365137655644162 ], [ 23.025265707092291, 58.36518418393733 ], [ 23.025182711061156, 58.365204543888247 ], [ 23.024901976993668, 58.365246937271742 ], [ 23.024612294721308, 58.365254511482355 ], [ 23.024424544983418, 58.365289793302388 ], [ 23.024320546195074, 58.365299683847688 ], [ 23.023927953635688, 58.365425904521871 ], [ 23.023666426161736, 58.365537286965576 ] ] } },
{ "type": "Feature", "properties": { "id": "e_501_tee_j.399538", "fid": 399538, "sys_id": 915832230, "etak_id": 4590233, "kood": 501, "kood_tekst": "Tee", "tyyp": 70, "tyyp_tekst": "Rada", "laius": 0, "teekate": 40, "teekate_tekst": "Pinnas", "liiklus": 10, "liiklus_tekst": "Kahesuunaline", "tee": null, "teeosa": null, "soidutee": 997, "soidutee_tekst": "Täitmata", "tee_synon": null, "teeosa_synon": null, "soidutee_synon": 997, "soidutee_synon_tekst": "Täitmata", "tee_synon2": null, "teeosa_synon2": null, "soidutee_synon2": 997, "soidutee_synon2_tekst": "Täitmata", "nimetus": null, "a_tasand": 0, "l_tasand": 0, "ads_oid": null, "ads_nimetus": null, "karto_nimi": null, "tahtsus": 997, "tahtsus_tekst": "Täitmata", "no_oid": null, "markused": null, "vajalik": 30, "vajalik_tekst": "Korras", "andmeallika_id": 222, "korgusallika_id": 222, "ruumikujuallika_id": 222, "muutmisaeg": "2022-11-30T11:05:22Z", "geom_muutmisaeg": "2022-11-30T11:10:53Z" }, "geometry": { "type": "LineString", "coordinates": [ [ 23.021770849129567, 58.368744081280859 ], [ 23.022185228830253, 58.368668219558721 ], [ 23.022362671117094, 58.36861712109696 ], [ 23.022521660043658, 58.368558482084481 ], [ 23.022766811258528, 58.36850736275386 ], [ 23.023001513414378, 58.368479904457537 ], [ 23.02321503745927, 58.36845750967931 ], [ 23.023456980498779, 58.368416026295733 ], [ 23.023674711163416, 58.368379942448819 ], [ 23.023812149232569, 58.368354531319966 ] ] } },
{ "type": "Feature", "properties": { "id": "e_501_tee_j.400041", "fid": 400041, "sys_id": 915832731, "etak_id": 4838906, "kood": 501, "kood_tekst": "Tee", "tyyp": 30, "tyyp_tekst": "Kõrvalmaantee", "laius": 5, "teekate": 20, "teekate_tekst": "Kruuskate", "liiklus": 10, "liiklus_tekst": "Kahesuunaline", "tee": 21168.0, "teeosa": 1.0, "soidutee": 1, "soidutee_tekst": "Parempoolne või ainuke", "tee_synon": null, "teeosa_synon": null, "soidutee_synon": 997, "soidutee_synon_tekst": "Täitmata", "tee_synon2": null, "teeosa_synon2": null, "soidutee_synon2": 997, "soidutee_synon2_tekst": "Täitmata", "nimetus": "Kahtla-Ruhve tee", "a_tasand": 0, "l_tasand": 0, "ads_oid": null, "ads_nimetus": null, "karto_nimi": null, "tahtsus": 997, "tahtsus_tekst": "Täitmata", "no_oid": null, "markused": null, "vajalik": 30, "vajalik_tekst": "Korras", "andmeallika_id": 58, "korgusallika_id": 210, "ruumikujuallika_id": 147, "muutmisaeg": "2023-12-02T13:58:20Z", "geom_muutmisaeg": "2015-05-19T12:28:08Z" }, "geometry": { "type": "LineString", "coordinates": [ [ 23.004748629029169, 58.407513481931836 ], [ 23.00492032855697, 58.407479709588202 ], [ 23.006019061503434, 58.407280504164113 ], [ 23.006449201858114, 58.407188496985796 ], [ 23.006684912272693, 58.407123405985558 ] ] } },
{ "type": "Feature", "properties": { "id": "e_501_tee_j.401357", "fid": 401357, "sys_id": 915834052, "etak_id": 4979247, "kood": 501, "kood_tekst": "Tee", "tyyp": 60, "tyyp_tekst": "Muu tee", "laius": 3, "teekate": 40, "teekate_tekst": "Pinnas", "liiklus": 10, "liiklus_tekst": "Kahesuunaline", "tee": null, "teeosa": null, "soidutee": 997, "soidutee_tekst": "Täitmata", "tee_synon": null, "teeosa_synon": null, "soidutee_synon": 997, "soidutee_synon_tekst": "Täitmata", "tee_synon2": null, "teeosa_synon2": null, "soidutee_synon2": 997, "soidutee_synon2_tekst": "Täitmata", "nimetus": null, "a_tasand": 0, "l_tasand": 0, "ads_oid": null, "ads_nimetus": null, "karto_nimi": null, "tahtsus": 997, "tahtsus_tekst": "Täitmata", "no_oid": null, "markused": null, "vajalik": 30, "vajalik_tekst": "Korras", "andmeallika_id": 46, "korgusallika_id": 210, "ruumikujuallika_id": 23, "muutmisaeg": "2018-01-03T10:46:04Z", "geom_muutmisaeg": "2007-04-30T11:57:46Z" }, "geometry": { "type": "LineString", "coordinates": [ [ 23.022389814923709, 58.380662189374362 ], [ 23.022315552565949, 58.380843264507796 ] ] } },
{ "type": "Feature", "properties": { "id": "e_501_tee_j.402788", "fid": 402788, "sys_id": 915835479, "etak_id": 4654691, "kood": 501, "kood_tekst": "Tee", "tyyp": 70, "tyyp_tekst": "Rada", "laius": 0, "teekate": 40, "teekate_tekst": "Pinnas", "liiklus": 10, "liiklus_tekst": "Kahesuunaline", "tee": null, "teeosa": null, "soidutee": 997, "soidutee_tekst": "Täitmata", "tee_synon": null, "teeosa_synon": null, "soidutee_synon": 997, "soidutee_synon_tekst": "Täitmata", "tee_synon2": null, "teeosa_synon2": null, "soidutee_synon2": 997, "soidutee_synon2_tekst": "Täitmata", "nimetus": null, "a_tasand": 0, "l_tasand": 0, "ads_oid": null, "ads_nimetus": null, "karto_nimi": null, "tahtsus": 997, "tahtsus_tekst": "Täitmata", "no_oid": null, "markused": null, "vajalik": 30, "vajalik_tekst": "Korras", "andmeallika_id": 223, "korgusallika_id": 221, "ruumikujuallika_id": 223, "muutmisaeg": "2024-05-29T14:54:07Z", "geom_muutmisaeg": "2022-06-01T09:37:26Z" }, "geometry": { "type": "LineString", "coordinates": [ [ 22.994715291711042, 58.380940652338793 ], [ 22.994728906299922, 58.380990756954077 ], [ 22.994843882403277, 58.381317085341784 ], [ 22.995077352434819, 58.381810088328599 ], [ 22.995090267009278, 58.381837415568967 ], [ 22.995214735641625, 58.382081099807543 ], [ 22.99530228760413, 58.382252496460652 ], [ 22.995643563668231, 58.382920645938633 ], [ 22.995739304484658, 58.383135387462104 ], [ 22.995832491156133, 58.383344406885612 ], [ 22.996383449635367, 58.384494529816422 ], [ 22.996596210174975, 58.384948952883782 ], [ 22.996651821615753, 58.385187523969321 ] ] } },
{ "type": "Feature", "properties": { "id": "e_501_tee_j.402874", "fid": 402874, "sys_id": 915835564, "etak_id": 4572763, "kood": 501, "kood_tekst": "Tee", "tyyp": 60, "tyyp_tekst": "Muu tee", "laius": 3, "teekate": 40, "teekate_tekst": "Pinnas", "liiklus": 10, "liiklus_tekst": "Kahesuunaline", "tee": null, "teeosa": null, "soidutee": 997, "soidutee_tekst": "Täitmata", "tee_synon": null, "teeosa_synon": null, "soidutee_synon": 997, "soidutee_synon_tekst": "Täitmata", "tee_synon2": null, "teeosa_synon2": null, "soidutee_synon2": 997, "soidutee_synon2_tekst": "Täitmata", "nimetus": null, "a_tasand": 0, "l_tasand": 0, "ads_oid": null, "ads_nimetus": null, "karto_nimi": null, "tahtsus": 997, "tahtsus_tekst": "Täitmata", "no_oid": null, "markused": null, "vajalik": 30, "vajalik_tekst": "Korras", "andmeallika_id": 223, "korgusallika_id": 221, "ruumikujuallika_id": 223, "muutmisaeg": "2024-05-29T14:14:23Z", "geom_muutmisaeg": "2022-07-06T15:32:37Z" }, "geometry": { "type": "LineString", "coordinates": [ [ 22.991571360702469, 58.370584745899691 ], [ 22.991612844774792, 58.370419142562767 ], [ 22.991624480151266, 58.370317129285887 ], [ 22.991652042221641, 58.370225927340506 ], [ 22.991745110528058, 58.36991795834858 ], [ 22.991925988805122, 58.369533468555744 ] ] } },
{ "type": "Feature", "properties": { "id": "e_501_tee_j.402985", "fid": 402985, "sys_id": 915835675, "etak_id": 4735934, "kood": 501, "kood_tekst": "Tee", "tyyp": 60, "tyyp_tekst": "Muu tee", "laius": 4, "teekate": 20, "teekate_tekst": "Kruuskate", "liiklus": 10, "liiklus_tekst": "Kahesuunaline", "tee": 3860111.0, "teeosa": 1.0, "soidutee": 1, "soidutee_tekst": "Parempoolne või ainuke", "tee_synon": null, "teeosa_synon": null, "soidutee_synon": 997, "soidutee_synon_tekst": "Täitmata", "tee_synon2": null, "teeosa_synon2": null, "soidutee_synon2": 997, "soidutee_synon2_tekst": "Täitmata", "nimetus": "Punapea tee", "a_tasand": 0, "l_tasand": 0, "ads_oid": null, "ads_nimetus": null, "karto_nimi": null, "tahtsus": 997, "tahtsus_tekst": "Täitmata", "no_oid": null, "markused": null, "vajalik": 30, "vajalik_tekst": "Korras", "andmeallika_id": 58, "korgusallika_id": 221, "ruumikujuallika_id": 58, "muutmisaeg": "2024-05-29T14:25:06Z", "geom_muutmisaeg": "2022-01-12T11:39:41Z" }, "geometry": { "type": "LineString", "coordinates": [ [ 22.992323573234692, 58.373351628484308 ], [ 22.992499825672123, 58.373369631438102 ], [ 22.993073382327974, 58.373436213174585 ], [ 22.993586159823781, 58.373500445496241 ], [ 22.993971682803455, 58.373539689003465 ], [ 22.994118394308291, 58.373541778841968 ], [ 22.994241069306256, 58.373538049058254 ] ] } },
{ "type": "Feature", "properties": { "id": "e_501_tee_j.403834", "fid": 403834, "sys_id": 915836527, "etak_id": 4589137, "kood": 501, "kood_tekst": "Tee", "tyyp": 70, "tyyp_tekst": "Rada", "laius": 0, "teekate": 40, "teekate_tekst": "Pinnas", "liiklus": 10, "liiklus_tekst": "Kahesuunaline", "tee": null, "teeosa": null, "soidutee": 997, "soidutee_tekst": "Täitmata", "tee_synon": null, "teeosa_synon": null, "soidutee_synon": 997, "soidutee_synon_tekst": "Täitmata", "tee_synon2": null, "teeosa_synon2": null, "soidutee_synon2": 997, "soidutee_synon2_tekst": "Täitmata", "nimetus": null, "a_tasand": 0, "l_tasand": 0, "ads_oid": null, "ads_nimetus": null, "karto_nimi": null, "tahtsus": 997, "tahtsus_tekst": "Täitmata", "no_oid": null, "markused": null, "vajalik": 30, "vajalik_tekst": "Korras", "andmeallika_id": 46, "korgusallika_id": 210, "ruumikujuallika_id": 23, "muutmisaeg": "2020-03-04T14:37:39Z", "geom_muutmisaeg": "2007-04-30T11:57:46Z" }, "geometry": { "type": "LineString", "coordinates": [ [ 22.994679878097955, 58.380474251591352 ], [ 22.994680506103087, 58.380811694350783 ], [ 22.994715291711042, 58.380940652338793 ] ] } },
{ "type": "Feature", "properties": { "id": "e_501_tee_j.404174", "fid": 404174, "sys_id": 915836865, "etak_id": 4976399, "kood": 501, "kood_tekst": "Tee", "tyyp": 70, "tyyp_tekst": "Rada", "laius": 0, "teekate": 40, "teekate_tekst": "Pinnas", "liiklus": 10, "liiklus_tekst": "Kahesuunaline", "tee": null, "teeosa": null, "soidutee": 997, "soidutee_tekst": "Täitmata", "tee_synon": null, "teeosa_synon": null, "soidutee_synon": 997, "soidutee_synon_tekst": "Täitmata", "tee_synon2": null, "teeosa_synon2": null, "soidutee_synon2": 997, "soidutee_synon2_tekst": "Täitmata", "nimetus": null, "a_tasand": 0, "l_tasand": 0, "ads_oid": null, "ads_nimetus": null, "karto_nimi": null, "tahtsus": 997, "tahtsus_tekst": "Täitmata", "no_oid": null, "markused": null, "vajalik": 30, "vajalik_tekst": "Korras", "andmeallika_id": 222, "korgusallika_id": 222, "ruumikujuallika_id": 222, "muutmisaeg": "2022-11-29T13:47:29Z", "geom_muutmisaeg": "2022-11-29T13:47:40Z" }, "geometry": { "type": "LineString", "coordinates": [ [ 22.99637517571179, 58.363271520020135 ], [ 22.996625763493729, 58.363395062746157 ], [ 22.996737291521089, 58.363477337999086 ], [ 22.996801331048228, 58.363508093064134 ], [ 22.997019390881949, 58.363585880545216 ], [ 22.99720013290036, 58.363652248940419 ], [ 22.997265568532324, 58.363691015407646 ], [ 22.997347451966078, 58.363743263460535 ], [ 22.997407271965809, 58.363782425730257 ], [ 22.997464964998073, 58.363810463709719 ], [ 22.997536198011041, 58.363841274897638 ], [ 22.997659365750266, 58.363906741447316 ], [ 22.998334553807805, 58.364196303723247 ], [ 22.998842417245683, 58.36442671351503 ], [ 22.999174882753241, 58.364568555822189 ], [ 22.999425521383078, 58.364687962755106 ], [ 22.999506148944857, 58.364726856106003 ], [ 22.999565998239774, 58.364765128596197 ], [ 22.999827016201383, 58.364948217332596 ], [ 22.999891170364538, 58.36497451790629 ], [ 22.999992935024512, 58.365000233130864 ], [ 23.00012658161986, 58.365031531802245 ], [ 23.000215487305859, 58.365059373012173 ], [ 23.000335591193004, 58.365119919117745 ], [ 23.000473726004628, 58.365194838689177 ], [ 23.000579015581412, 58.365239707210762 ], [ 23.000726230810777, 58.365303581074301 ], [ 23.000824214965107, 58.365352397018022 ], [ 23.000972928174011, 58.365420727129305 ], [ 23.001170894201223, 58.365502794885977 ], [ 23.001351748361234, 58.365597182906313 ], [ 23.001463650640755, 58.36566567339419 ], [ 23.00159013428031, 58.365758737775856 ], [ 23.001724664579537, 58.365850087032861 ], [ 23.001814593179116, 58.365901057107514 ], [ 23.001898471594163, 58.365938187419289 ], [ 23.00199742145967, 58.365980778268181 ], [ 23.002162506609046, 58.366066143203319 ], [ 23.00222538309621, 58.366143139362642 ], [ 23.002360992296165, 58.366281000764346 ], [ 23.002423799152918, 58.36632909152668 ], [ 23.002530122739852, 58.366396199509879 ], [ 23.002640378189028, 58.366466893972181 ], [ 23.002707560451686, 58.366499888457092 ], [ 23.002819931154622, 58.366550808648896 ], [ 23.002886341784187, 58.366589947909738 ], [ 23.002936509380927, 58.366641477566709 ], [ 23.002989991229626, 58.366716002437983 ], [ 23.003034255354514, 58.366765402718492 ], [ 23.003094172658425, 58.366823276090216 ], [ 23.003213707387417, 58.366932124210471 ], [ 23.003438991311985, 58.367180529826548 ], [ 23.003490245637881, 58.367271648999441 ], [ 23.003483961353385, 58.367323465044812 ], [ 23.003369883454866, 58.367423440200469 ], [ 23.003183236584949, 58.3675103761786 ], [ 23.002953678252929, 58.367654669476408 ], [ 23.002819500885096, 58.367755843056472 ], [ 23.002675805139891, 58.367932459031159 ], [ 23.002653631818767, 58.367955093510446 ], [ 23.002384049730168, 58.368211495411195 ], [ 23.002199313976792, 58.368356245444417 ], [ 23.001974519716015, 58.368503357905816 ], [ 23.00176039793941, 58.368677859853804 ], [ 23.001638739329341, 58.368797762430987 ], [ 23.001303677557363, 58.369155862751363 ], [ 23.001155254213295, 58.369364945613469 ], [ 23.001116270677386, 58.369491591608522 ], [ 23.001102377879807, 58.369562079092574 ], [ 23.001070427479895, 58.369663673652418 ], [ 23.001014376353872, 58.369726189742863 ], [ 23.000945813730649, 58.369778497069191 ], [ 23.0007615707196, 58.370033148088432 ], [ 23.000678789413072, 58.370075152340398 ], [ 23.000362273902184, 58.370153426170731 ], [ 22.999964993015539, 58.370234487726677 ], [ 22.999577815119309, 58.370307572692901 ], [ 22.999277593111479, 58.370380054114108 ] ] } },
{ "type": "Feature", "properties": { "id": "e_501_tee_j.411663", "fid": 411663, "sys_id": 915844349, "etak_id": 4624877, "kood": 501, "kood_tekst": "Tee", "tyyp": 60, "tyyp_tekst": "Muu tee", "laius": 3, "teekate": 40, "teekate_tekst": "Pinnas", "liiklus": 10, "liiklus_tekst": "Kahesuunaline", "tee": null, "teeosa": null, "soidutee": 997, "soidutee_tekst": "Täitmata", "tee_synon": null, "teeosa_synon": null, "soidutee_synon": 997, "soidutee_synon_tekst": "Täitmata", "tee_synon2": null, "teeosa_synon2": null, "soidutee_synon2": 997, "soidutee_synon2_tekst": "Täitmata", "nimetus": null, "a_tasand": 0, "l_tasand": 0, "ads_oid": null, "ads_nimetus": null, "karto_nimi": null, "tahtsus": 997, "tahtsus_tekst": "Täitmata", "no_oid": null, "markused": null, "vajalik": 30, "vajalik_tekst": "Korras", "andmeallika_id": 46, "korgusallika_id": 999, "ruumikujuallika_id": 46, "muutmisaeg": "2024-09-23T13:30:02Z", "geom_muutmisaeg": "2024-09-23T14:24:34Z" }, "geometry": { "type": "LineString", "coordinates": [ [ 22.99394696200288, 58.36352750615287 ], [ 22.99397968343035, 58.363489224324752 ], [ 22.993985585554537, 58.363455454286026 ], [ 22.994021910034071, 58.363301105707642 ], [ 22.993999338515216, 58.363220256541183 ], [ 22.993976410592321, 58.363152496579545 ], [ 22.99391940508113, 58.363043036874387 ], [ 22.99387906712856, 58.362931526527298 ], [ 22.993849209363486, 58.362874891310142 ], [ 22.99381850039007, 58.362835507853639 ], [ 22.993777967670585, 58.362783511646427 ], [ 22.993713537179801, 58.362730078868957 ], [ 22.993529383932021, 58.362640547510878 ], [ 22.993478676817222, 58.362589440749019 ], [ 22.993465544311345, 58.362539519258917 ] ] } },
{ "type": "Feature", "properties": { "id": "e_501_tee_j.412935", "fid": 412935, "sys_id": 915845624, "etak_id": 5028038, "kood": 501, "kood_tekst": "Tee", "tyyp": 60, "tyyp_tekst": "Muu tee", "laius": 3, "teekate": 40, "teekate_tekst": "Pinnas", "liiklus": 10, "liiklus_tekst": "Kahesuunaline", "tee": null, "teeosa": null, "soidutee": 997, "soidutee_tekst": "Täitmata", "tee_synon": null, "teeosa_synon": null, "soidutee_synon": 997, "soidutee_synon_tekst": "Täitmata", "tee_synon2": null, "teeosa_synon2": null, "soidutee_synon2": 997, "soidutee_synon2_tekst": "Täitmata", "nimetus": null, "a_tasand": 0, "l_tasand": 0, "ads_oid": null, "ads_nimetus": null, "karto_nimi": null, "tahtsus": 997, "tahtsus_tekst": "Täitmata", "no_oid": null, "markused": null, "vajalik": 30, "vajalik_tekst": "Korras", "andmeallika_id": 46, "korgusallika_id": 210, "ruumikujuallika_id": 23, "muutmisaeg": "2018-01-03T10:38:23Z", "geom_muutmisaeg": "2007-04-30T11:57:46Z" }, "geometry": { "type": "LineString", "coordinates": [ [ 23.022459698757316, 58.369727634347392 ], [ 23.022342676330005, 58.369639728031288 ], [ 23.022141937559926, 58.36938462188629 ], [ 23.022033967678862, 58.369179962906266 ] ] } },
{ "type": "Feature", "properties": { "id": "e_501_tee_j.417004", "fid": 417004, "sys_id": 915849698, "etak_id": 4935039, "kood": 501, "kood_tekst": "Tee", "tyyp": 30, "tyyp_tekst": "Kõrvalmaantee", "laius": 5, "teekate": 20, "teekate_tekst": "Kruuskate", "liiklus": 10, "liiklus_tekst": "Kahesuunaline", "tee": 21168.0, "teeosa": 1.0, "soidutee": 1, "soidutee_tekst": "Parempoolne või ainuke", "tee_synon": null, "teeosa_synon": null, "soidutee_synon": 997, "soidutee_synon_tekst": "Täitmata", "tee_synon2": null, "teeosa_synon2": null, "soidutee_synon2": 997, "soidutee_synon2_tekst": "Täitmata", "nimetus": "Kahtla-Ruhve tee", "a_tasand": 0, "l_tasand": 0, "ads_oid": null, "ads_nimetus": null, "karto_nimi": null, "tahtsus": 997, "tahtsus_tekst": "Täitmata", "no_oid": null, "markused": null, "vajalik": 30, "vajalik_tekst": "Korras", "andmeallika_id": 46, "korgusallika_id": 999, "ruumikujuallika_id": 46, "muutmisaeg": "2024-12-09T12:53:21Z", "geom_muutmisaeg": "2024-12-09T13:23:30Z" }, "geometry": { "type": "LineString", "coordinates": [ [ 23.026920900821601, 58.379817897492032 ], [ 23.027196820719325, 58.379823950720571 ], [ 23.029227124508928, 58.379672107410954 ], [ 23.029778726283237, 58.379621408868282 ], [ 23.031454948161034, 58.379398811907919 ], [ 23.033288453315137, 58.379165683838529 ], [ 23.033475667935548, 58.379139803809679 ], [ 23.033810799579562, 58.379093501356238 ], [ 23.034191176613, 58.379011784489656 ], [ 23.034631776488016, 58.378903242553037 ], [ 23.034968246027386, 58.378814196533433 ], [ 23.035206712081482, 58.37874569024433 ], [ 23.035456289798432, 58.378658410824841 ], [ 23.03569547596015, 58.378538538239759 ], [ 23.035866029893164, 58.378434148215959 ], [ 23.035871941783089, 58.378430502343086 ], [ 23.036037708663518, 58.378347339041603 ], [ 23.036065371114805, 58.378333459277194 ], [ 23.036300242954162, 58.37824616600011 ], [ 23.036891418566945, 58.378125445339826 ], [ 23.037500121558612, 58.378006865465565 ], [ 23.037659371613177, 58.377970568041121 ] ] } },
{ "type": "Feature", "properties": { "id": "e_501_tee_j.418063", "fid": 418063, "sys_id": 915850754, "etak_id": 4664024, "kood": 501, "kood_tekst": "Tee", "tyyp": 60, "tyyp_tekst": "Muu tee", "laius": 3, "teekate": 40, "teekate_tekst": "Pinnas", "liiklus": 10, "liiklus_tekst": "Kahesuunaline", "tee": 3860111.0, "teeosa": 1.0, "soidutee": 1, "soidutee_tekst": "Parempoolne või ainuke", "tee_synon": null, "teeosa_synon": null, "soidutee_synon": 997, "soidutee_synon_tekst": "Täitmata", "tee_synon2": null, "teeosa_synon2": null, "soidutee_synon2": 997, "soidutee_synon2_tekst": "Täitmata", "nimetus": "Punapea tee", "a_tasand": 0, "l_tasand": 0, "ads_oid": null, "ads_nimetus": null, "karto_nimi": null, "tahtsus": 997, "tahtsus_tekst": "Täitmata", "no_oid": null, "markused": null, "vajalik": 30, "vajalik_tekst": "Korras", "andmeallika_id": 222, "korgusallika_id": 222, "ruumikujuallika_id": 222, "muutmisaeg": "2022-11-29T13:43:23Z", "geom_muutmisaeg": "2022-11-29T13:45:25Z" }, "geometry": { "type": "LineString", "coordinates": [ [ 22.999277593111479, 58.370380054114108 ], [ 22.999262975895682, 58.37029957370023 ], [ 22.999235780205936, 58.370237142090076 ], [ 22.999166459676307, 58.370157139734772 ], [ 22.999087270588358, 58.370103881500341 ], [ 22.998869726975439, 58.369986493749806 ], [ 22.998564844886886, 58.369831488134068 ], [ 22.99834675138985, 58.369770845112185 ], [ 22.998103639454101, 58.369737213018922 ], [ 22.997779491473853, 58.3696492832347 ], [ 22.997507790429399, 58.369574739762726 ], [ 22.997439686599765, 58.369546467476013 ], [ 22.997387177809987, 58.369504677887221 ], [ 22.997331544036907, 58.369453192888344 ] ] } },
{ "type": "Feature", "properties": { "id": "e_501_tee_j.418125", "fid": 418125, "sys_id": 915850816, "etak_id": 4711363, "kood": 501, "kood_tekst": "Tee", "tyyp": 70, "tyyp_tekst": "Rada", "laius": 0, "teekate": 40, "teekate_tekst": "Pinnas", "liiklus": 10, "liiklus_tekst": "Kahesuunaline", "tee": null, "teeosa": null, "soidutee": 997, "soidutee_tekst": "Täitmata", "tee_synon": null, "teeosa_synon": null, "soidutee_synon": 997, "soidutee_synon_tekst": "Täitmata", "tee_synon2": null, "teeosa_synon2": null, "soidutee_synon2": 997, "soidutee_synon2_tekst": "Täitmata", "nimetus": null, "a_tasand": 0, "l_tasand": 0, "ads_oid": null, "ads_nimetus": null, "karto_nimi": null, "tahtsus": 997, "tahtsus_tekst": "Täitmata", "no_oid": null, "markused": null, "vajalik": 30, "vajalik_tekst": "Korras", "andmeallika_id": 46, "korgusallika_id": 210, "ruumikujuallika_id": 23, "muutmisaeg": "2020-04-13T15:43:17Z", "geom_muutmisaeg": "2007-04-30T11:57:46Z" }, "geometry": { "type": "LineString", "coordinates": [ [ 23.025665285551906, 58.373215313064385 ], [ 23.025411424125277, 58.373148984382155 ], [ 23.025182792789156, 58.373103608134954 ], [ 23.025143185897182, 58.373095754063471 ], [ 23.02473881892417, 58.373020642252399 ], [ 23.024468984488561, 58.37297574912327 ], [ 23.024249926983156, 58.372936541334212 ], [ 23.024010951653246, 58.372845109524597 ], [ 23.023905960907875, 58.372778937033331 ], [ 23.02370049935611, 58.372613043492834 ], [ 23.023539176319773, 58.372488873134152 ], [ 23.023481532230264, 58.372453502472325 ], [ 23.023132284142751, 58.372209285473197 ], [ 23.023052958575409, 58.372086747551975 ], [ 23.022994184263773, 58.371907249052079 ], [ 23.022869333738054, 58.371743847662103 ], [ 23.022758971858821, 58.371557237609885 ] ] } },
{ "type": "Feature", "properties": { "id": "e_501_tee_j.418267", "fid": 418267, "sys_id": 915850959, "etak_id": 4857970, "kood": 501, "kood_tekst": "Tee", "tyyp": 60, "tyyp_tekst": "Muu tee", "laius": 3, "teekate": 20, "teekate_tekst": "Kruuskate", "liiklus": 10, "liiklus_tekst": "Kahesuunaline", "tee": null, "teeosa": null, "soidutee": 997, "soidutee_tekst": "Täitmata", "tee_synon": null, "teeosa_synon": null, "soidutee_synon": 997, "soidutee_synon_tekst": "Täitmata", "tee_synon2": null, "teeosa_synon2": null, "soidutee_synon2": 997, "soidutee_synon2_tekst": "Täitmata", "nimetus": null, "a_tasand": 0, "l_tasand": 0, "ads_oid": null, "ads_nimetus": null, "karto_nimi": null, "tahtsus": 997, "tahtsus_tekst": "Täitmata", "no_oid": null, "markused": null, "vajalik": 30, "vajalik_tekst": "Korras", "andmeallika_id": 46, "korgusallika_id": 999, "ruumikujuallika_id": 46, "muutmisaeg": "2024-09-23T13:33:11Z", "geom_muutmisaeg": "2024-09-23T14:24:34Z" }, "geometry": { "type": "LineString", "coordinates": [ [ 23.010385937731552, 58.399337303393054 ], [ 23.010429133066431, 58.399343178236116 ], [ 23.010727340224602, 58.399375317070977 ], [ 23.010803128585472, 58.399385763228501 ], [ 23.010946441706018, 58.399405513912455 ], [ 23.011074949956377, 58.399432908027876 ], [ 23.011118511728117, 58.399445232667219 ], [ 23.011212021912641, 58.39948000619161 ], [ 23.011306550173416, 58.399539444900746 ], [ 23.011535670356579, 58.399696596874215 ], [ 23.011955427620666, 58.400030509227818 ], [ 23.012136104877193, 58.400169021395236 ], [ 23.012309662915072, 58.400371124086398 ], [ 23.012435436609859, 58.400534596071218 ], [ 23.012599274062488, 58.400695515618722 ], [ 23.012711264638657, 58.40078695599162 ], [ 23.012784521780482, 58.400839611390602 ], [ 23.012859709033375, 58.400885053260048 ], [ 23.012954561035322, 58.40091609142965 ], [ 23.0130435224603, 58.400928442843387 ], [ 23.01312481841472, 58.400934772683541 ], [ 23.013200373111328, 58.400930507365551 ], [ 23.013338754975372, 58.400920181211639 ], [ 23.01480062529637, 58.400782529685905 ], [ 23.014936755061729, 58.400760951250177 ] ] } },
{ "type": "Feature", "properties": { "id": "e_501_tee_j.418268", "fid": 418268, "sys_id": 915850960, "etak_id": 4854923, "kood": 501, "kood_tekst": "Tee", "tyyp": 70, "tyyp_tekst": "Rada", "laius": 0, "teekate": 40, "teekate_tekst": "Pinnas", "liiklus": 10, "liiklus_tekst": "Kahesuunaline", "tee": null, "teeosa": null, "soidutee": 997, "soidutee_tekst": "Täitmata", "tee_synon": null, "teeosa_synon": null, "soidutee_synon": 997, "soidutee_synon_tekst": "Täitmata", "tee_synon2": null, "teeosa_synon2": null, "soidutee_synon2": 997, "soidutee_synon2_tekst": "Täitmata", "nimetus": null, "a_tasand": 0, "l_tasand": 0, "ads_oid": null, "ads_nimetus": null, "karto_nimi": null, "tahtsus": 997, "tahtsus_tekst": "Täitmata", "no_oid": null, "markused": null, "vajalik": 30, "vajalik_tekst": "Korras", "andmeallika_id": 46, "korgusallika_id": 210, "ruumikujuallika_id": 23, "muutmisaeg": "2020-02-10T09:28:49Z", "geom_muutmisaeg": "2019-04-19T04:44:07Z" }, "geometry": { "type": "LineString", "coordinates": [ [ 23.013116473355961, 58.378867804030385 ], [ 23.013068000816201, 58.378822352856126 ], [ 23.012802929509867, 58.378506339443469 ], [ 23.012758167039962, 58.378452970066235 ], [ 23.012667378602121, 58.378389502154583 ], [ 23.012657369098058, 58.378382510626743 ], [ 23.012477835571659, 58.378257116885926 ], [ 23.012316421086872, 58.378189124615872 ], [ 23.012194254090595, 58.378137661525102 ], [ 23.012093476301182, 58.378095208502984 ], [ 23.011809598129961, 58.377989470482973 ] ] } },
{ "type": "Feature", "properties": { "id": "e_501_tee_j.427880", "fid": 427880, "sys_id": 915860553, "etak_id": 4595113, "kood": 501, "kood_tekst": "Tee", "tyyp": 30, "tyyp_tekst": "Kõrvalmaantee", "laius": 5, "teekate": 20, "teekate_tekst": "Kruuskate", "liiklus": 10, "liiklus_tekst": "Kahesuunaline", "tee": 21168.0, "teeosa": 1.0, "soidutee": 1, "soidutee_tekst": "Parempoolne või ainuke", "tee_synon": null, "teeosa_synon": null, "soidutee_synon": 997, "soidutee_synon_tekst": "Täitmata", "tee_synon2": null, "teeosa_synon2": null, "soidutee_synon2": 997, "soidutee_synon2_tekst": "Täitmata", "nimetus": "Kahtla-Ruhve tee", "a_tasand": 0, "l_tasand": 0, "ads_oid": null, "ads_nimetus": null, "karto_nimi": null, "tahtsus": 997, "tahtsus_tekst": "Täitmata", "no_oid": null, "markused": null, "vajalik": 30, "vajalik_tekst": "Korras", "andmeallika_id": 58, "korgusallika_id": 210, "ruumikujuallika_id": 147, "muutmisaeg": "2023-12-02T13:58:16Z", "geom_muutmisaeg": "2015-05-19T12:28:08Z" }, "geometry": { "type": "LineString", "coordinates": [ [ 23.012281212160168, 58.386051142543813 ], [ 23.012312351018526, 58.38600774353808 ], [ 23.013060659330954, 58.385089181406194 ], [ 23.013569938318028, 58.384480910489053 ], [ 23.014024818392294, 58.38395248439582 ], [ 23.014373020893839, 58.383563231070298 ], [ 23.014510955325001, 58.383418551167864 ] ] } },
{ "type": "Feature", "properties": { "id": "e_501_tee_j.431373", "fid": 431373, "sys_id": 915864056, "etak_id": 4829288, "kood": 501, "kood_tekst": "Tee", "tyyp": 70, "tyyp_tekst": "Rada", "laius": 0, "teekate": 40, "teekate_tekst": "Pinnas", "liiklus": 10, "liiklus_tekst": "Kahesuunaline", "tee": null, "teeosa": null, "soidutee": 997, "soidutee_tekst": "Täitmata", "tee_synon": null, "teeosa_synon": null, "soidutee_synon": 997, "soidutee_synon_tekst": "Täitmata", "tee_synon2": null, "teeosa_synon2": null, "soidutee_synon2": 997, "soidutee_synon2_tekst": "Täitmata", "nimetus": null, "a_tasand": 0, "l_tasand": 0, "ads_oid": null, "ads_nimetus": null, "karto_nimi": null, "tahtsus": 997, "tahtsus_tekst": "Täitmata", "no_oid": null, "markused": null, "vajalik": 30, "vajalik_tekst": "Korras", "andmeallika_id": 46, "korgusallika_id": 221, "ruumikujuallika_id": 46, "muutmisaeg": "2024-05-29T14:38:28Z", "geom_muutmisaeg": "2019-04-18T12:35:01Z" }, "geometry": { "type": "LineString", "coordinates": [ [ 23.015406477129236, 58.379219281861467 ], [ 23.015713957554979, 58.379147294090743 ] ] } },
{ "type": "Feature", "properties": { "id": "e_501_tee_j.431556", "fid": 431556, "sys_id": 915864240, "etak_id": 4786805, "kood": 501, "kood_tekst": "Tee", "tyyp": 70, "tyyp_tekst": "Rada", "laius": 0, "teekate": 40, "teekate_tekst": "Pinnas", "liiklus": 10, "liiklus_tekst": "Kahesuunaline", "tee": null, "teeosa": null, "soidutee": 997, "soidutee_tekst": "Täitmata", "tee_synon": null, "teeosa_synon": null, "soidutee_synon": 997, "soidutee_synon_tekst": "Täitmata", "tee_synon2": null, "teeosa_synon2": null, "soidutee_synon2": 997, "soidutee_synon2_tekst": "Täitmata", "nimetus": null, "a_tasand": 0, "l_tasand": 0, "ads_oid": null, "ads_nimetus": null, "karto_nimi": null, "tahtsus": 997, "tahtsus_tekst": "Täitmata", "no_oid": null, "markused": null, "vajalik": 30, "vajalik_tekst": "Korras", "andmeallika_id": 46, "korgusallika_id": 210, "ruumikujuallika_id": 147, "muutmisaeg": "2020-04-21T16:13:50Z", "geom_muutmisaeg": "2015-05-19T12:28:08Z" }, "geometry": { "type": "LineString", "coordinates": [ [ 23.026165483538271, 58.363465378082289 ], [ 23.026130006982552, 58.363407370026742 ], [ 23.025889448497701, 58.363301193987304 ], [ 23.025563190383927, 58.363216982273933 ], [ 23.025249074196093, 58.363175712022397 ], [ 23.025033787399362, 58.36314443574198 ], [ 23.024643678471037, 58.363076893481164 ], [ 23.024244935786864, 58.363006491425516 ], [ 23.023994164712601, 58.362948551703759 ], [ 23.023773463130624, 58.362878431977748 ], [ 23.023451722304916, 58.362754838853547 ], [ 23.023039892821693, 58.362651297716326 ], [ 23.022716746244384, 58.362553920712394 ], [ 23.022618820301275, 58.362536101048867 ], [ 23.022221639223552, 58.362452881994031 ], [ 23.021965670361094, 58.362416260359197 ], [ 23.021579327881852, 58.362299701075152 ], [ 23.021437567626588, 58.36226802150216 ], [ 23.021158276371239, 58.362205601231153 ], [ 23.020957712234544, 58.362145966264983 ], [ 23.020800529893307, 58.362077783206338 ] ] } },
{ "type": "Feature", "properties": { "id": "e_501_tee_j.432202", "fid": 432202, "sys_id": 915864883, "etak_id": 4830125, "kood": 501, "kood_tekst": "Tee", "tyyp": 70, "tyyp_tekst": "Rada", "laius": 0, "teekate": 40, "teekate_tekst": "Pinnas", "liiklus": 10, "liiklus_tekst": "Kahesuunaline", "tee": null, "teeosa": null, "soidutee": 997, "soidutee_tekst": "Täitmata", "tee_synon": null, "teeosa_synon": null, "soidutee_synon": 997, "soidutee_synon_tekst": "Täitmata", "tee_synon2": null, "teeosa_synon2": null, "soidutee_synon2": 997, "soidutee_synon2_tekst": "Täitmata", "nimetus": null, "a_tasand": 0, "l_tasand": 0, "ads_oid": null, "ads_nimetus": null, "karto_nimi": null, "tahtsus": 997, "tahtsus_tekst": "Täitmata", "no_oid": null, "markused": null, "vajalik": 30, "vajalik_tekst": "Korras", "andmeallika_id": 46, "korgusallika_id": 210, "ruumikujuallika_id": 23, "muutmisaeg": "2020-03-18T16:08:50Z", "geom_muutmisaeg": "2007-04-30T11:57:46Z" }, "geometry": { "type": "LineString", "coordinates": [ [ 23.019836545225502, 58.375539089275883 ], [ 23.019885670014791, 58.375413764068824 ] ] } },
{ "type": "Feature", "properties": { "id": "e_501_tee_j.433720", "fid": 433720, "sys_id": 915866394, "etak_id": 4638775, "kood": 501, "kood_tekst": "Tee", "tyyp": 60, "tyyp_tekst": "Muu tee", "laius": 3, "teekate": 40, "teekate_tekst": "Pinnas", "liiklus": 10, "liiklus_tekst": "Kahesuunaline", "tee": null, "teeosa": null, "soidutee": 997, "soidutee_tekst": "Täitmata", "tee_synon": null, "teeosa_synon": null, "soidutee_synon": 997, "soidutee_synon_tekst": "Täitmata", "tee_synon2": null, "teeosa_synon2": null, "soidutee_synon2": 997, "soidutee_synon2_tekst": "Täitmata", "nimetus": null, "a_tasand": 0, "l_tasand": 0, "ads_oid": null, "ads_nimetus": null, "karto_nimi": null, "tahtsus": 997, "tahtsus_tekst": "Täitmata", "no_oid": null, "markused": null, "vajalik": 30, "vajalik_tekst": "Korras", "andmeallika_id": 223, "korgusallika_id": 221, "ruumikujuallika_id": 223, "muutmisaeg": "2024-05-29T14:38:44Z", "geom_muutmisaeg": "2022-06-14T10:55:42Z" }, "geometry": { "type": "LineString", "coordinates": [ [ 23.007784502021664, 58.390870826134851 ], [ 23.007748001137767, 58.390858977140788 ], [ 23.007692232899686, 58.390840881451119 ], [ 23.007480704719264, 58.390801219264254 ], [ 23.007250602583333, 58.3907780511841 ], [ 23.006988636483232, 58.390761764617814 ], [ 23.006875424254758, 58.390765634549709 ], [ 23.006727129859922, 58.390793466969889 ], [ 23.006588307953649, 58.39082982249969 ], [ 23.006318389540478, 58.390923254799823 ], [ 23.006058570709705, 58.390998096964445 ], [ 23.005906374310946, 58.391046577630391 ], [ 23.005750966372648, 58.391075538851233 ], [ 23.005640237008709, 58.391085308527757 ], [ 23.005520760976175, 58.391086282038501 ], [ 23.005487547358204, 58.391108831118387 ], [ 23.005457743787172, 58.391139003310187 ], [ 23.005420154075154, 58.391188133233435 ], [ 23.005360170635271, 58.391261791096099 ], [ 23.005219743628086, 58.391363332067286 ], [ 23.00507948311542, 58.391478926943321 ], [ 23.005027535167592, 58.391521740158474 ] ] } },
{ "type": "Feature", "properties": { "id": "e_501_tee_j.433721", "fid": 433721, "sys_id": 915866395, "etak_id": 4641123, "kood": 501, "kood_tekst": "Tee", "tyyp": 70, "tyyp_tekst": "Rada", "laius": 0, "teekate": 40, "teekate_tekst": "Pinnas", "liiklus": 10, "liiklus_tekst": "Kahesuunaline", "tee": null, "teeosa": null, "soidutee": 997, "soidutee_tekst": "Täitmata", "tee_synon": null, "teeosa_synon": null, "soidutee_synon": 997, "soidutee_synon_tekst": "Täitmata", "tee_synon2": null, "teeosa_synon2": null, "soidutee_synon2": 997, "soidutee_synon2_tekst": "Täitmata", "nimetus": null, "a_tasand": 0, "l_tasand": 0, "ads_oid": null, "ads_nimetus": null, "karto_nimi": null, "tahtsus": 997, "tahtsus_tekst": "Täitmata", "no_oid": null, "markused": null, "vajalik": 30, "vajalik_tekst": "Korras", "andmeallika_id": 46, "korgusallika_id": 210, "ruumikujuallika_id": 23, "muutmisaeg": "2020-02-26T16:25:27Z", "geom_muutmisaeg": "2007-04-30T11:57:46Z" }, "geometry": { "type": "LineString", "coordinates": [ [ 23.018985985471485, 58.369111499560759 ], [ 23.019116171530829, 58.369260291629899 ], [ 23.019342452831879, 58.369508711740615 ], [ 23.019515503427478, 58.369698688841872 ], [ 23.019674764402968, 58.369896021664772 ], [ 23.019849802751651, 58.370152918916929 ] ] } },
{ "type": "Feature", "properties": { "id": "e_501_tee_j.434520", "fid": 434520, "sys_id": 915867187, "etak_id": 4679240, "kood": 501, "kood_tekst": "Tee", "tyyp": 30, "tyyp_tekst": "Kõrvalmaantee", "laius": 5, "teekate": 20, "teekate_tekst": "Kruuskate", "liiklus": 10, "liiklus_tekst": "Kahesuunaline", "tee": 21168.0, "teeosa": 1.0, "soidutee": 1, "soidutee_tekst": "Parempoolne või ainuke", "tee_synon": null, "teeosa_synon": null, "soidutee_synon": 997, "soidutee_synon_tekst": "Täitmata", "tee_synon2": null, "teeosa_synon2": null, "soidutee_synon2": 997, "soidutee_synon2_tekst": "Täitmata", "nimetus": "Kahtla-Ruhve tee", "a_tasand": 0, "l_tasand": 0, "ads_oid": null, "ads_nimetus": null, "karto_nimi": null, "tahtsus": 997, "tahtsus_tekst": "Täitmata", "no_oid": null, "markused": null, "vajalik": 30, "vajalik_tekst": "Korras", "andmeallika_id": 58, "korgusallika_id": 221, "ruumikujuallika_id": 223, "muutmisaeg": "2024-05-29T14:30:33Z", "geom_muutmisaeg": "2022-06-01T11:43:46Z" }, "geometry": { "type": "LineString", "coordinates": [ [ 23.02492930610126, 58.37951424316531 ], [ 23.025071763838728, 58.379524570663321 ], [ 23.025561694697814, 58.379596733056772 ], [ 23.025972949589502, 58.379679014814108 ] ] } },
{ "type": "Feature", "properties": { "id": "e_501_tee_j.434531", "fid": 434531, "sys_id": 915867198, "etak_id": 4604028, "kood": 501, "kood_tekst": "Tee", "tyyp": 70, "tyyp_tekst": "Rada", "laius": 0, "teekate": 40, "teekate_tekst": "Pinnas", "liiklus": 10, "liiklus_tekst": "Kahesuunaline", "tee": null, "teeosa": null, "soidutee": 997, "soidutee_tekst": "Täitmata", "tee_synon": null, "teeosa_synon": null, "soidutee_synon": 997, "soidutee_synon_tekst": "Täitmata", "tee_synon2": null, "teeosa_synon2": null, "soidutee_synon2": 997, "soidutee_synon2_tekst": "Täitmata", "nimetus": null, "a_tasand": 0, "l_tasand": 0, "ads_oid": null, "ads_nimetus": null, "karto_nimi": null, "tahtsus": 997, "tahtsus_tekst": "Täitmata", "no_oid": null, "markused": null, "vajalik": 30, "vajalik_tekst": "Korras", "andmeallika_id": 46, "korgusallika_id": 221, "ruumikujuallika_id": 46, "muutmisaeg": "2024-05-29T14:24:44Z", "geom_muutmisaeg": "2021-12-06T16:05:19Z" }, "geometry": { "type": "LineString", "coordinates": [ [ 23.021004517086681, 58.372309377431527 ], [ 23.021024226507549, 58.372252060548661 ], [ 23.021127164320113, 58.372132858426532 ], [ 23.021166209334542, 58.372087650307449 ], [ 23.021249118921741, 58.371964002389653 ], [ 23.021263203959926, 58.371943017813223 ], [ 23.021405528531808, 58.371723135345341 ], [ 23.021496684443171, 58.371524033921844 ], [ 23.021656192135733, 58.371263785902379 ], [ 23.021680444011963, 58.371221319710436 ], [ 23.021880878048709, 58.370884234242261 ], [ 23.02210250771456, 58.370429878550688 ], [ 23.022264357048464, 58.37013417024361 ], [ 23.022453363839286, 58.369746532322743 ], [ 23.022459698757316, 58.369727634347392 ] ] } },
{ "type": "Feature", "properties": { "id": "e_501_tee_j.434677", "fid": 434677, "sys_id": 915867341, "etak_id": 4661704, "kood": 501, "kood_tekst": "Tee", "tyyp": 70, "tyyp_tekst": "Rada", "laius": 0, "teekate": 40, "teekate_tekst": "Pinnas", "liiklus": 10, "liiklus_tekst": "Kahesuunaline", "tee": null, "teeosa": null, "soidutee": 997, "soidutee_tekst": "Täitmata", "tee_synon": null, "teeosa_synon": null, "soidutee_synon": 997, "soidutee_synon_tekst": "Täitmata", "tee_synon2": null, "teeosa_synon2": null, "soidutee_synon2": 997, "soidutee_synon2_tekst": "Täitmata", "nimetus": null, "a_tasand": 0, "l_tasand": 0, "ads_oid": null, "ads_nimetus": null, "karto_nimi": null, "tahtsus": 997, "tahtsus_tekst": "Täitmata", "no_oid": null, "markused": null, "vajalik": 30, "vajalik_tekst": "Korras", "andmeallika_id": 46, "korgusallika_id": 210, "ruumikujuallika_id": 23, "muutmisaeg": "2020-04-20T16:05:52Z", "geom_muutmisaeg": "2007-04-30T11:57:46Z" }, "geometry": { "type": "LineString", "coordinates": [ [ 23.017186537528101, 58.373151312544636 ], [ 23.017407030488158, 58.373230762213069 ], [ 23.017484371750502, 58.373265092979487 ], [ 23.017607433605814, 58.373319682808173 ], [ 23.018012122951188, 58.37351162359041 ], [ 23.018432877228221, 58.373685377604076 ], [ 23.018845080871891, 58.37384102490946 ], [ 23.019191674156819, 58.373922239600859 ], [ 23.019698868282369, 58.374055087821333 ], [ 23.019884676152852, 58.374085329180147 ], [ 23.020057464202168, 58.374159666837627 ], [ 23.020188661506456, 58.374205310245891 ] ] } },
{ "type": "Feature", "properties": { "id": "e_501_tee_j.445537", "fid": 445537, "sys_id": 915878204, "etak_id": 4596618, "kood": 501, "kood_tekst": "Tee", "tyyp": 70, "tyyp_tekst": "Rada", "laius": 0, "teekate": 40, "teekate_tekst": "Pinnas", "liiklus": 10, "liiklus_tekst": "Kahesuunaline", "tee": null, "teeosa": null, "soidutee": 997, "soidutee_tekst": "Täitmata", "tee_synon": null, "teeosa_synon": null, "soidutee_synon": 997, "soidutee_synon_tekst": "Täitmata", "tee_synon2": null, "teeosa_synon2": null, "soidutee_synon2": 997, "soidutee_synon2_tekst": "Täitmata", "nimetus": null, "a_tasand": 0, "l_tasand": 0, "ads_oid": null, "ads_nimetus": null, "karto_nimi": null, "tahtsus": 997, "tahtsus_tekst": "Täitmata", "no_oid": null, "markused": null, "vajalik": 30, "vajalik_tekst": "Korras", "andmeallika_id": 46, "korgusallika_id": 210, "ruumikujuallika_id": 147, "muutmisaeg": "2020-03-11T15:49:35Z", "geom_muutmisaeg": "2015-05-19T12:28:08Z" }, "geometry": { "type": "LineString", "coordinates": [ [ 23.023400281707652, 58.375393203415335 ], [ 23.023175131688415, 58.375275458602459 ], [ 23.022993821647503, 58.375181314410867 ], [ 23.022860160906649, 58.375073850067729 ], [ 23.022754557434414, 58.374988932033091 ], [ 23.022515948934121, 58.374927042461685 ] ] } },
{ "type": "Feature", "properties": { "id": "e_501_tee_j.446117", "fid": 446117, "sys_id": 915878786, "etak_id": 4606053, "kood": 501, "kood_tekst": "Tee", "tyyp": 70, "tyyp_tekst": "Rada", "laius": 0, "teekate": 40, "teekate_tekst": "Pinnas", "liiklus": 10, "liiklus_tekst": "Kahesuunaline", "tee": null, "teeosa": null, "soidutee": 997, "soidutee_tekst": "Täitmata", "tee_synon": null, "teeosa_synon": null, "soidutee_synon": 997, "soidutee_synon_tekst": "Täitmata", "tee_synon2": null, "teeosa_synon2": null, "soidutee_synon2": 997, "soidutee_synon2_tekst": "Täitmata", "nimetus": null, "a_tasand": 0, "l_tasand": 0, "ads_oid": null, "ads_nimetus": null, "karto_nimi": null, "tahtsus": 997, "tahtsus_tekst": "Täitmata", "no_oid": null, "markused": null, "vajalik": 30, "vajalik_tekst": "Korras", "andmeallika_id": 222, "korgusallika_id": 222, "ruumikujuallika_id": 222, "muutmisaeg": "2022-11-29T16:29:42Z", "geom_muutmisaeg": "2022-11-29T16:30:30Z" }, "geometry": { "type": "LineString", "coordinates": [ [ 23.031667767844006, 58.367937693670626 ], [ 23.031507087345219, 58.367986417891004 ], [ 23.031457346599026, 58.367992397885985 ], [ 23.031258623387949, 58.368016292554962 ], [ 23.030969166955078, 58.368059638882976 ], [ 23.030850918004965, 58.368079779822281 ], [ 23.030245384714569, 58.368117123713709 ], [ 23.030073361041591, 58.368140752451488 ], [ 23.02999817642414, 58.368150974356929 ], [ 23.0299150801678, 58.368155577868905 ], [ 23.029854339929024, 58.368155107284196 ], [ 23.029811466467489, 58.368151854170442 ], [ 23.029671590925048, 58.368141227984026 ], [ 23.029121532428114, 58.36808473183963 ] ] } },
{ "type": "Feature", "properties": { "id": "e_501_tee_j.446211", "fid": 446211, "sys_id": 915878881, "etak_id": 5008877, "kood": 501, "kood_tekst": "Tee", "tyyp": 60, "tyyp_tekst": "Muu tee", "laius": 3, "teekate": 40, "teekate_tekst": "Pinnas", "liiklus": 10, "liiklus_tekst": "Kahesuunaline", "tee": null, "teeosa": null, "soidutee": 997, "soidutee_tekst": "Täitmata", "tee_synon": null, "teeosa_synon": null, "soidutee_synon": 997, "soidutee_synon_tekst": "Täitmata", "tee_synon2": null, "teeosa_synon2": null, "soidutee_synon2": 997, "soidutee_synon2_tekst": "Täitmata", "nimetus": null, "a_tasand": 0, "l_tasand": 0, "ads_oid": null, "ads_nimetus": null, "karto_nimi": null, "tahtsus": 997, "tahtsus_tekst": "Täitmata", "no_oid": null, "markused": null, "vajalik": 30, "vajalik_tekst": "Korras", "andmeallika_id": 222, "korgusallika_id": 222, "ruumikujuallika_id": 222, "muutmisaeg": "2022-06-08T13:10:19Z", "geom_muutmisaeg": "2022-06-08T13:15:04Z" }, "geometry": { "type": "LineString", "coordinates": [ [ 23.030158514195573, 58.363863459782337 ], [ 23.030271280638065, 58.363799252102432 ], [ 23.030384343406208, 58.363726121088078 ], [ 23.030568574822578, 58.363606379898393 ], [ 23.030688797511111, 58.36351579324365 ], [ 23.030777589648942, 58.363443465300477 ], [ 23.030809809539843, 58.36340579908795 ] ] } },
{ "type": "Feature", "properties": { "id": "e_501_tee_j.449280", "fid": 449280, "sys_id": 915881940, "etak_id": 4718906, "kood": 501, "kood_tekst": "Tee", "tyyp": 60, "tyyp_tekst": "Muu tee", "laius": 3, "teekate": 20, "teekate_tekst": "Kruuskate", "liiklus": 10, "liiklus_tekst": "Kahesuunaline", "tee": 3860006.0, "teeosa": 1.0, "soidutee": 1, "soidutee_tekst": "Parempoolne või ainuke", "tee_synon": null, "teeosa_synon": null, "soidutee_synon": 997, "soidutee_synon_tekst": "Täitmata", "tee_synon2": null, "teeosa_synon2": null, "soidutee_synon2": 997, "soidutee_synon2_tekst": "Täitmata", "nimetus": "Pärdi tee", "a_tasand": 0, "l_tasand": 0, "ads_oid": null, "ads_nimetus": null, "karto_nimi": null, "tahtsus": 997, "tahtsus_tekst": "Täitmata", "no_oid": null, "markused": null, "vajalik": 30, "vajalik_tekst": "Korras", "andmeallika_id": 215, "korgusallika_id": 210, "ruumikujuallika_id": 58, "muutmisaeg": "2019-08-07T09:48:10Z", "geom_muutmisaeg": "2007-04-30T11:57:46Z" }, "geometry": { "type": "LineString", "coordinates": [ [ 23.022758971858821, 58.371557237609885 ], [ 23.022775881563724, 58.371385052839152 ], [ 23.022773050982916, 58.371215949535809 ], [ 23.022781749713424, 58.371154956369693 ], [ 23.022798970082796, 58.370990047265707 ], [ 23.02284728312145, 58.370831751509229 ], [ 23.022825131392842, 58.37068143781562 ], [ 23.022766713629807, 58.370526186210945 ], [ 23.022678710401287, 58.370340815739034 ], [ 23.022615864011623, 58.370215880439979 ], [ 23.022587796816957, 58.370069391509581 ], [ 23.022577055783646, 58.369815821473807 ] ] } },
{ "type": "Feature", "properties": { "id": "e_501_tee_j.449499", "fid": 449499, "sys_id": 915882197, "etak_id": 4589154, "kood": 501, "kood_tekst": "Tee", "tyyp": 70, "tyyp_tekst": "Rada", "laius": 0, "teekate": 40, "teekate_tekst": "Pinnas", "liiklus": 10, "liiklus_tekst": "Kahesuunaline", "tee": null, "teeosa": null, "soidutee": 997, "soidutee_tekst": "Täitmata", "tee_synon": null, "teeosa_synon": null, "soidutee_synon": 997, "soidutee_synon_tekst": "Täitmata", "tee_synon2": null, "teeosa_synon2": null, "soidutee_synon2": 997, "soidutee_synon2_tekst": "Täitmata", "nimetus": null, "a_tasand": 0, "l_tasand": 0, "ads_oid": null, "ads_nimetus": null, "karto_nimi": null, "tahtsus": 997, "tahtsus_tekst": "Täitmata", "no_oid": null, "markused": null, "vajalik": 30, "vajalik_tekst": "Korras", "andmeallika_id": 46, "korgusallika_id": 210, "ruumikujuallika_id": 23, "muutmisaeg": "2020-04-09T11:27:03Z", "geom_muutmisaeg": "2015-05-19T12:28:08Z" }, "geometry": { "type": "LineString", "coordinates": [ [ 23.001149506469265, 58.382217900791346 ], [ 23.001064420521011, 58.382203927761076 ], [ 23.000836731152855, 58.382166525167591 ], [ 23.00048365710726, 58.382065258025605 ], [ 23.000010545031749, 58.381976878268674 ], [ 22.999175002893594, 58.381815976551231 ], [ 22.998387176218898, 58.381672773842368 ], [ 22.997073030173215, 58.381417438243297 ], [ 22.996171298730783, 58.381242231349354 ], [ 22.995050900296416, 58.381005970306028 ], [ 22.994715291711042, 58.380940652338793 ] ] } },
{ "type": "Feature", "properties": { "id": "e_501_tee_j.464716", "fid": 464716, "sys_id": 915897319, "etak_id": 4938246, "kood": 501, "kood_tekst": "Tee", "tyyp": 60, "tyyp_tekst": "Muu tee", "laius": 3, "teekate": 40, "teekate_tekst": "Pinnas", "liiklus": 10, "liiklus_tekst": "Kahesuunaline", "tee": null, "teeosa": null, "soidutee": 997, "soidutee_tekst": "Täitmata", "tee_synon": null, "teeosa_synon": null, "soidutee_synon": 997, "soidutee_synon_tekst": "Täitmata", "tee_synon2": null, "teeosa_synon2": null, "soidutee_synon2": 997, "soidutee_synon2_tekst": "Täitmata", "nimetus": null, "a_tasand": 0, "l_tasand": 0, "ads_oid": null, "ads_nimetus": null, "karto_nimi": null, "tahtsus": 997, "tahtsus_tekst": "Täitmata", "no_oid": null, "markused": null, "vajalik": 30, "vajalik_tekst": "Korras", "andmeallika_id": 46, "korgusallika_id": 210, "ruumikujuallika_id": 46, "muutmisaeg": "2018-01-03T10:38:26Z", "geom_muutmisaeg": "2016-04-22T02:09:35Z" }, "geometry": { "type": "LineString", "coordinates": [ [ 23.02413543398508, 58.378508730131692 ], [ 23.024294229860104, 58.378595597813458 ], [ 23.024852241369143, 58.378927517556477 ], [ 23.024947438337481, 58.378997448492797 ], [ 23.025143682635317, 58.379136591561071 ], [ 23.02523713371361, 58.379193668450021 ], [ 23.025446860107927, 58.379308382324751 ], [ 23.025778270727528, 58.37951456320932 ], [ 23.025943298469343, 58.379653960696231 ], [ 23.025972949589502, 58.379679014814108 ] ] } },
{ "type": "Feature", "properties": { "id": "e_501_tee_j.464745", "fid": 464745, "sys_id": 915897347, "etak_id": 4589151, "kood": 501, "kood_tekst": "Tee", "tyyp": 70, "tyyp_tekst": "Rada", "laius": 0, "teekate": 40, "teekate_tekst": "Pinnas", "liiklus": 10, "liiklus_tekst": "Kahesuunaline", "tee": null, "teeosa": null, "soidutee": 997, "soidutee_tekst": "Täitmata", "tee_synon": null, "teeosa_synon": null, "soidutee_synon": 997, "soidutee_synon_tekst": "Täitmata", "tee_synon2": null, "teeosa_synon2": null, "soidutee_synon2": 997, "soidutee_synon2_tekst": "Täitmata", "nimetus": null, "a_tasand": 0, "l_tasand": 0, "ads_oid": null, "ads_nimetus": null, "karto_nimi": null, "tahtsus": 997, "tahtsus_tekst": "Täitmata", "no_oid": null, "markused": null, "vajalik": 30, "vajalik_tekst": "Korras", "andmeallika_id": 222, "korgusallika_id": 222, "ruumikujuallika_id": 222, "muutmisaeg": "2023-02-09T11:10:25Z", "geom_muutmisaeg": "2023-02-09T11:11:28Z" }, "geometry": { "type": "LineString", "coordinates": [ [ 23.021220931927548, 58.381254943192047 ], [ 23.021189751693488, 58.381257308219482 ], [ 23.020526877857144, 58.381271980238793 ], [ 23.020239004096627, 58.381283510330782 ], [ 23.019762294517729, 58.381286227304564 ], [ 23.019101535266334, 58.381280165806885 ], [ 23.018626623356322, 58.381304263267921 ], [ 23.018321565365429, 58.381368006755061 ], [ 23.018025956022697, 58.38138099889786 ], [ 23.017986582593682, 58.381382276493262 ] ] } },
{ "type": "Feature", "properties": { "id": "e_501_tee_j.465834", "fid": 465834, "sys_id": 915898428, "etak_id": 4875865, "kood": 501, "kood_tekst": "Tee", "tyyp": 60, "tyyp_tekst": "Muu tee", "laius": 4, "teekate": 20, "teekate_tekst": "Kruuskate", "liiklus": 10, "liiklus_tekst": "Kahesuunaline", "tee": 3860006.0, "teeosa": 1.0, "soidutee": 1, "soidutee_tekst": "Parempoolne või ainuke", "tee_synon": null, "teeosa_synon": null, "soidutee_synon": 997, "soidutee_synon_tekst": "Täitmata", "tee_synon2": null, "teeosa_synon2": null, "soidutee_synon2": 997, "soidutee_synon2_tekst": "Täitmata", "nimetus": "Pärdi tee", "a_tasand": 0, "l_tasand": 0, "ads_oid": null, "ads_nimetus": null, "karto_nimi": null, "tahtsus": 997, "tahtsus_tekst": "Täitmata", "no_oid": null, "markused": null, "vajalik": 30, "vajalik_tekst": "Korras", "andmeallika_id": 222, "korgusallika_id": 222, "ruumikujuallika_id": 222, "muutmisaeg": "2023-02-09T11:29:59Z", "geom_muutmisaeg": "2023-02-09T11:39:27Z" }, "geometry": { "type": "LineString", "coordinates": [ [ 23.023336325500384, 58.375156808150649 ], [ 23.02331953298555, 58.375116371295853 ], [ 23.023237649024598, 58.374978576003372 ], [ 23.023227752123507, 58.374961933347542 ], [ 23.023153551749516, 58.374839255183694 ], [ 23.023107670360016, 58.374735838901977 ], [ 23.023087965793785, 58.374646325418382 ], [ 23.023091754976548, 58.374558976136164 ] ] } },
{ "type": "Feature", "properties": { "id": "e_501_tee_j.474230", "fid": 474230, "sys_id": 915906823, "etak_id": 4680606, "kood": 501, "kood_tekst": "Tee", "tyyp": 60, "tyyp_tekst": "Muu tee", "laius": 3, "teekate": 40, "teekate_tekst": "Pinnas", "liiklus": 10, "liiklus_tekst": "Kahesuunaline", "tee": null, "teeosa": null, "soidutee": 997, "soidutee_tekst": "Täitmata", "tee_synon": null, "teeosa_synon": null, "soidutee_synon": 997, "soidutee_synon_tekst": "Täitmata", "tee_synon2": null, "teeosa_synon2": null, "soidutee_synon2": 997, "soidutee_synon2_tekst": "Täitmata", "nimetus": null, "a_tasand": 0, "l_tasand": 0, "ads_oid": null, "ads_nimetus": null, "karto_nimi": null, "tahtsus": 997, "tahtsus_tekst": "Täitmata", "no_oid": null, "markused": null, "vajalik": 30, "vajalik_tekst": "Korras", "andmeallika_id": 46, "korgusallika_id": 210, "ruumikujuallika_id": 23, "muutmisaeg": "2018-01-03T10:38:18Z", "geom_muutmisaeg": "2007-04-30T11:57:46Z" }, "geometry": { "type": "LineString", "coordinates": [ [ 22.996651821615753, 58.385187523969321 ], [ 22.996698124185151, 58.385218687128919 ] ] } },
{ "type": "Feature", "properties": { "id": "e_501_tee_j.475011", "fid": 475011, "sys_id": 915907605, "etak_id": 4781729, "kood": 501, "kood_tekst": "Tee", "tyyp": 70, "tyyp_tekst": "Rada", "laius": 0, "teekate": 40, "teekate_tekst": "Pinnas", "liiklus": 10, "liiklus_tekst": "Kahesuunaline", "tee": null, "teeosa": null, "soidutee": 997, "soidutee_tekst": "Täitmata", "tee_synon": null, "teeosa_synon": null, "soidutee_synon": 997, "soidutee_synon_tekst": "Täitmata", "tee_synon2": null, "teeosa_synon2": null, "soidutee_synon2": 997, "soidutee_synon2_tekst": "Täitmata", "nimetus": null, "a_tasand": 0, "l_tasand": 0, "ads_oid": null, "ads_nimetus": null, "karto_nimi": null, "tahtsus": 997, "tahtsus_tekst": "Täitmata", "no_oid": null, "markused": null, "vajalik": 30, "vajalik_tekst": "Korras", "andmeallika_id": 46, "korgusallika_id": 210, "ruumikujuallika_id": 23, "muutmisaeg": "2020-05-22T09:23:22Z", "geom_muutmisaeg": "2007-04-30T11:57:46Z" }, "geometry": { "type": "LineString", "coordinates": [ [ 23.026165483538271, 58.363465378082289 ], [ 23.026155758635028, 58.363310230104624 ], [ 23.02607701669935, 58.363197836083586 ], [ 23.026030605285687, 58.363040872671682 ], [ 23.025986098794128, 58.362864456492481 ], [ 23.025892400242146, 58.362736862853318 ], [ 23.025819488201797, 58.362592896769989 ], [ 23.025727425453333, 58.362375261333568 ], [ 23.025692668386387, 58.362322197286886 ], [ 23.025516339261049, 58.361988255046434 ] ] } },
{ "type": "Feature", "properties": { "id": "e_501_tee_j.476277", "fid": 476277, "sys_id": 915908862, "etak_id": 4938112, "kood": 501, "kood_tekst": "Tee", "tyyp": 60, "tyyp_tekst": "Muu tee", "laius": 3, "teekate": 20, "teekate_tekst": "Kruuskate", "liiklus": 10, "liiklus_tekst": "Kahesuunaline", "tee": 3860127.0, "teeosa": 1.0, "soidutee": 1, "soidutee_tekst": "Parempoolne või ainuke", "tee_synon": null, "teeosa_synon": null, "soidutee_synon": 997, "soidutee_synon_tekst": "Täitmata", "tee_synon2": null, "teeosa_synon2": null, "soidutee_synon2": 997, "soidutee_synon2_tekst": "Täitmata", "nimetus": "Asva lauda tee", "a_tasand": 0, "l_tasand": 0, "ads_oid": null, "ads_nimetus": null, "karto_nimi": null, "tahtsus": 997, "tahtsus_tekst": "Täitmata", "no_oid": null, "markused": null, "vajalik": 30, "vajalik_tekst": "Korras", "andmeallika_id": 215, "korgusallika_id": 210, "ruumikujuallika_id": 147, "muutmisaeg": "2019-08-02T09:13:10Z", "geom_muutmisaeg": "2015-05-19T12:28:08Z" }, "geometry": { "type": "LineString", "coordinates": [ [ 23.004748629029169, 58.407513481931836 ], [ 23.004773618930926, 58.407537292335583 ], [ 23.005315833778944, 58.407996059266289 ], [ 23.005442256612, 58.408116998803173 ] ] } },
{ "type": "Feature", "properties": { "id": "e_501_tee_j.479410", "fid": 479410, "sys_id": 915911990, "etak_id": 4565472, "kood": 501, "kood_tekst": "Tee", "tyyp": 70, "tyyp_tekst": "Rada", "laius": 0, "teekate": 40, "teekate_tekst": "Pinnas", "liiklus": 10, "liiklus_tekst": "Kahesuunaline", "tee": null, "teeosa": null, "soidutee": 997, "soidutee_tekst": "Täitmata", "tee_synon": null, "teeosa_synon": null, "soidutee_synon": 997, "soidutee_synon_tekst": "Täitmata", "tee_synon2": null, "teeosa_synon2": null, "soidutee_synon2": 997, "soidutee_synon2_tekst": "Täitmata", "nimetus": null, "a_tasand": 0, "l_tasand": 0, "ads_oid": null, "ads_nimetus": null, "karto_nimi": null, "tahtsus": 997, "tahtsus_tekst": "Täitmata", "no_oid": null, "markused": null, "vajalik": 30, "vajalik_tekst": "Korras", "andmeallika_id": 46, "korgusallika_id": 210, "ruumikujuallika_id": 147, "muutmisaeg": "2020-02-26T14:22:07Z", "geom_muutmisaeg": "2015-05-19T12:28:08Z" }, "geometry": { "type": "LineString", "coordinates": [ [ 22.994715291711042, 58.380940652338793 ], [ 22.994459249415545, 58.380890865884759 ], [ 22.993818515674597, 58.380722653742083 ], [ 22.993106013955646, 58.380589359161945 ], [ 22.99265354823229, 58.380485732873453 ], [ 22.991291076582527, 58.380209931712649 ], [ 22.991005607992161, 58.380154697728869 ], [ 22.990203036337547, 58.380009432790906 ], [ 22.98985300290191, 58.379923155534243 ], [ 22.989527900962756, 58.379867703451104 ] ] } },
{ "type": "Feature", "properties": { "id": "e_501_tee_j.480365", "fid": 480365, "sys_id": 915912943, "etak_id": 4853657, "kood": 501, "kood_tekst": "Tee", "tyyp": 70, "tyyp_tekst": "Rada", "laius": 0, "teekate": 40, "teekate_tekst": "Pinnas", "liiklus": 10, "liiklus_tekst": "Kahesuunaline", "tee": null, "teeosa": null, "soidutee": 997, "soidutee_tekst": "Täitmata", "tee_synon": null, "teeosa_synon": null, "soidutee_synon": 997, "soidutee_synon_tekst": "Täitmata", "tee_synon2": null, "teeosa_synon2": null, "soidutee_synon2": 997, "soidutee_synon2_tekst": "Täitmata", "nimetus": null, "a_tasand": 0, "l_tasand": 0, "ads_oid": null, "ads_nimetus": null, "karto_nimi": null, "tahtsus": 997, "tahtsus_tekst": "Täitmata", "no_oid": null, "markused": null, "vajalik": 30, "vajalik_tekst": "Korras", "andmeallika_id": 222, "korgusallika_id": 222, "ruumikujuallika_id": 222, "muutmisaeg": "2023-03-16T10:43:30Z", "geom_muutmisaeg": "2023-03-16T11:02:49Z" }, "geometry": { "type": "LineString", "coordinates": [ [ 23.018789469673706, 58.379840071276256 ], [ 23.018749034048799, 58.37989857548591 ], [ 23.018653220966446, 58.380000859593167 ], [ 23.018462180919727, 58.380199056749319 ], [ 23.018298132347347, 58.38036781123288 ], [ 23.018022138161658, 58.380671580675063 ], [ 23.017866107813692, 58.380853658832471 ], [ 23.017631763239866, 58.381073018375488 ], [ 23.017597654450555, 58.38111173546335 ], [ 23.017411608342403, 58.381322917808369 ], [ 23.017352147792145, 58.381417336400375 ], [ 23.017330112701092, 58.381462018840892 ] ] } },
{ "type": "Feature", "properties": { "id": "e_501_tee_j.480870", "fid": 480870, "sys_id": 915913451, "etak_id": 4669246, "kood": 501, "kood_tekst": "Tee", "tyyp": 60, "tyyp_tekst": "Muu tee", "laius": 3, "teekate": 20, "teekate_tekst": "Kruuskate", "liiklus": 10, "liiklus_tekst": "Kahesuunaline", "tee": null, "teeosa": null, "soidutee": 997, "soidutee_tekst": "Täitmata", "tee_synon": null, "teeosa_synon": null, "soidutee_synon": 997, "soidutee_synon_tekst": "Täitmata", "tee_synon2": null, "teeosa_synon2": null, "soidutee_synon2": 997, "soidutee_synon2_tekst": "Täitmata", "nimetus": null, "a_tasand": 0, "l_tasand": 0, "ads_oid": null, "ads_nimetus": null, "karto_nimi": null, "tahtsus": 997, "tahtsus_tekst": "Täitmata", "no_oid": null, "markused": null, "vajalik": 30, "vajalik_tekst": "Korras", "andmeallika_id": 46, "korgusallika_id": 222, "ruumikujuallika_id": 222, "muutmisaeg": "2023-06-29T15:27:27Z", "geom_muutmisaeg": "2022-11-30T12:02:01Z" }, "geometry": { "type": "LineString", "coordinates": [ [ 23.0255369410004, 58.367836435975143 ], [ 23.025619301586495, 58.367779937909056 ], [ 23.025655701598296, 58.367738533507357 ], [ 23.025708000020281, 58.367659842378636 ], [ 23.025801331464042, 58.367569333260477 ], [ 23.025882878409416, 58.367511320287406 ], [ 23.026274701521508, 58.367274363003368 ], [ 23.026520146107067, 58.367113106830011 ], [ 23.026741253944831, 58.366959889748742 ], [ 23.026845061276372, 58.366911905253261 ], [ 23.026855534231785, 58.366907046442542 ], [ 23.026907032802399, 58.366883176782771 ], [ 23.026955976516973, 58.36686518707328 ], [ 23.027070507547887, 58.366820570593013 ], [ 23.027134110508072, 58.366780396774082 ], [ 23.027169366653219, 58.366753089830866 ], [ 23.027222350772977, 58.36670138634436 ], [ 23.027305847187431, 58.366550908824827 ], [ 23.027400229834772, 58.366365081611988 ], [ 23.027494650920008, 58.366154291981339 ], [ 23.027581103601282, 58.365947365566235 ], [ 23.027733892538368, 58.365627687619863 ], [ 23.027963810693297, 58.365282125713676 ], [ 23.027996702260786, 58.365216557417163 ], [ 23.02803512055274, 58.365115401062859 ] ] } },
{ "type": "Feature", "properties": { "id": "e_501_tee_j.481310", "fid": 481310, "sys_id": 915913891, "etak_id": 4865405, "kood": 501, "kood_tekst": "Tee", "tyyp": 70, "tyyp_tekst": "Rada", "laius": 0, "teekate": 40, "teekate_tekst": "Pinnas", "liiklus": 10, "liiklus_tekst": "Kahesuunaline", "tee": null, "teeosa": null, "soidutee": 997, "soidutee_tekst": "Täitmata", "tee_synon": null, "teeosa_synon": null, "soidutee_synon": 997, "soidutee_synon_tekst": "Täitmata", "tee_synon2": null, "teeosa_synon2": null, "soidutee_synon2": 997, "soidutee_synon2_tekst": "Täitmata", "nimetus": null, "a_tasand": 0, "l_tasand": 0, "ads_oid": null, "ads_nimetus": null, "karto_nimi": null, "tahtsus": 997, "tahtsus_tekst": "Täitmata", "no_oid": null, "markused": null, "vajalik": 30, "vajalik_tekst": "Korras", "andmeallika_id": 223, "korgusallika_id": 221, "ruumikujuallika_id": 223, "muutmisaeg": "2024-05-29T14:54:04Z", "geom_muutmisaeg": "2022-06-01T09:43:17Z" }, "geometry": { "type": "LineString", "coordinates": [ [ 23.011278061475156, 58.384850998544451 ], [ 23.011396177686681, 58.384895884986555 ], [ 23.011494082006784, 58.384953661929458 ], [ 23.011545582483709, 58.385017562772866 ], [ 23.011647508479733, 58.38520928931905 ], [ 23.011761274919859, 58.38542329546091 ], [ 23.012118600360772, 58.385961177494025 ], [ 23.012196137706489, 58.385999697167854 ], [ 23.012254737601573, 58.386028812587369 ], [ 23.012281212160168, 58.386051142543813 ] ] } },
{ "type": "Feature", "properties": { "id": "e_501_tee_j.481774", "fid": 481774, "sys_id": 915914354, "etak_id": 4987212, "kood": 501, "kood_tekst": "Tee", "tyyp": 60, "tyyp_tekst": "Muu tee", "laius": 3, "teekate": 40, "teekate_tekst": "Pinnas", "liiklus": 10, "liiklus_tekst": "Kahesuunaline", "tee": null, "teeosa": null, "soidutee": 997, "soidutee_tekst": "Täitmata", "tee_synon": null, "teeosa_synon": null, "soidutee_synon": 997, "soidutee_synon_tekst": "Täitmata", "tee_synon2": null, "teeosa_synon2": null, "soidutee_synon2": 997, "soidutee_synon2_tekst": "Täitmata", "nimetus": null, "a_tasand": 0, "l_tasand": 0, "ads_oid": null, "ads_nimetus": null, "karto_nimi": null, "tahtsus": 997, "tahtsus_tekst": "Täitmata", "no_oid": null, "markused": null, "vajalik": 30, "vajalik_tekst": "Korras", "andmeallika_id": 46, "korgusallika_id": 999, "ruumikujuallika_id": 46, "muutmisaeg": "2025-02-03T14:13:16Z", "geom_muutmisaeg": "2025-02-03T14:13:55Z" }, "geometry": { "type": "LineString", "coordinates": [ [ 22.989527900962756, 58.379867703451104 ], [ 22.989586760099559, 58.379973210642603 ], [ 22.989637163743811, 58.380063592387685 ], [ 22.989669536355024, 58.380138916606846 ], [ 22.989853389003905, 58.380315119911181 ], [ 22.990245902067883, 58.380374794744789 ], [ 22.990479812597727, 58.380403124523575 ], [ 22.990674051922984, 58.38045566314355 ], [ 22.991269079535325, 58.381246253771785 ], [ 22.991982878580977, 58.38203946708358 ], [ 22.99235068434556, 58.382491529834745 ], [ 22.992769370158044, 58.382802809207099 ], [ 22.99285312577577, 58.382857274503429 ], [ 22.992928299241058, 58.382900968587634 ], [ 22.993108623865144, 58.382986339144217 ], [ 22.993311408102169, 58.383129372773958 ], [ 22.993546010164174, 58.383307757402065 ], [ 22.994005300469169, 58.383568897152053 ], [ 22.994175276454399, 58.383682191455343 ], [ 22.9946643673374, 58.383977810975537 ], [ 22.995561795240576, 58.384520207557479 ], [ 22.995887277780454, 58.384761466961436 ], [ 22.99612037441797, 58.384886119928424 ], [ 22.996527341866617, 58.385103746748534 ], [ 22.996651821615753, 58.385187523969321 ] ] } },
{ "type": "Feature", "properties": { "id": "e_501_tee_j.481930", "fid": 481930, "sys_id": 915914508, "etak_id": 4626277, "kood": 501, "kood_tekst": "Tee", "tyyp": 60, "tyyp_tekst": "Muu tee", "laius": 3, "teekate": 40, "teekate_tekst": "Pinnas", "liiklus": 10, "liiklus_tekst": "Kahesuunaline", "tee": null, "teeosa": null, "soidutee": 997, "soidutee_tekst": "Täitmata", "tee_synon": null, "teeosa_synon": null, "soidutee_synon": 997, "soidutee_synon_tekst": "Täitmata", "tee_synon2": null, "teeosa_synon2": null, "soidutee_synon2": 997, "soidutee_synon2_tekst": "Täitmata", "nimetus": null, "a_tasand": 0, "l_tasand": 0, "ads_oid": null, "ads_nimetus": null, "karto_nimi": null, "tahtsus": 997, "tahtsus_tekst": "Täitmata", "no_oid": null, "markused": null, "vajalik": 30, "vajalik_tekst": "Korras", "andmeallika_id": 46, "korgusallika_id": 210, "ruumikujuallika_id": 58, "muutmisaeg": "2018-01-03T10:38:16Z", "geom_muutmisaeg": "2008-07-01T10:24:04Z" }, "geometry": { "type": "LineString", "coordinates": [ [ 22.988301952451756, 58.378880943637199 ], [ 22.988358286171593, 58.37892538023047 ], [ 22.988598605711601, 58.379111182855269 ], [ 22.98892517712137, 58.379359365697688 ], [ 22.989151715582892, 58.379543073653842 ], [ 22.989304126167447, 58.37965902830117 ], [ 22.989383260635861, 58.379719197269836 ], [ 22.989519600108444, 58.379859098320765 ], [ 22.989527900962756, 58.379867703451104 ] ] } },
{ "type": "Feature", "properties": { "id": "e_501_tee_j.481962", "fid": 481962, "sys_id": 915914541, "etak_id": 4769067, "kood": 501, "kood_tekst": "Tee", "tyyp": 70, "tyyp_tekst": "Rada", "laius": 0, "teekate": 40, "teekate_tekst": "Pinnas", "liiklus": 10, "liiklus_tekst": "Kahesuunaline", "tee": null, "teeosa": null, "soidutee": 997, "soidutee_tekst": "Täitmata", "tee_synon": null, "teeosa_synon": null, "soidutee_synon": 997, "soidutee_synon_tekst": "Täitmata", "tee_synon2": null, "teeosa_synon2": null, "soidutee_synon2": 997, "soidutee_synon2_tekst": "Täitmata", "nimetus": null, "a_tasand": 0, "l_tasand": 0, "ads_oid": null, "ads_nimetus": null, "karto_nimi": null, "tahtsus": 997, "tahtsus_tekst": "Täitmata", "no_oid": null, "markused": null, "vajalik": 30, "vajalik_tekst": "Korras", "andmeallika_id": 222, "korgusallika_id": 222, "ruumikujuallika_id": 222, "muutmisaeg": "2022-11-29T16:14:48Z", "geom_muutmisaeg": "2022-11-29T16:30:30Z" }, "geometry": { "type": "LineString", "coordinates": [ [ 23.031667767844006, 58.367937693670626 ], [ 23.031562908211107, 58.367685170803419 ], [ 23.031494306733148, 58.367551037447207 ], [ 23.03143654949805, 58.367470045374532 ], [ 23.031255477715362, 58.367218694901098 ], [ 23.031257894287098, 58.366925617908137 ], [ 23.0312310455123, 58.366821873128146 ], [ 23.031197340779865, 58.366691524333831 ] ] } },
{ "type": "Feature", "properties": { "id": "e_501_tee_j.482097", "fid": 482097, "sys_id": 915914677, "etak_id": 4773690, "kood": 501, "kood_tekst": "Tee", "tyyp": 60, "tyyp_tekst": "Muu tee", "laius": 3, "teekate": 20, "teekate_tekst": "Kruuskate", "liiklus": 10, "liiklus_tekst": "Kahesuunaline", "tee": null, "teeosa": null, "soidutee": 997, "soidutee_tekst": "Täitmata", "tee_synon": null, "teeosa_synon": null, "soidutee_synon": 997, "soidutee_synon_tekst": "Täitmata", "tee_synon2": null, "teeosa_synon2": null, "soidutee_synon2": 997, "soidutee_synon2_tekst": "Täitmata", "nimetus": null, "a_tasand": 0, "l_tasand": 0, "ads_oid": null, "ads_nimetus": null, "karto_nimi": null, "tahtsus": 997, "tahtsus_tekst": "Täitmata", "no_oid": null, "markused": null, "vajalik": 30, "vajalik_tekst": "Korras", "andmeallika_id": 215, "korgusallika_id": 210, "ruumikujuallika_id": 23, "muutmisaeg": "2019-07-23T15:00:13Z", "geom_muutmisaeg": "2007-04-30T11:57:46Z" }, "geometry": { "type": "LineString", "coordinates": [ [ 23.003630179123508, 58.383197815723022 ], [ 23.003503991204639, 58.383198267844222 ], [ 23.003223908513821, 58.383193478020054 ] ] } },
{ "type": "Feature", "properties": { "id": "e_501_tee_j.497210", "fid": 497210, "sys_id": 915929789, "etak_id": 4552326, "kood": 501, "kood_tekst": "Tee", "tyyp": 70, "tyyp_tekst": "Rada", "laius": 0, "teekate": 40, "teekate_tekst": "Pinnas", "liiklus": 10, "liiklus_tekst": "Kahesuunaline", "tee": null, "teeosa": null, "soidutee": 997, "soidutee_tekst": "Täitmata", "tee_synon": null, "teeosa_synon": null, "soidutee_synon": 997, "soidutee_synon_tekst": "Täitmata", "tee_synon2": null, "teeosa_synon2": null, "soidutee_synon2": 997, "soidutee_synon2_tekst": "Täitmata", "nimetus": null, "a_tasand": 0, "l_tasand": 0, "ads_oid": null, "ads_nimetus": null, "karto_nimi": null, "tahtsus": 997, "tahtsus_tekst": "Täitmata", "no_oid": null, "markused": null, "vajalik": 30, "vajalik_tekst": "Korras", "andmeallika_id": 46, "korgusallika_id": 210, "ruumikujuallika_id": 23, "muutmisaeg": "2020-05-06T10:49:45Z", "geom_muutmisaeg": "2007-04-30T11:57:46Z" }, "geometry": { "type": "LineString", "coordinates": [ [ 22.988301952451756, 58.378880943637199 ], [ 22.98863482987959, 58.378992680781131 ], [ 22.98905746834324, 58.379223207317089 ], [ 22.989370055365686, 58.379404812481845 ], [ 22.98987256059592, 58.379586859785235 ], [ 22.990467811718045, 58.379736136070761 ], [ 22.990922908415413, 58.379836881690068 ], [ 22.992280918100068, 58.380053513183022 ], [ 22.992915055636583, 58.380194644119918 ], [ 22.993296532168156, 58.380269747937298 ], [ 22.993531379675659, 58.380301240258355 ], [ 22.994401788324382, 58.380424381211618 ], [ 22.994679878097955, 58.380474251591352 ] ] } },
{ "type": "Feature", "properties": { "id": "e_501_tee_j.507931", "fid": 507931, "sys_id": 915940580, "etak_id": 6481446, "kood": 501, "kood_tekst": "Tee", "tyyp": 60, "tyyp_tekst": "Muu tee", "laius": 4, "teekate": 20, "teekate_tekst": "Kruuskate", "liiklus": 10, "liiklus_tekst": "Kahesuunaline", "tee": null, "teeosa": null, "soidutee": 997, "soidutee_tekst": "Täitmata", "tee_synon": null, "teeosa_synon": null, "soidutee_synon": 997, "soidutee_synon_tekst": "Täitmata", "tee_synon2": null, "teeosa_synon2": null, "soidutee_synon2": 997, "soidutee_synon2_tekst": "Täitmata", "nimetus": null, "a_tasand": 0, "l_tasand": 0, "ads_oid": null, "ads_nimetus": null, "karto_nimi": null, "tahtsus": 997, "tahtsus_tekst": "Täitmata", "no_oid": null, "markused": null, "vajalik": 30, "vajalik_tekst": "Korras", "andmeallika_id": 58, "korgusallika_id": 222, "ruumikujuallika_id": 222, "muutmisaeg": "2025-09-18T11:44:20Z", "geom_muutmisaeg": "2022-06-08T12:14:58Z" }, "geometry": { "type": "LineString", "coordinates": [ [ 23.035868798736598, 58.370161594524774 ], [ 23.035915810801288, 58.370114879812249 ], [ 23.03596112327757, 58.37009342912004 ], [ 23.036148836906033, 58.370029970723067 ], [ 23.036402581338777, 58.36994859384005 ], [ 23.036737622076402, 58.369849125932596 ], [ 23.036777432296208, 58.369837618474719 ] ] } },
{ "type": "Feature", "properties": { "id": "e_501_tee_j.507932", "fid": 507932, "sys_id": 915940581, "etak_id": 6481314, "kood": 501, "kood_tekst": "Tee", "tyyp": 60, "tyyp_tekst": "Muu tee", "laius": 3, "teekate": 20, "teekate_tekst": "Kruuskate", "liiklus": 10, "liiklus_tekst": "Kahesuunaline", "tee": null, "teeosa": null, "soidutee": 997, "soidutee_tekst": "Täitmata", "tee_synon": null, "teeosa_synon": null, "soidutee_synon": 997, "soidutee_synon_tekst": "Täitmata", "tee_synon2": null, "teeosa_synon2": null, "soidutee_synon2": 997, "soidutee_synon2_tekst": "Täitmata", "nimetus": null, "a_tasand": 0, "l_tasand": 0, "ads_oid": null, "ads_nimetus": null, "karto_nimi": null, "tahtsus": 997, "tahtsus_tekst": "Täitmata", "no_oid": null, "markused": null, "vajalik": 30, "vajalik_tekst": "Korras", "andmeallika_id": 58, "korgusallika_id": 210, "ruumikujuallika_id": 135, "muutmisaeg": "2025-09-15T16:28:59Z", "geom_muutmisaeg": "2013-02-20T09:03:36Z" }, "geometry": { "type": "LineString", "coordinates": [ [ 22.990474351927006, 58.367117365608365 ], [ 22.990213366036453, 58.36692473058347 ] ] } },
{ "type": "Feature", "properties": { "id": "e_501_tee_j.507933", "fid": 507933, "sys_id": 915940582, "etak_id": 6481361, "kood": 501, "kood_tekst": "Tee", "tyyp": 70, "tyyp_tekst": "Rada", "laius": 0, "teekate": 40, "teekate_tekst": "Pinnas", "liiklus": 10, "liiklus_tekst": "Kahesuunaline", "tee": null, "teeosa": null, "soidutee": 997, "soidutee_tekst": "Täitmata", "tee_synon": null, "teeosa_synon": null, "soidutee_synon": 997, "soidutee_synon_tekst": "Täitmata", "tee_synon2": null, "teeosa_synon2": null, "soidutee_synon2": 997, "soidutee_synon2_tekst": "Täitmata", "nimetus": null, "a_tasand": 0, "l_tasand": 0, "ads_oid": null, "ads_nimetus": null, "karto_nimi": null, "tahtsus": 997, "tahtsus_tekst": "Täitmata", "no_oid": null, "markused": null, "vajalik": 30, "vajalik_tekst": "Korras", "andmeallika_id": 222, "korgusallika_id": 222, "ruumikujuallika_id": 222, "muutmisaeg": "2022-06-08T11:08:56Z", "geom_muutmisaeg": "2022-06-08T11:13:03Z" }, "geometry": { "type": "LineString", "coordinates": [ [ 23.035868798736598, 58.370161594524774 ], [ 23.035849695121694, 58.37009337778904 ], [ 23.035877881362918, 58.370007020743458 ], [ 23.035905107565043, 58.369882036254694 ], [ 23.035924215979914, 58.369785778253615 ], [ 23.035915371926571, 58.369706747052682 ], [ 23.035912676310286, 58.369593506060909 ], [ 23.035931709943366, 58.369549327728294 ], [ 23.03607004169649, 58.36938360783337 ] ] } },
{ "type": "Feature", "properties": { "id": "e_501_tee_j.507934", "fid": 507934, "sys_id": 915940583, "etak_id": 6481356, "kood": 501, "kood_tekst": "Tee", "tyyp": 60, "tyyp_tekst": "Muu tee", "laius": 3, "teekate": 20, "teekate_tekst": "Kruuskate", "liiklus": 10, "liiklus_tekst": "Kahesuunaline", "tee": null, "teeosa": null, "soidutee": 997, "soidutee_tekst": "Täitmata", "tee_synon": null, "teeosa_synon": null, "soidutee_synon": 997, "soidutee_synon_tekst": "Täitmata", "tee_synon2": null, "teeosa_synon2": null, "soidutee_synon2": 997, "soidutee_synon2_tekst": "Täitmata", "nimetus": null, "a_tasand": 0, "l_tasand": 0, "ads_oid": null, "ads_nimetus": null, "karto_nimi": null, "tahtsus": 997, "tahtsus_tekst": "Täitmata", "no_oid": null, "markused": null, "vajalik": 30, "vajalik_tekst": "Korras", "andmeallika_id": 222, "korgusallika_id": 222, "ruumikujuallika_id": 222, "muutmisaeg": "2022-12-01T09:58:29Z", "geom_muutmisaeg": "2022-06-08T12:19:32Z" }, "geometry": { "type": "LineString", "coordinates": [ [ 23.036454016997947, 58.371647722271625 ], [ 23.036458897296015, 58.371673009033408 ], [ 23.03645047016003, 58.371704929869651 ], [ 23.036402952201229, 58.37177009352768 ], [ 23.036323915688936, 58.371854082414849 ], [ 23.036320986567159, 58.371866819959067 ], [ 23.03630787573459, 58.371923757814926 ], [ 23.03631301994384, 58.37200938779722 ], [ 23.036347575318363, 58.3720732583377 ], [ 23.036414704694643, 58.372135964971143 ], [ 23.036465838602549, 58.372177350605575 ], [ 23.036508388587205, 58.372207635818 ], [ 23.036590708662995, 58.372264243287027 ], [ 23.036614311347137, 58.372293649173685 ], [ 23.036618739579566, 58.372406121982586 ], [ 23.036594609534021, 58.372449139537537 ], [ 23.036545002639357, 58.372481907958871 ], [ 23.036465911859835, 58.372514705266973 ], [ 23.036390850709342, 58.372540142938277 ] ] } },
{ "type": "Feature", "properties": { "id": "e_501_tee_j.507936", "fid": 507936, "sys_id": 915940585, "etak_id": 6481311, "kood": 501, "kood_tekst": "Tee", "tyyp": 60, "tyyp_tekst": "Muu tee", "laius": 3, "teekate": 20, "teekate_tekst": "Kruuskate", "liiklus": 10, "liiklus_tekst": "Kahesuunaline", "tee": null, "teeosa": null, "soidutee": 997, "soidutee_tekst": "Täitmata", "tee_synon": null, "teeosa_synon": null, "soidutee_synon": 997, "soidutee_synon_tekst": "Täitmata", "tee_synon2": null, "teeosa_synon2": null, "soidutee_synon2": 997, "soidutee_synon2_tekst": "Täitmata", "nimetus": null, "a_tasand": 0, "l_tasand": 0, "ads_oid": null, "ads_nimetus": null, "karto_nimi": null, "tahtsus": 997, "tahtsus_tekst": "Täitmata", "no_oid": null, "markused": null, "vajalik": 30, "vajalik_tekst": "Korras", "andmeallika_id": 58, "korgusallika_id": 210, "ruumikujuallika_id": 147, "muutmisaeg": "2025-09-15T16:28:59Z", "geom_muutmisaeg": "2015-05-19T12:28:08Z" }, "geometry": { "type": "LineString", "coordinates": [ [ 22.992220761731193, 58.368418933569515 ], [ 22.992156395440979, 58.368351025741767 ], [ 22.992022213962436, 58.368249199026188 ], [ 22.991795183171273, 58.368087706808815 ] ] } },
{ "type": "Feature", "properties": { "id": "e_501_tee_j.507937", "fid": 507937, "sys_id": 915940586, "etak_id": 6481306, "kood": 501, "kood_tekst": "Tee", "tyyp": 60, "tyyp_tekst": "Muu tee", "laius": 3, "teekate": 20, "teekate_tekst": "Kruuskate", "liiklus": 10, "liiklus_tekst": "Kahesuunaline", "tee": null, "teeosa": null, "soidutee": 997, "soidutee_tekst": "Täitmata", "tee_synon": null, "teeosa_synon": null, "soidutee_synon": 997, "soidutee_synon_tekst": "Täitmata", "tee_synon2": null, "teeosa_synon2": null, "soidutee_synon2": 997, "soidutee_synon2_tekst": "Täitmata", "nimetus": null, "a_tasand": 0, "l_tasand": 0, "ads_oid": null, "ads_nimetus": null, "karto_nimi": null, "tahtsus": 997, "tahtsus_tekst": "Täitmata", "no_oid": null, "markused": null, "vajalik": 30, "vajalik_tekst": "Korras", "andmeallika_id": 58, "korgusallika_id": 222, "ruumikujuallika_id": 222, "muutmisaeg": "2025-09-15T16:28:59Z", "geom_muutmisaeg": "2022-05-05T13:16:04Z" }, "geometry": { "type": "LineString", "coordinates": [ [ 22.990474351927006, 58.367117365608365 ], [ 22.990470417112402, 58.367080527757146 ], [ 22.99049416822572, 58.367029317270841 ], [ 22.990541861657181, 58.366963767386054 ], [ 22.990562366403605, 58.366912531215164 ], [ 22.990561355053664, 58.366873857741169 ], [ 22.990532828086831, 58.366826912109502 ], [ 22.990416675980924, 58.366733783602037 ], [ 22.990366139503198, 58.366673688556141 ], [ 22.990314772202371, 58.366600845088008 ], [ 22.990301092831334, 58.366581449040503 ] ] } },
{ "type": "Feature", "properties": { "id": "e_501_tee_j.507938", "fid": 507938, "sys_id": 915940587, "etak_id": 6481309, "kood": 501, "kood_tekst": "Tee", "tyyp": 60, "tyyp_tekst": "Muu tee", "laius": 3, "teekate": 20, "teekate_tekst": "Kruuskate", "liiklus": 10, "liiklus_tekst": "Kahesuunaline", "tee": 3860109.0, "teeosa": 1.0, "soidutee": 1, "soidutee_tekst": "Parempoolne või ainuke", "tee_synon": null, "teeosa_synon": null, "soidutee_synon": 997, "soidutee_synon_tekst": "Täitmata", "tee_synon2": null, "teeosa_synon2": null, "soidutee_synon2": 997, "soidutee_synon2_tekst": "Täitmata", "nimetus": "Sääre tee", "a_tasand": 0, "l_tasand": 0, "ads_oid": null, "ads_nimetus": null, "karto_nimi": null, "tahtsus": 997, "tahtsus_tekst": "Täitmata", "no_oid": null, "markused": null, "vajalik": 30, "vajalik_tekst": "Korras", "andmeallika_id": 222, "korgusallika_id": 222, "ruumikujuallika_id": 222, "muutmisaeg": "2022-11-29T14:05:06Z", "geom_muutmisaeg": "2022-11-29T14:16:47Z" }, "geometry": { "type": "LineString", "coordinates": [ [ 22.989198738808771, 58.366161412041606 ], [ 22.98912096445229, 58.366195501687031 ], [ 22.989005752489181, 58.366268175769612 ], [ 22.988912035389262, 58.366314126577187 ], [ 22.988686058110449, 58.366412825367874 ], [ 22.988502808800906, 58.366490437404039 ], [ 22.988466771685221, 58.366507589915912 ], [ 22.988292294592785, 58.366585567494226 ], [ 22.988092109066777, 58.366662559828377 ], [ 22.987935383074543, 58.366714448684839 ], [ 22.987768287842638, 58.366780469590537 ], [ 22.987594969515726, 58.366864408800105 ], [ 22.987423729793608, 58.366975302613362 ], [ 22.987288083174231, 58.367072605345172 ], [ 22.987196895579086, 58.367138015499798 ], [ 22.987114142362014, 58.367209032838367 ], [ 22.987031607543308, 58.367293844291844 ], [ 22.987004294787749, 58.367346902614607 ], [ 22.986995944218993, 58.367389497706441 ], [ 22.987007601920507, 58.367457178529598 ], [ 22.987041789275008, 58.367528818484381 ], [ 22.987050929450369, 58.367547936425872 ], [ 22.987069336451736, 58.367586523510091 ], [ 22.987167772133017, 58.367747048966123 ], [ 22.987250153148391, 58.367855536776553 ] ] } },
{ "type": "Feature", "properties": { "id": "e_501_tee_j.507939", "fid": 507939, "sys_id": 915940588, "etak_id": 6481307, "kood": 501, "kood_tekst": "Tee", "tyyp": 60, "tyyp_tekst": "Muu tee", "laius": 3, "teekate": 20, "teekate_tekst": "Kruuskate", "liiklus": 10, "liiklus_tekst": "Kahesuunaline", "tee": null, "teeosa": null, "soidutee": 997, "soidutee_tekst": "Täitmata", "tee_synon": null, "teeosa_synon": null, "soidutee_synon": 997, "soidutee_synon_tekst": "Täitmata", "tee_synon2": null, "teeosa_synon2": null, "soidutee_synon2": 997, "soidutee_synon2_tekst": "Täitmata", "nimetus": null, "a_tasand": 0, "l_tasand": 0, "ads_oid": null, "ads_nimetus": null, "karto_nimi": null, "tahtsus": 997, "tahtsus_tekst": "Täitmata", "no_oid": null, "markused": null, "vajalik": 30, "vajalik_tekst": "Korras", "andmeallika_id": 58, "korgusallika_id": 222, "ruumikujuallika_id": 222, "muutmisaeg": "2025-09-15T16:28:59Z", "geom_muutmisaeg": "2022-11-29T14:16:47Z" }, "geometry": { "type": "LineString", "coordinates": [ [ 22.990213366036453, 58.36692473058347 ], [ 22.990147223247451, 58.366942309882667 ], [ 22.990080413297822, 58.366959910807985 ], [ 22.990000099969283, 58.366969862123142 ], [ 22.989935860216541, 58.366972909674303 ], [ 22.989869114228906, 58.366969193798482 ], [ 22.989792290525489, 58.366957559078536 ], [ 22.989725298837076, 58.366945723765866 ], [ 22.98963194853356, 58.366922222013578 ] ] } },
{ "type": "Feature", "properties": { "id": "e_501_tee_j.507940", "fid": 507940, "sys_id": 915940589, "etak_id": 6481304, "kood": 501, "kood_tekst": "Tee", "tyyp": 60, "tyyp_tekst": "Muu tee", "laius": 3, "teekate": 20, "teekate_tekst": "Kruuskate", "liiklus": 10, "liiklus_tekst": "Kahesuunaline", "tee": null, "teeosa": null, "soidutee": 997, "soidutee_tekst": "Täitmata", "tee_synon": null, "teeosa_synon": null, "soidutee_synon": 997, "soidutee_synon_tekst": "Täitmata", "tee_synon2": null, "teeosa_synon2": null, "soidutee_synon2": 997, "soidutee_synon2_tekst": "Täitmata", "nimetus": null, "a_tasand": 0, "l_tasand": 0, "ads_oid": null, "ads_nimetus": null, "karto_nimi": null, "tahtsus": 997, "tahtsus_tekst": "Täitmata", "no_oid": null, "markused": null, "vajalik": 30, "vajalik_tekst": "Korras", "andmeallika_id": 58, "korgusallika_id": 222, "ruumikujuallika_id": 222, "muutmisaeg": "2025-09-15T16:28:59Z", "geom_muutmisaeg": "2022-11-29T14:16:47Z" }, "geometry": { "type": "LineString", "coordinates": [ [ 22.991795183171273, 58.368087706808815 ], [ 22.991511039541482, 58.36813827935655 ], [ 22.991316879799427, 58.368155745778346 ] ] } },
{ "type": "Feature", "properties": { "id": "e_501_tee_j.507941", "fid": 507941, "sys_id": 915940590, "etak_id": 6481357, "kood": 501, "kood_tekst": "Tee", "tyyp": 60, "tyyp_tekst": "Muu tee", "laius": 3, "teekate": 20, "teekate_tekst": "Kruuskate", "liiklus": 10, "liiklus_tekst": "Kahesuunaline", "tee": null, "teeosa": null, "soidutee": 997, "soidutee_tekst": "Täitmata", "tee_synon": null, "teeosa_synon": null, "soidutee_synon": 997, "soidutee_synon_tekst": "Täitmata", "tee_synon2": null, "teeosa_synon2": null, "soidutee_synon2": 997, "soidutee_synon2_tekst": "Täitmata", "nimetus": null, "a_tasand": 0, "l_tasand": 0, "ads_oid": null, "ads_nimetus": null, "karto_nimi": null, "tahtsus": 997, "tahtsus_tekst": "Täitmata", "no_oid": null, "markused": null, "vajalik": 30, "vajalik_tekst": "Korras", "andmeallika_id": 222, "korgusallika_id": 222, "ruumikujuallika_id": 222, "muutmisaeg": "2022-12-01T09:58:41Z", "geom_muutmisaeg": "2022-12-01T08:49:52Z" }, "geometry": { "type": "LineString", "coordinates": [ [ 23.036454016997947, 58.371647722271625 ], [ 23.036501945721291, 58.371616907704073 ], [ 23.036563666488739, 58.371553602168184 ], [ 23.036593863377714, 58.371523084759851 ], [ 23.036628032204526, 58.371488565590063 ], [ 23.036681046613964, 58.37146738825809 ], [ 23.036925835233852, 58.371455137549773 ], [ 23.037025882499396, 58.371451528283082 ], [ 23.037281184478783, 58.371442310402301 ], [ 23.037871201807889, 58.371425432416999 ], [ 23.038888921234051, 58.37138790525016 ], [ 23.039489091687791, 58.371368411413805 ], [ 23.03957516616293, 58.371373279276661 ], [ 23.039636043378461, 58.371382097012528 ], [ 23.039763054968923, 58.371421313380971 ], [ 23.039861281902763, 58.371441842633914 ], [ 23.039880834757639, 58.371445581422272 ], [ 23.04000954268605, 58.371470227847958 ] ] } },
{ "type": "Feature", "properties": { "id": "e_501_tee_j.507942", "fid": 507942, "sys_id": 915940591, "etak_id": 6481303, "kood": 501, "kood_tekst": "Tee", "tyyp": 60, "tyyp_tekst": "Muu tee", "laius": 3, "teekate": 20, "teekate_tekst": "Kruuskate", "liiklus": 10, "liiklus_tekst": "Kahesuunaline", "tee": null, "teeosa": null, "soidutee": 997, "soidutee_tekst": "Täitmata", "tee_synon": null, "teeosa_synon": null, "soidutee_synon": 997, "soidutee_synon_tekst": "Täitmata", "tee_synon2": null, "teeosa_synon2": null, "soidutee_synon2": 997, "soidutee_synon2_tekst": "Täitmata", "nimetus": null, "a_tasand": 0, "l_tasand": 0, "ads_oid": null, "ads_nimetus": null, "karto_nimi": null, "tahtsus": 997, "tahtsus_tekst": "Täitmata", "no_oid": null, "markused": null, "vajalik": 30, "vajalik_tekst": "Korras", "andmeallika_id": 58, "korgusallika_id": 221, "ruumikujuallika_id": 58, "muutmisaeg": "2025-09-15T16:28:59Z", "geom_muutmisaeg": "2022-01-12T11:39:41Z" }, "geometry": { "type": "LineString", "coordinates": [ [ 22.990213366036453, 58.36692473058347 ], [ 22.98939662884786, 58.366310295722755 ], [ 22.989198738808771, 58.366161412041606 ] ] } },
{ "type": "Feature", "properties": { "id": "e_501_tee_j.507943", "fid": 507943, "sys_id": 915940592, "etak_id": 6481312, "kood": 501, "kood_tekst": "Tee", "tyyp": 60, "tyyp_tekst": "Muu tee", "laius": 3, "teekate": 20, "teekate_tekst": "Kruuskate", "liiklus": 10, "liiklus_tekst": "Kahesuunaline", "tee": null, "teeosa": null, "soidutee": 997, "soidutee_tekst": "Täitmata", "tee_synon": null, "teeosa_synon": null, "soidutee_synon": 997, "soidutee_synon_tekst": "Täitmata", "tee_synon2": null, "teeosa_synon2": null, "soidutee_synon2": 997, "soidutee_synon2_tekst": "Täitmata", "nimetus": null, "a_tasand": 0, "l_tasand": 0, "ads_oid": null, "ads_nimetus": null, "karto_nimi": null, "tahtsus": 997, "tahtsus_tekst": "Täitmata", "no_oid": null, "markused": null, "vajalik": 30, "vajalik_tekst": "Korras", "andmeallika_id": 58, "korgusallika_id": 210, "ruumikujuallika_id": 135, "muutmisaeg": "2025-09-15T16:28:59Z", "geom_muutmisaeg": "2013-02-20T09:03:36Z" }, "geometry": { "type": "LineString", "coordinates": [ [ 22.991795183171273, 58.368087706808815 ], [ 22.991584615487021, 58.367939220741363 ], [ 22.991333271704413, 58.367743647191467 ], [ 22.991133451814793, 58.367600722730238 ], [ 22.990766689132691, 58.367338407479984 ] ] } },
{ "type": "Feature", "properties": { "id": "e_501_tee_j.507944", "fid": 507944, "sys_id": 915940593, "etak_id": 6481305, "kood": 501, "kood_tekst": "Tee", "tyyp": 60, "tyyp_tekst": "Muu tee", "laius": 3, "teekate": 40, "teekate_tekst": "Pinnas", "liiklus": 10, "liiklus_tekst": "Kahesuunaline", "tee": null, "teeosa": null, "soidutee": 997, "soidutee_tekst": "Täitmata", "tee_synon": null, "teeosa_synon": null, "soidutee_synon": 997, "soidutee_synon_tekst": "Täitmata", "tee_synon2": null, "teeosa_synon2": null, "soidutee_synon2": 997, "soidutee_synon2_tekst": "Täitmata", "nimetus": null, "a_tasand": 0, "l_tasand": 0, "ads_oid": null, "ads_nimetus": null, "karto_nimi": null, "tahtsus": 997, "tahtsus_tekst": "Täitmata", "no_oid": null, "markused": null, "vajalik": 30, "vajalik_tekst": "Korras", "andmeallika_id": 222, "korgusallika_id": 222, "ruumikujuallika_id": 222, "muutmisaeg": "2022-11-29T13:58:59Z", "geom_muutmisaeg": "2022-11-29T14:00:06Z" }, "geometry": { "type": "LineString", "coordinates": [ [ 22.990095919627059, 58.367516687088795 ], [ 22.989962481547323, 58.36754486838214 ], [ 22.989853869982941, 58.367562461692252 ], [ 22.989765848315937, 58.367573591034493 ], [ 22.989678225396453, 58.367580943126924 ], [ 22.98959494611471, 58.367576270149101 ], [ 22.989521277391606, 58.367561840704141 ], [ 22.989444713602786, 58.367539908420447 ], [ 22.989201125466568, 58.36746470752265 ], [ 22.989007215564786, 58.36740087249941 ], [ 22.988971800266658, 58.367377263404357 ], [ 22.988955788191042, 58.367358180973682 ], [ 22.988952202236597, 58.367325916364422 ], [ 22.988954058494038, 58.367311249674842 ], [ 22.988957883881646, 58.367304787835373 ] ] } },
{ "type": "Feature", "properties": { "id": "e_501_tee_j.507946", "fid": 507946, "sys_id": 915940595, "etak_id": 6481359, "kood": 501, "kood_tekst": "Tee", "tyyp": 60, "tyyp_tekst": "Muu tee", "laius": 4, "teekate": 20, "teekate_tekst": "Kruuskate", "liiklus": 10, "liiklus_tekst": "Kahesuunaline", "tee": null, "teeosa": null, "soidutee": 997, "soidutee_tekst": "Täitmata", "tee_synon": null, "teeosa_synon": null, "soidutee_synon": 997, "soidutee_synon_tekst": "Täitmata", "tee_synon2": null, "teeosa_synon2": null, "soidutee_synon2": 997, "soidutee_synon2_tekst": "Täitmata", "nimetus": null, "a_tasand": 0, "l_tasand": 0, "ads_oid": null, "ads_nimetus": null, "karto_nimi": null, "tahtsus": 997, "tahtsus_tekst": "Täitmata", "no_oid": null, "markused": null, "vajalik": 30, "vajalik_tekst": "Korras", "andmeallika_id": 58, "korgusallika_id": 222, "ruumikujuallika_id": 222, "muutmisaeg": "2025-09-18T11:44:20Z", "geom_muutmisaeg": "2022-06-08T11:55:49Z" }, "geometry": { "type": "LineString", "coordinates": [ [ 23.027286406758165, 58.370474313554766 ], [ 23.027400576755898, 58.370455572487046 ], [ 23.027500378991103, 58.370450873349178 ], [ 23.027696089013254, 58.37047979605174 ], [ 23.02791479433488, 58.370511524507734 ], [ 23.028067104296611, 58.370527706672625 ], [ 23.02821304874508, 58.370531780911662 ], [ 23.02838067484188, 58.370523691335123 ], [ 23.028633589561707, 58.370501111316528 ], [ 23.028864900744122, 58.370469871981541 ], [ 23.029071138022463, 58.370449854303367 ], [ 23.029181585309718, 58.370447093542261 ], [ 23.029418544524535, 58.370445312554587 ], [ 23.029496871021955, 58.370445925991547 ], [ 23.029915919966321, 58.370438326786484 ], [ 23.03018423977932, 58.370433460317635 ], [ 23.030638771313317, 58.370433213007743 ], [ 23.03098396479572, 58.370431442778866 ], [ 23.031482895199002, 58.370417602482796 ], [ 23.032361430044677, 58.370391723407636 ], [ 23.03385146607717, 58.370389450023403 ], [ 23.034249731481314, 58.37039055989267 ], [ 23.034945581372178, 58.37038343058191 ], [ 23.035195120000282, 58.370384706137465 ], [ 23.03546411694111, 58.370392512542026 ], [ 23.035594516258541, 58.370401318718031 ], [ 23.035690325592633, 58.370405706043513 ], [ 23.035749570216652, 58.370402265486646 ], [ 23.035814801717734, 58.370385517825476 ] ] } },
{ "type": "Feature", "properties": { "id": "e_501_tee_j.507948", "fid": 507948, "sys_id": 915940597, "etak_id": 6481313, "kood": 501, "kood_tekst": "Tee", "tyyp": 60, "tyyp_tekst": "Muu tee", "laius": 3, "teekate": 20, "teekate_tekst": "Kruuskate", "liiklus": 10, "liiklus_tekst": "Kahesuunaline", "tee": null, "teeosa": null, "soidutee": 997, "soidutee_tekst": "Täitmata", "tee_synon": null, "teeosa_synon": null, "soidutee_synon": 997, "soidutee_synon_tekst": "Täitmata", "tee_synon2": null, "teeosa_synon2": null, "soidutee_synon2": 997, "soidutee_synon2_tekst": "Täitmata", "nimetus": null, "a_tasand": 0, "l_tasand": 0, "ads_oid": null, "ads_nimetus": null, "karto_nimi": null, "tahtsus": 997, "tahtsus_tekst": "Täitmata", "no_oid": null, "markused": null, "vajalik": 30, "vajalik_tekst": "Korras", "andmeallika_id": 58, "korgusallika_id": 210, "ruumikujuallika_id": 135, "muutmisaeg": "2025-09-15T16:28:59Z", "geom_muutmisaeg": "2013-02-20T09:03:36Z" }, "geometry": { "type": "LineString", "coordinates": [ [ 22.990766689132691, 58.367338407479984 ], [ 22.990728802370981, 58.367309759833205 ], [ 22.990474351927006, 58.367117365608365 ] ] } },
{ "type": "Feature", "properties": { "id": "e_501_tee_j.507949", "fid": 507949, "sys_id": 915940598, "etak_id": 6481308, "kood": 501, "kood_tekst": "Tee", "tyyp": 60, "tyyp_tekst": "Muu tee", "laius": 3, "teekate": 40, "teekate_tekst": "Pinnas", "liiklus": 10, "liiklus_tekst": "Kahesuunaline", "tee": null, "teeosa": null, "soidutee": 997, "soidutee_tekst": "Täitmata", "tee_synon": null, "teeosa_synon": null, "soidutee_synon": 997, "soidutee_synon_tekst": "Täitmata", "tee_synon2": null, "teeosa_synon2": null, "soidutee_synon2": 997, "soidutee_synon2_tekst": "Täitmata", "nimetus": null, "a_tasand": 0, "l_tasand": 0, "ads_oid": null, "ads_nimetus": null, "karto_nimi": null, "tahtsus": 997, "tahtsus_tekst": "Täitmata", "no_oid": null, "markused": null, "vajalik": 30, "vajalik_tekst": "Korras", "andmeallika_id": 58, "korgusallika_id": 210, "ruumikujuallika_id": 147, "muutmisaeg": "2025-09-15T16:28:59Z", "geom_muutmisaeg": "2015-05-19T12:28:08Z" }, "geometry": { "type": "LineString", "coordinates": [ [ 22.990766689132691, 58.367338407479984 ], [ 22.991421022931096, 58.367088087182061 ], [ 22.99151979180612, 58.367040531218684 ], [ 22.991571316861105, 58.367001662212957 ], [ 22.991579167414077, 58.366993068053084 ], [ 22.991611417419083, 58.366957728326973 ], [ 22.991621920776545, 58.366928089355923 ], [ 22.991623567369707, 58.366906973742175 ], [ 22.991624776206816, 58.366891601511568 ], [ 22.991601744563567, 58.366859793979643 ], [ 22.991532115815431, 58.36681468792014 ], [ 22.99141387572006, 58.366758601993773 ], [ 22.991287835367633, 58.366684288906335 ], [ 22.991222058334486, 58.366634795224286 ], [ 22.991180244316382, 58.366586945564357 ] ] } },
{ "type": "Feature", "properties": { "id": "e_501_tee_j.507951", "fid": 507951, "sys_id": 915940600, "etak_id": 6481310, "kood": 501, "kood_tekst": "Tee", "tyyp": 60, "tyyp_tekst": "Muu tee", "laius": 3, "teekate": 20, "teekate_tekst": "Kruuskate", "liiklus": 10, "liiklus_tekst": "Kahesuunaline", "tee": 3860110.0, "teeosa": 1.0, "soidutee": 1, "soidutee_tekst": "Parempoolne või ainuke", "tee_synon": null, "teeosa_synon": null, "soidutee_synon": 997, "soidutee_synon_tekst": "Täitmata", "tee_synon2": null, "teeosa_synon2": null, "soidutee_synon2": 997, "soidutee_synon2_tekst": "Täitmata", "nimetus": "Luigenoka tee", "a_tasand": 0, "l_tasand": 0, "ads_oid": null, "ads_nimetus": null, "karto_nimi": null, "tahtsus": 997, "tahtsus_tekst": "Täitmata", "no_oid": null, "markused": null, "vajalik": 30, "vajalik_tekst": "Korras", "andmeallika_id": 222, "korgusallika_id": 221, "ruumikujuallika_id": 223, "muutmisaeg": "2024-05-29T14:21:57Z", "geom_muutmisaeg": "2022-07-07T16:49:12Z" }, "geometry": { "type": "LineString", "coordinates": [ [ 22.992102017122011, 58.369145725596809 ], [ 22.992135137218181, 58.369046548802665 ], [ 22.992174905020743, 58.368881641126443 ], [ 22.992196131085063, 58.368760316916514 ], [ 22.992218930479936, 58.36854094068822 ], [ 22.992220761731193, 58.368418933569515 ] ] } },
{ "type": "Feature", "properties": { "id": "e_501_tee_j.507953", "fid": 507953, "sys_id": 915940602, "etak_id": 6481447, "kood": 501, "kood_tekst": "Tee", "tyyp": 60, "tyyp_tekst": "Muu tee", "laius": 4, "teekate": 20, "teekate_tekst": "Kruuskate", "liiklus": 10, "liiklus_tekst": "Kahesuunaline", "tee": null, "teeosa": null, "soidutee": 997, "soidutee_tekst": "Täitmata", "tee_synon": null, "teeosa_synon": null, "soidutee_synon": 997, "soidutee_synon_tekst": "Täitmata", "tee_synon2": null, "teeosa_synon2": null, "soidutee_synon2": 997, "soidutee_synon2_tekst": "Täitmata", "nimetus": null, "a_tasand": 0, "l_tasand": 0, "ads_oid": null, "ads_nimetus": null, "karto_nimi": null, "tahtsus": 997, "tahtsus_tekst": "Täitmata", "no_oid": null, "markused": null, "vajalik": 30, "vajalik_tekst": "Korras", "andmeallika_id": 58, "korgusallika_id": 210, "ruumikujuallika_id": 135, "muutmisaeg": "2025-09-18T11:44:20Z", "geom_muutmisaeg": "2013-02-20T14:54:46Z" }, "geometry": { "type": "LineString", "coordinates": [ [ 23.035814801717734, 58.370385517825476 ], [ 23.035842485271559, 58.370370641599834 ], [ 23.035864991706248, 58.370338225515034 ], [ 23.035862353470957, 58.370265993653412 ], [ 23.035858984189424, 58.37021673442824 ], [ 23.035864457954546, 58.370185949657781 ], [ 23.035868798736598, 58.370161594524774 ] ] } },
{ "type": "Feature", "properties": { "id": "e_501_tee_j.507956", "fid": 507956, "sys_id": 915940605, "etak_id": 6481337, "kood": 501, "kood_tekst": "Tee", "tyyp": 60, "tyyp_tekst": "Muu tee", "laius": 3, "teekate": 20, "teekate_tekst": "Kruuskate", "liiklus": 10, "liiklus_tekst": "Kahesuunaline", "tee": null, "teeosa": null, "soidutee": 997, "soidutee_tekst": "Täitmata", "tee_synon": null, "teeosa_synon": null, "soidutee_synon": 997, "soidutee_synon_tekst": "Täitmata", "tee_synon2": null, "teeosa_synon2": null, "soidutee_synon2": 997, "soidutee_synon2_tekst": "Täitmata", "nimetus": null, "a_tasand": 0, "l_tasand": 0, "ads_oid": null, "ads_nimetus": null, "karto_nimi": null, "tahtsus": 997, "tahtsus_tekst": "Täitmata", "no_oid": null, "markused": null, "vajalik": 30, "vajalik_tekst": "Korras", "andmeallika_id": 58, "korgusallika_id": 210, "ruumikujuallika_id": 135, "muutmisaeg": "2025-09-15T16:28:59Z", "geom_muutmisaeg": "2013-02-20T09:24:37Z" }, "geometry": { "type": "LineString", "coordinates": [ [ 23.023336325500384, 58.375156808150649 ], [ 23.023463245357075, 58.375088790442135 ], [ 23.02347621946285, 58.375081984536742 ], [ 23.023581451681817, 58.375026785008409 ], [ 23.023742222621852, 58.374923305964685 ], [ 23.023780247718438, 58.374897008793106 ] ] } },
{ "type": "Feature", "properties": { "id": "e_501_tee_j.507959", "fid": 507959, "sys_id": 915940608, "etak_id": 6481339, "kood": 501, "kood_tekst": "Tee", "tyyp": 60, "tyyp_tekst": "Muu tee", "laius": 4, "teekate": 10, "teekate_tekst": "Püsikate", "liiklus": 10, "liiklus_tekst": "Kahesuunaline", "tee": 3860006.0, "teeosa": 1.0, "soidutee": 1, "soidutee_tekst": "Parempoolne või ainuke", "tee_synon": null, "teeosa_synon": null, "soidutee_synon": 997, "soidutee_synon_tekst": "Täitmata", "tee_synon2": null, "teeosa_synon2": null, "soidutee_synon2": 997, "soidutee_synon2_tekst": "Täitmata", "nimetus": "Pärdi tee", "a_tasand": 0, "l_tasand": 0, "ads_oid": null, "ads_nimetus": null, "karto_nimi": null, "tahtsus": 997, "tahtsus_tekst": "Täitmata", "no_oid": null, "markused": null, "vajalik": 30, "vajalik_tekst": "Korras", "andmeallika_id": 227, "korgusallika_id": 210, "ruumikujuallika_id": 147, "muutmisaeg": "2023-01-25T15:13:04Z", "geom_muutmisaeg": "2015-05-19T12:28:08Z" }, "geometry": { "type": "LineString", "coordinates": [ [ 23.023400281707652, 58.375393203415335 ], [ 23.023385784655147, 58.375324211768586 ], [ 23.023381423596266, 58.375282361476962 ], [ 23.023363016562403, 58.375231101115929 ], [ 23.023336325500384, 58.375156808150649 ] ] } },
{ "type": "Feature", "properties": { "id": "e_501_tee_j.507966", "fid": 507966, "sys_id": 915940615, "etak_id": 6481238, "kood": 501, "kood_tekst": "Tee", "tyyp": 70, "tyyp_tekst": "Rada", "laius": 0, "teekate": 40, "teekate_tekst": "Pinnas", "liiklus": 10, "liiklus_tekst": "Kahesuunaline", "tee": null, "teeosa": null, "soidutee": 997, "soidutee_tekst": "Täitmata", "tee_synon": null, "teeosa_synon": null, "soidutee_synon": 997, "soidutee_synon_tekst": "Täitmata", "tee_synon2": null, "teeosa_synon2": null, "soidutee_synon2": 997, "soidutee_synon2_tekst": "Täitmata", "nimetus": null, "a_tasand": 0, "l_tasand": 0, "ads_oid": null, "ads_nimetus": null, "karto_nimi": null, "tahtsus": 997, "tahtsus_tekst": "Täitmata", "no_oid": null, "markused": null, "vajalik": 30, "vajalik_tekst": "Korras", "andmeallika_id": 222, "korgusallika_id": 222, "ruumikujuallika_id": 222, "muutmisaeg": "2022-05-05T13:21:50Z", "geom_muutmisaeg": "2022-05-05T13:27:19Z" }, "geometry": { "type": "LineString", "coordinates": [ [ 22.995051770302968, 58.363709494896554 ], [ 22.994789121924438, 58.363749522237143 ], [ 22.994652174528433, 58.363762388681018 ], [ 22.994544832626207, 58.363766517744139 ], [ 22.994466378405704, 58.363758922672865 ], [ 22.994381853508806, 58.363742506814617 ], [ 22.994304380573229, 58.363719088628592 ], [ 22.994196911954511, 58.363674368266409 ], [ 22.99394696200288, 58.36352750615287 ] ] } },
{ "type": "Feature", "properties": { "id": "e_501_tee_j.507968", "fid": 507968, "sys_id": 915940617, "etak_id": 6481237, "kood": 501, "kood_tekst": "Tee", "tyyp": 60, "tyyp_tekst": "Muu tee", "laius": 3, "teekate": 40, "teekate_tekst": "Pinnas", "liiklus": 10, "liiklus_tekst": "Kahesuunaline", "tee": null, "teeosa": null, "soidutee": 997, "soidutee_tekst": "Täitmata", "tee_synon": null, "teeosa_synon": null, "soidutee_synon": 997, "soidutee_synon_tekst": "Täitmata", "tee_synon2": null, "teeosa_synon2": null, "soidutee_synon2": 997, "soidutee_synon2_tekst": "Täitmata", "nimetus": null, "a_tasand": 0, "l_tasand": 0, "ads_oid": null, "ads_nimetus": null, "karto_nimi": null, "tahtsus": 997, "tahtsus_tekst": "Täitmata", "no_oid": null, "markused": null, "vajalik": 30, "vajalik_tekst": "Korras", "andmeallika_id": 222, "korgusallika_id": 222, "ruumikujuallika_id": 222, "muutmisaeg": "2022-05-05T13:22:46Z", "geom_muutmisaeg": "2022-05-05T13:27:19Z" }, "geometry": { "type": "LineString", "coordinates": [ [ 22.994747923943606, 58.364359431194522 ], [ 22.994690887417207, 58.364319203076228 ], [ 22.994647472428788, 58.3642776904112 ], [ 22.994644147496505, 58.364254075245952 ], [ 22.994665656218061, 58.364221891756152 ], [ 22.994886849198878, 58.364088538192483 ], [ 22.995171057461768, 58.363943270787985 ], [ 22.995240153904728, 58.363906909262759 ], [ 22.995275426630137, 58.363878596408604 ], [ 22.995285556645705, 58.363860115659307 ], [ 22.995286168829153, 58.363855424234224 ], [ 22.995289308888793, 58.363830988973469 ], [ 22.995273192702964, 58.363792717474894 ], [ 22.995223339634496, 58.363754063661666 ], [ 22.995147934901333, 58.363729405152768 ], [ 22.995051770302968, 58.363709494896554 ] ] } },
{ "type": "Feature", "properties": { "id": "e_501_tee_j.517397", "fid": 517397, "sys_id": 915950060, "etak_id": 6814079, "kood": 501, "kood_tekst": "Tee", "tyyp": 30, "tyyp_tekst": "Kõrvalmaantee", "laius": 5, "teekate": 20, "teekate_tekst": "Kruuskate", "liiklus": 10, "liiklus_tekst": "Kahesuunaline", "tee": 21168.0, "teeosa": 1.0, "soidutee": 1, "soidutee_tekst": "Parempoolne või ainuke", "tee_synon": null, "teeosa_synon": null, "soidutee_synon": 997, "soidutee_synon_tekst": "Täitmata", "tee_synon2": null, "teeosa_synon2": null, "soidutee_synon2": 997, "soidutee_synon2_tekst": "Täitmata", "nimetus": "Kahtla-Ruhve tee", "a_tasand": 0, "l_tasand": 0, "ads_oid": null, "ads_nimetus": null, "karto_nimi": null, "tahtsus": 997, "tahtsus_tekst": "Täitmata", "no_oid": null, "markused": null, "vajalik": 30, "vajalik_tekst": "Korras", "andmeallika_id": 58, "korgusallika_id": 221, "ruumikujuallika_id": 223, "muutmisaeg": "2024-05-29T14:30:35Z", "geom_muutmisaeg": "2022-06-01T11:43:46Z" }, "geometry": { "type": "LineString", "coordinates": [ [ 23.023018654263328, 58.379539803810523 ], [ 23.023277236758524, 58.379482976068907 ], [ 23.023358987091292, 58.379465023033632 ] ] } },
{ "type": "Feature", "properties": { "id": "e_501_tee_j.517671", "fid": 517671, "sys_id": 915950335, "etak_id": 6814487, "kood": 501, "kood_tekst": "Tee", "tyyp": 70, "tyyp_tekst": "Rada", "laius": 0, "teekate": 40, "teekate_tekst": "Pinnas", "liiklus": 10, "liiklus_tekst": "Kahesuunaline", "tee": null, "teeosa": null, "soidutee": 997, "soidutee_tekst": "Täitmata", "tee_synon": null, "teeosa_synon": null, "soidutee_synon": 997, "soidutee_synon_tekst": "Täitmata", "tee_synon2": null, "teeosa_synon2": null, "soidutee_synon2": 997, "soidutee_synon2_tekst": "Täitmata", "nimetus": null, "a_tasand": 0, "l_tasand": 0, "ads_oid": null, "ads_nimetus": null, "karto_nimi": null, "tahtsus": 997, "tahtsus_tekst": "Täitmata", "no_oid": null, "markused": null, "vajalik": 30, "vajalik_tekst": "Korras", "andmeallika_id": 46, "korgusallika_id": 210, "ruumikujuallika_id": 58, "muutmisaeg": "2020-04-23T09:08:47Z", "geom_muutmisaeg": "2017-07-31T15:01:44Z" }, "geometry": { "type": "LineString", "coordinates": [ [ 23.015781477760957, 58.38311702502947 ], [ 23.015898368619432, 58.383172107426951 ], [ 23.016805802722732, 58.383844010908135 ], [ 23.016960112736534, 58.383960125870516 ], [ 23.017003734804785, 58.38399295801382 ], [ 23.017254036832302, 58.384232020768387 ], [ 23.017328572044644, 58.384465249981766 ], [ 23.017365441291215, 58.384700353368942 ], [ 23.017437376834263, 58.384818437899838 ], [ 23.017615021284477, 58.384959442780868 ] ] } },
{ "type": "Feature", "properties": { "id": "e_501_tee_j.517703", "fid": 517703, "sys_id": 915950367, "etak_id": 6814527, "kood": 501, "kood_tekst": "Tee", "tyyp": 70, "tyyp_tekst": "Rada", "laius": 0, "teekate": 40, "teekate_tekst": "Pinnas", "liiklus": 10, "liiklus_tekst": "Kahesuunaline", "tee": null, "teeosa": null, "soidutee": 997, "soidutee_tekst": "Täitmata", "tee_synon": null, "teeosa_synon": null, "soidutee_synon": 997, "soidutee_synon_tekst": "Täitmata", "tee_synon2": null, "teeosa_synon2": null, "soidutee_synon2": 997, "soidutee_synon2_tekst": "Täitmata", "nimetus": null, "a_tasand": 0, "l_tasand": 0, "ads_oid": null, "ads_nimetus": null, "karto_nimi": null, "tahtsus": 997, "tahtsus_tekst": "Täitmata", "no_oid": null, "markused": null, "vajalik": 30, "vajalik_tekst": "Korras", "andmeallika_id": 46, "korgusallika_id": 210, "ruumikujuallika_id": 147, "muutmisaeg": "2020-03-06T10:23:08Z", "geom_muutmisaeg": "2015-05-19T12:28:08Z" }, "geometry": { "type": "LineString", "coordinates": [ [ 23.035336955623809, 58.371533437838416 ], [ 23.03550482004032, 58.371474284099072 ], [ 23.035592048429685, 58.371459462672568 ] ] } },
{ "type": "Feature", "properties": { "id": "e_501_tee_j.517705", "fid": 517705, "sys_id": 915950369, "etak_id": 6814529, "kood": 501, "kood_tekst": "Tee", "tyyp": 60, "tyyp_tekst": "Muu tee", "laius": 3, "teekate": 40, "teekate_tekst": "Pinnas", "liiklus": 10, "liiklus_tekst": "Kahesuunaline", "tee": null, "teeosa": null, "soidutee": 997, "soidutee_tekst": "Täitmata", "tee_synon": null, "teeosa_synon": null, "soidutee_synon": 997, "soidutee_synon_tekst": "Täitmata", "tee_synon2": null, "teeosa_synon2": null, "soidutee_synon2": 997, "soidutee_synon2_tekst": "Täitmata", "nimetus": null, "a_tasand": 0, "l_tasand": 0, "ads_oid": null, "ads_nimetus": null, "karto_nimi": null, "tahtsus": 997, "tahtsus_tekst": "Täitmata", "no_oid": null, "markused": null, "vajalik": 30, "vajalik_tekst": "Korras", "andmeallika_id": 222, "korgusallika_id": 222, "ruumikujuallika_id": 222, "muutmisaeg": "2023-02-09T11:42:47Z", "geom_muutmisaeg": "2023-02-09T11:43:00Z" }, "geometry": { "type": "LineString", "coordinates": [ [ 23.033699748411248, 58.372404660558303 ], [ 23.033543242486722, 58.372455708791641 ], [ 23.033429633994835, 58.372498730818926 ], [ 23.033271461590747, 58.372563145345744 ], [ 23.032915237586899, 58.372721959110976 ], [ 23.032505972567613, 58.372923174552682 ], [ 23.032257836166622, 58.373057510737411 ], [ 23.032078052743941, 58.37313009284771 ], [ 23.031958262297941, 58.373175886243693 ], [ 23.031812601972891, 58.373219534828415 ], [ 23.031663731269607, 58.373245649154313 ], [ 23.031485389418574, 58.373265703160861 ], [ 23.031325982068626, 58.373270330376442 ], [ 23.030732779829396, 58.373291123067283 ], [ 23.030273472505044, 58.373291532263195 ], [ 23.029233713857202, 58.373252490107525 ], [ 23.029005712079385, 58.373244856814814 ], [ 23.027932987293831, 58.373208848745172 ], [ 23.027808997531544, 58.373204681052457 ], [ 23.027579774011897, 58.373189313651608 ], [ 23.027077327686698, 58.373142672098254 ], [ 23.026837104830967, 58.373123331471128 ], [ 23.02653076594861, 58.373106018462636 ], [ 23.026160330018442, 58.373085090995282 ], [ 23.025962541671898, 58.373067805407786 ], [ 23.025842124285809, 58.373072929762188 ], [ 23.025712921304411, 58.37311639171714 ] ] } },
{ "type": "Feature", "properties": { "id": "e_501_tee_j.545097", "fid": 545097, "sys_id": 915977884, "etak_id": 7203896, "kood": 501, "kood_tekst": "Tee", "tyyp": 70, "tyyp_tekst": "Rada", "laius": 0, "teekate": 40, "teekate_tekst": "Pinnas", "liiklus": 10, "liiklus_tekst": "Kahesuunaline", "tee": null, "teeosa": null, "soidutee": 997, "soidutee_tekst": "Täitmata", "tee_synon": null, "teeosa_synon": null, "soidutee_synon": 997, "soidutee_synon_tekst": "Täitmata", "tee_synon2": null, "teeosa_synon2": null, "soidutee_synon2": 997, "soidutee_synon2_tekst": "Täitmata", "nimetus": null, "a_tasand": 0, "l_tasand": 0, "ads_oid": null, "ads_nimetus": null, "karto_nimi": null, "tahtsus": 997, "tahtsus_tekst": "Täitmata", "no_oid": null, "markused": null, "vajalik": 30, "vajalik_tekst": "Korras", "andmeallika_id": 58, "korgusallika_id": 210, "ruumikujuallika_id": 58, "muutmisaeg": "2025-09-01T11:14:43Z", "geom_muutmisaeg": "2017-08-01T04:49:09Z" }, "geometry": { "type": "LineString", "coordinates": [ [ 23.015781477760957, 58.38311702502947 ], [ 23.015733632866585, 58.383079373892706 ], [ 23.015691706088788, 58.38303367792868 ], [ 23.015654819282265, 58.382973429301927 ], [ 23.015620076594349, 58.382892131560205 ], [ 23.015583348609919, 58.382826209164776 ], [ 23.0155138953841, 58.382771384420309 ], [ 23.01546536292026, 58.382741845237575 ], [ 23.015421676860047, 58.382726701433278 ], [ 23.015390724033196, 58.382715974871033 ] ] } },
{ "type": "Feature", "properties": { "id": "e_501_tee_j.545105", "fid": 545105, "sys_id": 915977891, "etak_id": 7203897, "kood": 501, "kood_tekst": "Tee", "tyyp": 30, "tyyp_tekst": "Kõrvalmaantee", "laius": 5, "teekate": 20, "teekate_tekst": "Kruuskate", "liiklus": 10, "liiklus_tekst": "Kahesuunaline", "tee": 21168.0, "teeosa": 1.0, "soidutee": 1, "soidutee_tekst": "Parempoolne või ainuke", "tee_synon": null, "teeosa_synon": null, "soidutee_synon": 997, "soidutee_synon_tekst": "Täitmata", "tee_synon2": null, "teeosa_synon2": null, "soidutee_synon2": 997, "soidutee_synon2_tekst": "Täitmata", "nimetus": "Kahtla-Ruhve tee", "a_tasand": 0, "l_tasand": 0, "ads_oid": null, "ads_nimetus": null, "karto_nimi": null, "tahtsus": 997, "tahtsus_tekst": "Täitmata", "no_oid": null, "markused": null, "vajalik": 30, "vajalik_tekst": "Korras", "andmeallika_id": 58, "korgusallika_id": 210, "ruumikujuallika_id": 58, "muutmisaeg": "2023-12-02T14:04:56Z", "geom_muutmisaeg": "2017-07-31T15:01:44Z" }, "geometry": { "type": "LineString", "coordinates": [ [ 23.014510955325001, 58.383418551167864 ], [ 23.014632666409067, 58.383309223493264 ], [ 23.014951087824855, 58.383035007227029 ], [ 23.015175188135565, 58.382870652939246 ], [ 23.015390724033196, 58.382715974871033 ] ] } },
{ "type": "Feature", "properties": { "id": "e_501_tee_j.545140", "fid": 545140, "sys_id": 915977927, "etak_id": 7203898, "kood": 501, "kood_tekst": "Tee", "tyyp": 70, "tyyp_tekst": "Rada", "laius": 0, "teekate": 40, "teekate_tekst": "Pinnas", "liiklus": 10, "liiklus_tekst": "Kahesuunaline", "tee": null, "teeosa": null, "soidutee": 997, "soidutee_tekst": "Täitmata", "tee_synon": null, "teeosa_synon": null, "soidutee_synon": 997, "soidutee_synon_tekst": "Täitmata", "tee_synon2": null, "teeosa_synon2": null, "soidutee_synon2": 997, "soidutee_synon2_tekst": "Täitmata", "nimetus": null, "a_tasand": 0, "l_tasand": 0, "ads_oid": null, "ads_nimetus": null, "karto_nimi": null, "tahtsus": 997, "tahtsus_tekst": "Täitmata", "no_oid": null, "markused": null, "vajalik": 30, "vajalik_tekst": "Korras", "andmeallika_id": 46, "korgusallika_id": 210, "ruumikujuallika_id": 58, "muutmisaeg": "2020-03-23T11:04:12Z", "geom_muutmisaeg": "2017-07-31T15:01:44Z" }, "geometry": { "type": "LineString", "coordinates": [ [ 23.014510955325001, 58.383418551167864 ], [ 23.014579955973321, 58.383404590885441 ], [ 23.014891564146978, 58.383331873424233 ], [ 23.015391488302981, 58.383178589570761 ], [ 23.015781477760957, 58.38311702502947 ] ] } },
{ "type": "Feature", "properties": { "id": "e_501_tee_j.567349", "fid": 567349, "sys_id": 916000172, "etak_id": 7690967, "kood": 501, "kood_tekst": "Tee", "tyyp": 70, "tyyp_tekst": "Rada", "laius": 0, "teekate": 40, "teekate_tekst": "Pinnas", "liiklus": 10, "liiklus_tekst": "Kahesuunaline", "tee": null, "teeosa": null, "soidutee": 997, "soidutee_tekst": "Täitmata", "tee_synon": null, "teeosa_synon": null, "soidutee_synon": 997, "soidutee_synon_tekst": "Täitmata", "tee_synon2": null, "teeosa_synon2": null, "soidutee_synon2": 997, "soidutee_synon2_tekst": "Täitmata", "nimetus": null, "a_tasand": 0, "l_tasand": 0, "ads_oid": null, "ads_nimetus": null, "karto_nimi": null, "tahtsus": 997, "tahtsus_tekst": "Täitmata", "no_oid": null, "markused": null, "vajalik": 30, "vajalik_tekst": "Korras", "andmeallika_id": 46, "korgusallika_id": 221, "ruumikujuallika_id": 46, "muutmisaeg": "2024-05-29T14:38:33Z", "geom_muutmisaeg": "2019-04-18T13:04:45Z" }, "geometry": { "type": "LineString", "coordinates": [ [ 23.019102739468075, 58.379452638403357 ], [ 23.019042660546351, 58.379491569412025 ], [ 23.019009760736033, 58.379529954928799 ], [ 23.0189807653007, 58.379563799930175 ], [ 23.018789469673706, 58.379840071276256 ] ] } },
{ "type": "Feature", "properties": { "id": "e_501_tee_j.567354", "fid": 567354, "sys_id": 916000177, "etak_id": 7691021, "kood": 501, "kood_tekst": "Tee", "tyyp": 60, "tyyp_tekst": "Muu tee", "laius": 3, "teekate": 20, "teekate_tekst": "Kruuskate", "liiklus": 10, "liiklus_tekst": "Kahesuunaline", "tee": null, "teeosa": null, "soidutee": 997, "soidutee_tekst": "Täitmata", "tee_synon": null, "teeosa_synon": null, "soidutee_synon": 997, "soidutee_synon_tekst": "Täitmata", "tee_synon2": null, "teeosa_synon2": null, "soidutee_synon2": 997, "soidutee_synon2_tekst": "Täitmata", "nimetus": null, "a_tasand": 0, "l_tasand": 0, "ads_oid": null, "ads_nimetus": null, "karto_nimi": null, "tahtsus": 997, "tahtsus_tekst": "Täitmata", "no_oid": null, "markused": null, "vajalik": 30, "vajalik_tekst": "Korras", "andmeallika_id": 46, "korgusallika_id": 221, "ruumikujuallika_id": 46, "muutmisaeg": "2024-05-29T14:35:42Z", "geom_muutmisaeg": "2019-04-18T13:04:45Z" }, "geometry": { "type": "LineString", "coordinates": [ [ 23.019102739468075, 58.379452638403357 ], [ 23.018978740112733, 58.379437004538573 ] ] } },
{ "type": "Feature", "properties": { "id": "e_501_tee_j.567361", "fid": 567361, "sys_id": 916000183, "etak_id": 7690971, "kood": 501, "kood_tekst": "Tee", "tyyp": 60, "tyyp_tekst": "Muu tee", "laius": 3, "teekate": 20, "teekate_tekst": "Kruuskate", "liiklus": 10, "liiklus_tekst": "Kahesuunaline", "tee": null, "teeosa": null, "soidutee": 997, "soidutee_tekst": "Täitmata", "tee_synon": null, "teeosa_synon": null, "soidutee_synon": 997, "soidutee_synon_tekst": "Täitmata", "tee_synon2": null, "teeosa_synon2": null, "soidutee_synon2": 997, "soidutee_synon2_tekst": "Täitmata", "nimetus": null, "a_tasand": 0, "l_tasand": 0, "ads_oid": null, "ads_nimetus": null, "karto_nimi": null, "tahtsus": 997, "tahtsus_tekst": "Täitmata", "no_oid": null, "markused": null, "vajalik": 30, "vajalik_tekst": "Korras", "andmeallika_id": 58, "korgusallika_id": 221, "ruumikujuallika_id": 46, "muutmisaeg": "2025-09-16T11:17:36Z", "geom_muutmisaeg": "2019-04-18T12:35:01Z" }, "geometry": { "type": "LineString", "coordinates": [ [ 23.019102739468075, 58.379452638403357 ], [ 23.019626398504556, 58.379576579476186 ] ] } },
{ "type": "Feature", "properties": { "id": "e_501_tee_j.567366", "fid": 567366, "sys_id": 916000188, "etak_id": 7690972, "kood": 501, "kood_tekst": "Tee", "tyyp": 70, "tyyp_tekst": "Rada", "laius": 0, "teekate": 40, "teekate_tekst": "Pinnas", "liiklus": 10, "liiklus_tekst": "Kahesuunaline", "tee": null, "teeosa": null, "soidutee": 997, "soidutee_tekst": "Täitmata", "tee_synon": null, "teeosa_synon": null, "soidutee_synon": 997, "soidutee_synon_tekst": "Täitmata", "tee_synon2": null, "teeosa_synon2": null, "soidutee_synon2": 997, "soidutee_synon2_tekst": "Täitmata", "nimetus": null, "a_tasand": 0, "l_tasand": 0, "ads_oid": null, "ads_nimetus": null, "karto_nimi": null, "tahtsus": 997, "tahtsus_tekst": "Täitmata", "no_oid": null, "markused": null, "vajalik": 30, "vajalik_tekst": "Korras", "andmeallika_id": 58, "korgusallika_id": 221, "ruumikujuallika_id": 46, "muutmisaeg": "2025-09-02T15:58:17Z", "geom_muutmisaeg": "2019-04-18T13:04:45Z" }, "geometry": { "type": "LineString", "coordinates": [ [ 23.017703168249557, 58.378941952687185 ], [ 23.017821338744394, 58.378947064037725 ], [ 23.018057867589096, 58.378957296833931 ], [ 23.01855966269083, 58.37896546473457 ], [ 23.019242533726914, 58.378923614640208 ] ] } },
{ "type": "Feature", "properties": { "id": "e_501_tee_j.567370", "fid": 567370, "sys_id": 916000192, "etak_id": 7690984, "kood": 501, "kood_tekst": "Tee", "tyyp": 70, "tyyp_tekst": "Rada", "laius": 0, "teekate": 40, "teekate_tekst": "Pinnas", "liiklus": 10, "liiklus_tekst": "Kahesuunaline", "tee": null, "teeosa": null, "soidutee": 997, "soidutee_tekst": "Täitmata", "tee_synon": null, "teeosa_synon": null, "soidutee_synon": 997, "soidutee_synon_tekst": "Täitmata", "tee_synon2": null, "teeosa_synon2": null, "soidutee_synon2": 997, "soidutee_synon2_tekst": "Täitmata", "nimetus": null, "a_tasand": 0, "l_tasand": 0, "ads_oid": null, "ads_nimetus": null, "karto_nimi": null, "tahtsus": 997, "tahtsus_tekst": "Täitmata", "no_oid": null, "markused": null, "vajalik": 30, "vajalik_tekst": "Korras", "andmeallika_id": 46, "korgusallika_id": 221, "ruumikujuallika_id": 46, "muutmisaeg": "2024-05-29T14:35:41Z", "geom_muutmisaeg": "2019-04-18T13:04:45Z" }, "geometry": { "type": "LineString", "coordinates": [ [ 23.017703168249557, 58.378941952687185 ], [ 23.018601765357705, 58.37875994505093 ], [ 23.019241229295428, 58.378577458594435 ] ] } },
{ "type": "Feature", "properties": { "id": "e_501_tee_j.567372", "fid": 567372, "sys_id": 916000194, "etak_id": 7690962, "kood": 501, "kood_tekst": "Tee", "tyyp": 70, "tyyp_tekst": "Rada", "laius": 0, "teekate": 40, "teekate_tekst": "Pinnas", "liiklus": 10, "liiklus_tekst": "Kahesuunaline", "tee": null, "teeosa": null, "soidutee": 997, "soidutee_tekst": "Täitmata", "tee_synon": null, "teeosa_synon": null, "soidutee_synon": 997, "soidutee_synon_tekst": "Täitmata", "tee_synon2": null, "teeosa_synon2": null, "soidutee_synon2": 997, "soidutee_synon2_tekst": "Täitmata", "nimetus": null, "a_tasand": 0, "l_tasand": 0, "ads_oid": null, "ads_nimetus": null, "karto_nimi": null, "tahtsus": 997, "tahtsus_tekst": "Täitmata", "no_oid": null, "markused": null, "vajalik": 30, "vajalik_tekst": "Korras", "andmeallika_id": 46, "korgusallika_id": 221, "ruumikujuallika_id": 46, "muutmisaeg": "2024-05-29T14:35:41Z", "geom_muutmisaeg": "2019-04-18T12:39:03Z" }, "geometry": { "type": "LineString", "coordinates": [ [ 23.019241229295428, 58.378577458594435 ], [ 23.019242409388614, 58.378584193212355 ], [ 23.019234827969644, 58.378672312469853 ], [ 23.019242533726914, 58.378923614640208 ] ] } },
{ "type": "Feature", "properties": { "id": "e_501_tee_j.567379", "fid": 567379, "sys_id": 916000201, "etak_id": 7690968, "kood": 501, "kood_tekst": "Tee", "tyyp": 60, "tyyp_tekst": "Muu tee", "laius": 4, "teekate": 20, "teekate_tekst": "Kruuskate", "liiklus": 10, "liiklus_tekst": "Kahesuunaline", "tee": 3860123.0, "teeosa": 1.0, "soidutee": 1, "soidutee_tekst": "Parempoolne või ainuke", "tee_synon": null, "teeosa_synon": null, "soidutee_synon": 997, "soidutee_synon_tekst": "Täitmata", "tee_synon2": null, "teeosa_synon2": null, "soidutee_synon2": 997, "soidutee_synon2_tekst": "Täitmata", "nimetus": "Peetri tee", "a_tasand": 0, "l_tasand": 0, "ads_oid": null, "ads_nimetus": null, "karto_nimi": null, "tahtsus": 997, "tahtsus_tekst": "Täitmata", "no_oid": null, "markused": null, "vajalik": 30, "vajalik_tekst": "Korras", "andmeallika_id": 215, "korgusallika_id": 221, "ruumikujuallika_id": 46, "muutmisaeg": "2024-05-29T14:23:51Z", "geom_muutmisaeg": "2019-04-18T12:35:01Z" }, "geometry": { "type": "LineString", "coordinates": [ [ 23.019626398504556, 58.379576579476186 ], [ 23.019526193136787, 58.37966420308824 ], [ 23.019266364192102, 58.37989142433166 ] ] } },
{ "type": "Feature", "properties": { "id": "e_501_tee_j.587833", "fid": 587833, "sys_id": 916020703, "etak_id": 8264183, "kood": 501, "kood_tekst": "Tee", "tyyp": 60, "tyyp_tekst": "Muu tee", "laius": 4, "teekate": 20, "teekate_tekst": "Kruuskate", "liiklus": 10, "liiklus_tekst": "Kahesuunaline", "tee": null, "teeosa": null, "soidutee": 997, "soidutee_tekst": "Täitmata", "tee_synon": null, "teeosa_synon": null, "soidutee_synon": 997, "soidutee_synon_tekst": "Täitmata", "tee_synon2": null, "teeosa_synon2": null, "soidutee_synon2": 997, "soidutee_synon2_tekst": "Täitmata", "nimetus": null, "a_tasand": 0, "l_tasand": 0, "ads_oid": null, "ads_nimetus": null, "karto_nimi": null, "tahtsus": 997, "tahtsus_tekst": "Täitmata", "no_oid": null, "markused": null, "vajalik": 30, "vajalik_tekst": "Korras", "andmeallika_id": 46, "korgusallika_id": 221, "ruumikujuallika_id": 46, "muutmisaeg": "2024-05-29T14:12:27Z", "geom_muutmisaeg": "2020-12-14T17:24:00Z" }, "geometry": { "type": "LineString", "coordinates": [ [ 23.025665285551906, 58.373215313064385 ], [ 23.025671315335391, 58.373195047749817 ], [ 23.025712921304411, 58.37311639171714 ] ] } },
{ "type": "Feature", "properties": { "id": "e_501_tee_j.608676", "fid": 608676, "sys_id": 916041597, "etak_id": 8634784, "kood": 501, "kood_tekst": "Tee", "tyyp": 60, "tyyp_tekst": "Muu tee", "laius": 3, "teekate": 40, "teekate_tekst": "Pinnas", "liiklus": 10, "liiklus_tekst": "Kahesuunaline", "tee": null, "teeosa": null, "soidutee": 997, "soidutee_tekst": "Täitmata", "tee_synon": null, "teeosa_synon": null, "soidutee_synon": 997, "soidutee_synon_tekst": "Täitmata", "tee_synon2": null, "teeosa_synon2": null, "soidutee_synon2": 997, "soidutee_synon2_tekst": "Täitmata", "nimetus": null, "a_tasand": 0, "l_tasand": 0, "ads_oid": null, "ads_nimetus": null, "karto_nimi": null, "tahtsus": 997, "tahtsus_tekst": "Täitmata", "no_oid": null, "markused": null, "vajalik": 30, "vajalik_tekst": "Korras", "andmeallika_id": 222, "korgusallika_id": 222, "ruumikujuallika_id": 222, "muutmisaeg": "2022-12-16T12:09:05Z", "geom_muutmisaeg": "2022-12-16T12:10:17Z" }, "geometry": { "type": "LineString", "coordinates": [ [ 23.036513972010109, 58.375230162134287 ], [ 23.036457343117725, 58.375177035004569 ], [ 23.036263900615552, 58.375025260747421 ], [ 23.036145789971165, 58.374944004012377 ], [ 23.035966313779561, 58.374900347287301 ], [ 23.035894950168522, 58.374891026629712 ] ] } },
{ "type": "Feature", "properties": { "id": "e_501_tee_j.609293", "fid": 609293, "sys_id": 916042212, "etak_id": 8647387, "kood": 501, "kood_tekst": "Tee", "tyyp": 60, "tyyp_tekst": "Muu tee", "laius": 3, "teekate": 40, "teekate_tekst": "Pinnas", "liiklus": 10, "liiklus_tekst": "Kahesuunaline", "tee": 3860110.0, "teeosa": 1.0, "soidutee": 1, "soidutee_tekst": "Parempoolne või ainuke", "tee_synon": null, "teeosa_synon": null, "soidutee_synon": 997, "soidutee_synon_tekst": "Täitmata", "tee_synon2": null, "teeosa_synon2": null, "soidutee_synon2": 997, "soidutee_synon2_tekst": "Täitmata", "nimetus": "Luigenoka tee", "a_tasand": 0, "l_tasand": 0, "ads_oid": null, "ads_nimetus": null, "karto_nimi": null, "tahtsus": 997, "tahtsus_tekst": "Täitmata", "no_oid": null, "markused": null, "vajalik": 30, "vajalik_tekst": "Korras", "andmeallika_id": 222, "korgusallika_id": 222, "ruumikujuallika_id": 222, "muutmisaeg": "2022-06-08T14:36:41Z", "geom_muutmisaeg": "2022-06-08T14:59:45Z" }, "geometry": { "type": "LineString", "coordinates": [ [ 22.992972472487189, 58.365195348528871 ], [ 22.992974686393428, 58.365178269145773 ], [ 22.992987266958078, 58.365117137612692 ], [ 22.992994528375963, 58.365081887751067 ], [ 22.993080468155089, 58.364804831721827 ], [ 22.993092253604544, 58.364723669760309 ], [ 22.993109896975479, 58.364548709902174 ], [ 22.993110066415845, 58.364482963793584 ], [ 22.993132685951338, 58.364239081101566 ], [ 22.992981897332349, 58.36405808724129 ] ] } },
{ "type": "Feature", "properties": { "id": "e_501_tee_j.609295", "fid": 609295, "sys_id": 916042214, "etak_id": 8647400, "kood": 501, "kood_tekst": "Tee", "tyyp": 60, "tyyp_tekst": "Muu tee", "laius": 3, "teekate": 40, "teekate_tekst": "Pinnas", "liiklus": 10, "liiklus_tekst": "Kahesuunaline", "tee": null, "teeosa": null, "soidutee": 997, "soidutee_tekst": "Täitmata", "tee_synon": null, "teeosa_synon": null, "soidutee_synon": 997, "soidutee_synon_tekst": "Täitmata", "tee_synon2": null, "teeosa_synon2": null, "soidutee_synon2": 997, "soidutee_synon2_tekst": "Täitmata", "nimetus": null, "a_tasand": 0, "l_tasand": 0, "ads_oid": null, "ads_nimetus": null, "karto_nimi": null, "tahtsus": 997, "tahtsus_tekst": "Täitmata", "no_oid": null, "markused": null, "vajalik": 30, "vajalik_tekst": "Korras", "andmeallika_id": 222, "korgusallika_id": 222, "ruumikujuallika_id": 222, "muutmisaeg": "2022-05-05T12:59:43Z", "geom_muutmisaeg": "2022-05-05T13:02:17Z" }, "geometry": { "type": "LineString", "coordinates": [ [ 22.989198738808771, 58.366161412041606 ], [ 22.988775439784764, 58.365848555742886 ], [ 22.98862649958981, 58.365746006741993 ], [ 22.988411862911775, 58.365590200629811 ], [ 22.988359953423529, 58.365552515542902 ], [ 22.988163401718261, 58.365432312163847 ], [ 22.988123365964892, 58.365407831094373 ], [ 22.987912318507441, 58.365272382028806 ], [ 22.987749853670547, 58.365178012752779 ], [ 22.98757220422759, 58.365079868185354 ] ] } },
{ "type": "Feature", "properties": { "id": "e_501_tee_j.609296", "fid": 609296, "sys_id": 916042215, "etak_id": 8647373, "kood": 501, "kood_tekst": "Tee", "tyyp": 60, "tyyp_tekst": "Muu tee", "laius": 3, "teekate": 40, "teekate_tekst": "Pinnas", "liiklus": 10, "liiklus_tekst": "Kahesuunaline", "tee": 3860111.0, "teeosa": 1.0, "soidutee": 1, "soidutee_tekst": "Parempoolne või ainuke", "tee_synon": null, "teeosa_synon": null, "soidutee_synon": 997, "soidutee_synon_tekst": "Täitmata", "tee_synon2": null, "teeosa_synon2": null, "soidutee_synon2": 997, "soidutee_synon2_tekst": "Täitmata", "nimetus": "Punapea tee", "a_tasand": 0, "l_tasand": 0, "ads_oid": null, "ads_nimetus": null, "karto_nimi": null, "tahtsus": 997, "tahtsus_tekst": "Täitmata", "no_oid": null, "markused": null, "vajalik": 30, "vajalik_tekst": "Korras", "andmeallika_id": 222, "korgusallika_id": 222, "ruumikujuallika_id": 222, "muutmisaeg": "2022-05-05T12:24:27Z", "geom_muutmisaeg": "2022-05-05T12:32:54Z" }, "geometry": { "type": "LineString", "coordinates": [ [ 22.997331544036907, 58.369453192888344 ], [ 22.997268506880022, 58.369429458995711 ], [ 22.997055383062072, 58.369403333766073 ], [ 22.996636278098531, 58.369329542848185 ], [ 22.996613729430837, 58.369325576297243 ], [ 22.996114441865242, 58.36922949500007 ], [ 22.995832093928644, 58.369151577707441 ], [ 22.99568056881623, 58.369082159974333 ], [ 22.995333630795805, 58.369003356249308 ], [ 22.995010271467596, 58.368977536257418 ], [ 22.994984063744088, 58.368975444248086 ] ] } },
{ "type": "Feature", "properties": { "id": "e_501_tee_j.609297", "fid": 609297, "sys_id": 916042216, "etak_id": 8647389, "kood": 501, "kood_tekst": "Tee", "tyyp": 60, "tyyp_tekst": "Muu tee", "laius": 3, "teekate": 40, "teekate_tekst": "Pinnas", "liiklus": 10, "liiklus_tekst": "Kahesuunaline", "tee": 3860109.0, "teeosa": 1.0, "soidutee": 1, "soidutee_tekst": "Parempoolne või ainuke", "tee_synon": null, "teeosa_synon": null, "soidutee_synon": 997, "soidutee_synon_tekst": "Täitmata", "tee_synon2": null, "teeosa_synon2": null, "soidutee_synon2": 997, "soidutee_synon2_tekst": "Täitmata", "nimetus": "Sääre tee", "a_tasand": 0, "l_tasand": 0, "ads_oid": null, "ads_nimetus": null, "karto_nimi": null, "tahtsus": 997, "tahtsus_tekst": "Täitmata", "no_oid": null, "markused": null, "vajalik": 30, "vajalik_tekst": "Korras", "andmeallika_id": 222, "korgusallika_id": 222, "ruumikujuallika_id": 222, "muutmisaeg": "2022-05-05T13:19:01Z", "geom_muutmisaeg": "2022-05-05T13:27:19Z" }, "geometry": { "type": "LineString", "coordinates": [ [ 22.992981897332349, 58.36405808724129 ], [ 22.992940407867131, 58.364082031317167 ], [ 22.992712104879498, 58.364214580161779 ], [ 22.992290578157046, 58.364374382347151 ], [ 22.992021196432415, 58.36448226240082 ] ] } },
{ "type": "Feature", "properties": { "id": "e_501_tee_j.609300", "fid": 609300, "sys_id": 916042219, "etak_id": 8647392, "kood": 501, "kood_tekst": "Tee", "tyyp": 60, "tyyp_tekst": "Muu tee", "laius": 3, "teekate": 40, "teekate_tekst": "Pinnas", "liiklus": 10, "liiklus_tekst": "Kahesuunaline", "tee": null, "teeosa": null, "soidutee": 997, "soidutee_tekst": "Täitmata", "tee_synon": null, "teeosa_synon": null, "soidutee_synon": 997, "soidutee_synon_tekst": "Täitmata", "tee_synon2": null, "teeosa_synon2": null, "soidutee_synon2": 997, "soidutee_synon2_tekst": "Täitmata", "nimetus": null, "a_tasand": 0, "l_tasand": 0, "ads_oid": null, "ads_nimetus": null, "karto_nimi": null, "tahtsus": 997, "tahtsus_tekst": "Täitmata", "no_oid": null, "markused": null, "vajalik": 30, "vajalik_tekst": "Korras", "andmeallika_id": 222, "korgusallika_id": 222, "ruumikujuallika_id": 222, "muutmisaeg": "2022-05-05T12:44:49Z", "geom_muutmisaeg": "2022-05-05T12:50:39Z" }, "geometry": { "type": "LineString", "coordinates": [ [ 22.993332811767839, 58.365456789737443 ], [ 22.993468171509065, 58.36539445339745 ], [ 22.993522957387757, 58.3653758759379 ], [ 22.993591172387895, 58.365362163441262 ], [ 22.993641413512332, 58.36534475334237 ], [ 22.993719463123618, 58.365303793891485 ], [ 22.993774791064343, 58.365266220112247 ], [ 22.993798495704844, 58.36522839702566 ], [ 22.993816299444731, 58.365159638158161 ] ] } },
{ "type": "Feature", "properties": { "id": "e_501_tee_j.609305", "fid": 609305, "sys_id": 916042224, "etak_id": 8647393, "kood": 501, "kood_tekst": "Tee", "tyyp": 60, "tyyp_tekst": "Muu tee", "laius": 3, "teekate": 20, "teekate_tekst": "Kruuskate", "liiklus": 10, "liiklus_tekst": "Kahesuunaline", "tee": null, "teeosa": null, "soidutee": 997, "soidutee_tekst": "Täitmata", "tee_synon": null, "teeosa_synon": null, "soidutee_synon": 997, "soidutee_synon_tekst": "Täitmata", "tee_synon2": null, "teeosa_synon2": null, "soidutee_synon2": 997, "soidutee_synon2_tekst": "Täitmata", "nimetus": null, "a_tasand": 0, "l_tasand": 0, "ads_oid": null, "ads_nimetus": null, "karto_nimi": null, "tahtsus": 997, "tahtsus_tekst": "Täitmata", "no_oid": null, "markused": null, "vajalik": 30, "vajalik_tekst": "Korras", "andmeallika_id": 222, "korgusallika_id": 222, "ruumikujuallika_id": 222, "muutmisaeg": "2022-05-05T12:45:03Z", "geom_muutmisaeg": "2022-05-05T12:50:39Z" }, "geometry": { "type": "LineString", "coordinates": [ [ 22.992972472487189, 58.365195348528871 ], [ 22.992996782391685, 58.365212924512015 ], [ 22.993332811767839, 58.365456789737443 ] ] } },
{ "type": "Feature", "properties": { "id": "e_501_tee_j.609306", "fid": 609306, "sys_id": 916042225, "etak_id": 8647388, "kood": 501, "kood_tekst": "Tee", "tyyp": 60, "tyyp_tekst": "Muu tee", "laius": 3, "teekate": 20, "teekate_tekst": "Kruuskate", "liiklus": 10, "liiklus_tekst": "Kahesuunaline", "tee": null, "teeosa": null, "soidutee": 997, "soidutee_tekst": "Täitmata", "tee_synon": null, "teeosa_synon": null, "soidutee_synon": 997, "soidutee_synon_tekst": "Täitmata", "tee_synon2": null, "teeosa_synon2": null, "soidutee_synon2": 997, "soidutee_synon2_tekst": "Täitmata", "nimetus": null, "a_tasand": 0, "l_tasand": 0, "ads_oid": null, "ads_nimetus": null, "karto_nimi": null, "tahtsus": 997, "tahtsus_tekst": "Täitmata", "no_oid": null, "markused": null, "vajalik": 30, "vajalik_tekst": "Korras", "andmeallika_id": 222, "korgusallika_id": 222, "ruumikujuallika_id": 222, "muutmisaeg": "2022-05-05T12:42:08Z", "geom_muutmisaeg": "2022-05-05T12:50:39Z" }, "geometry": { "type": "LineString", "coordinates": [ [ 22.992021196432415, 58.36448226240082 ], [ 22.992132155704489, 58.364559077738122 ], [ 22.992229660049041, 58.364626582816676 ], [ 22.992395212002659, 58.364755550510807 ], [ 22.992498046050198, 58.364833316050188 ], [ 22.992801632007318, 58.365071907140745 ], [ 22.992972472487189, 58.365195348528871 ] ] } },
{ "type": "Feature", "properties": { "id": "e_501_tee_j.609307", "fid": 609307, "sys_id": 916042226, "etak_id": 8647386, "kood": 501, "kood_tekst": "Tee", "tyyp": 70, "tyyp_tekst": "Rada", "laius": 0, "teekate": 40, "teekate_tekst": "Pinnas", "liiklus": 10, "liiklus_tekst": "Kahesuunaline", "tee": null, "teeosa": null, "soidutee": 997, "soidutee_tekst": "Täitmata", "tee_synon": null, "teeosa_synon": null, "soidutee_synon": 997, "soidutee_synon_tekst": "Täitmata", "tee_synon2": null, "teeosa_synon2": null, "soidutee_synon2": 997, "soidutee_synon2_tekst": "Täitmata", "nimetus": null, "a_tasand": 0, "l_tasand": 0, "ads_oid": null, "ads_nimetus": null, "karto_nimi": null, "tahtsus": 997, "tahtsus_tekst": "Täitmata", "no_oid": null, "markused": null, "vajalik": 30, "vajalik_tekst": "Korras", "andmeallika_id": 222, "korgusallika_id": 222, "ruumikujuallika_id": 222, "muutmisaeg": "2022-05-05T13:22:26Z", "geom_muutmisaeg": "2022-05-05T13:27:19Z" }, "geometry": { "type": "LineString", "coordinates": [ [ 22.99637517571179, 58.363271520020135 ], [ 22.996182030008161, 58.363340211294677 ], [ 22.995922689781338, 58.363468795184971 ], [ 22.995812704175776, 58.363511776474994 ], [ 22.995672360536798, 58.363554527775698 ], [ 22.995509242534496, 58.363597755190845 ], [ 22.995119225643322, 58.363696520923753 ], [ 22.995051770302968, 58.363709494896554 ] ] } },
{ "type": "Feature", "properties": { "id": "e_501_tee_j.609309", "fid": 609309, "sys_id": 916042228, "etak_id": 8647390, "kood": 501, "kood_tekst": "Tee", "tyyp": 60, "tyyp_tekst": "Muu tee", "laius": 3, "teekate": 20, "teekate_tekst": "Kruuskate", "liiklus": 10, "liiklus_tekst": "Kahesuunaline", "tee": 3860109.0, "teeosa": 1.0, "soidutee": 1, "soidutee_tekst": "Parempoolne või ainuke", "tee_synon": null, "teeosa_synon": null, "soidutee_synon": 997, "soidutee_synon_tekst": "Täitmata", "tee_synon2": null, "teeosa_synon2": null, "soidutee_synon2": 997, "soidutee_synon2_tekst": "Täitmata", "nimetus": "Sääre tee", "a_tasand": 0, "l_tasand": 0, "ads_oid": null, "ads_nimetus": null, "karto_nimi": null, "tahtsus": 997, "tahtsus_tekst": "Täitmata", "no_oid": null, "markused": null, "vajalik": 30, "vajalik_tekst": "Korras", "andmeallika_id": 222, "korgusallika_id": 222, "ruumikujuallika_id": 222, "muutmisaeg": "2022-11-29T14:22:23Z", "geom_muutmisaeg": "2022-05-05T12:50:39Z" }, "geometry": { "type": "LineString", "coordinates": [ [ 22.992021196432415, 58.36448226240082 ], [ 22.991741472585225, 58.364577677554237 ] ] } },
{ "type": "Feature", "properties": { "id": "e_501_tee_j.609310", "fid": 609310, "sys_id": 916042229, "etak_id": 8647370, "kood": 501, "kood_tekst": "Tee", "tyyp": 60, "tyyp_tekst": "Muu tee", "laius": 3, "teekate": 40, "teekate_tekst": "Pinnas", "liiklus": 10, "liiklus_tekst": "Kahesuunaline", "tee": null, "teeosa": null, "soidutee": 997, "soidutee_tekst": "Täitmata", "tee_synon": null, "teeosa_synon": null, "soidutee_synon": 997, "soidutee_synon_tekst": "Täitmata", "tee_synon2": null, "teeosa_synon2": null, "soidutee_synon2": 997, "soidutee_synon2_tekst": "Täitmata", "nimetus": null, "a_tasand": 0, "l_tasand": 0, "ads_oid": null, "ads_nimetus": null, "karto_nimi": null, "tahtsus": 997, "tahtsus_tekst": "Täitmata", "no_oid": null, "markused": null, "vajalik": 30, "vajalik_tekst": "Korras", "andmeallika_id": 222, "korgusallika_id": 222, "ruumikujuallika_id": 222, "muutmisaeg": "2022-05-05T12:18:31Z", "geom_muutmisaeg": "2022-05-05T12:32:54Z" }, "geometry": { "type": "LineString", "coordinates": [ [ 22.991741472585225, 58.364577677554237 ], [ 22.991585893441449, 58.364445465383277 ], [ 22.991547857920789, 58.36441314418812 ], [ 22.99146304613933, 58.364344041749966 ], [ 22.991415356372091, 58.364317687393559 ], [ 22.99139058326741, 58.364305001232538 ], [ 22.991242382257401, 58.364229130065858 ], [ 22.990771914104521, 58.364009212896732 ] ] } },
{ "type": "Feature", "properties": { "id": "e_501_tee_j.609311", "fid": 609311, "sys_id": 916042230, "etak_id": 8647372, "kood": 501, "kood_tekst": "Tee", "tyyp": 60, "tyyp_tekst": "Muu tee", "laius": 3, "teekate": 40, "teekate_tekst": "Pinnas", "liiklus": 10, "liiklus_tekst": "Kahesuunaline", "tee": null, "teeosa": null, "soidutee": 997, "soidutee_tekst": "Täitmata", "tee_synon": null, "teeosa_synon": null, "soidutee_synon": 997, "soidutee_synon_tekst": "Täitmata", "tee_synon2": null, "teeosa_synon2": null, "soidutee_synon2": 997, "soidutee_synon2_tekst": "Täitmata", "nimetus": null, "a_tasand": 0, "l_tasand": 0, "ads_oid": null, "ads_nimetus": null, "karto_nimi": null, "tahtsus": 997, "tahtsus_tekst": "Täitmata", "no_oid": null, "markused": null, "vajalik": 30, "vajalik_tekst": "Korras", "andmeallika_id": 222, "korgusallika_id": 222, "ruumikujuallika_id": 222, "muutmisaeg": "2022-05-05T13:17:19Z", "geom_muutmisaeg": "2022-05-05T13:27:19Z" }, "geometry": { "type": "LineString", "coordinates": [ [ 22.993332811767839, 58.365456789737443 ], [ 22.993720400408463, 58.365727630670023 ], [ 22.993957738006017, 58.365897192471706 ], [ 22.994119511348863, 58.366017678391813 ], [ 22.994204467879907, 58.366080234117085 ], [ 22.994275834404331, 58.366132778390266 ], [ 22.994384390419192, 58.36620613362291 ], [ 22.994540685284832, 58.366321682031852 ], [ 22.994602036207741, 58.36636353353002 ], [ 22.994619675057173, 58.366377797110772 ], [ 22.994739255711821, 58.366474486615857 ], [ 22.994919917291458, 58.366607565720045 ], [ 22.99517990714665, 58.366818563999985 ], [ 22.995302972455161, 58.366919608467285 ], [ 22.995379370659361, 58.366967809735165 ], [ 22.996359697936235, 58.367642432650364 ], [ 22.99642243435251, 58.367685596145577 ], [ 22.996750664622407, 58.367924730322777 ], [ 22.997019212254546, 58.368120383234874 ], [ 22.99716425266578, 58.368226052277791 ], [ 22.998160419544522, 58.368964512179183 ], [ 22.998117623169421, 58.369077029721836 ], [ 22.998020196872282, 58.369123766209732 ], [ 22.997956431076517, 58.369143693882727 ], [ 22.99773373992949, 58.369207639133066 ], [ 22.997567825109154, 58.369279868895397 ], [ 22.997409376054101, 58.369353369304783 ], [ 22.997331544036907, 58.369453192888344 ] ] } },
{ "type": "Feature", "properties": { "id": "e_501_tee_j.609978", "fid": 609978, "sys_id": 916042905, "etak_id": 8661726, "kood": 501, "kood_tekst": "Tee", "tyyp": 30, "tyyp_tekst": "Kõrvalmaantee", "laius": 5, "teekate": 20, "teekate_tekst": "Kruuskate", "liiklus": 10, "liiklus_tekst": "Kahesuunaline", "tee": 21168.0, "teeosa": 1.0, "soidutee": 1, "soidutee_tekst": "Parempoolne või ainuke", "tee_synon": null, "teeosa_synon": null, "soidutee_synon": 997, "soidutee_synon_tekst": "Täitmata", "tee_synon2": null, "teeosa_synon2": null, "soidutee_synon2": 997, "soidutee_synon2_tekst": "Täitmata", "nimetus": "Kahtla-Ruhve tee", "a_tasand": 0, "l_tasand": 0, "ads_oid": null, "ads_nimetus": null, "karto_nimi": null, "tahtsus": 997, "tahtsus_tekst": "Täitmata", "no_oid": null, "markused": null, "vajalik": 30, "vajalik_tekst": "Korras", "andmeallika_id": 58, "korgusallika_id": 221, "ruumikujuallika_id": 223, "muutmisaeg": "2024-05-29T14:30:34Z", "geom_muutmisaeg": "2022-05-30T13:58:53Z" }, "geometry": { "type": "LineString", "coordinates": [ [ 23.008626983558312, 58.404602871117298 ], [ 23.008838495594524, 58.40421284923864 ], [ 23.008863506012716, 58.40418125622211 ], [ 23.008916926315894, 58.404096968057473 ] ] } },
{ "type": "Feature", "properties": { "id": "e_501_tee_j.610033", "fid": 610033, "sys_id": 916043041, "etak_id": 8663502, "kood": 501, "kood_tekst": "Tee", "tyyp": 60, "tyyp_tekst": "Muu tee", "laius": 3, "teekate": 40, "teekate_tekst": "Pinnas", "liiklus": 10, "liiklus_tekst": "Kahesuunaline", "tee": null, "teeosa": null, "soidutee": 997, "soidutee_tekst": "Täitmata", "tee_synon": null, "teeosa_synon": null, "soidutee_synon": 997, "soidutee_synon_tekst": "Täitmata", "tee_synon2": null, "teeosa_synon2": null, "soidutee_synon2": 997, "soidutee_synon2_tekst": "Täitmata", "nimetus": null, "a_tasand": 0, "l_tasand": 0, "ads_oid": null, "ads_nimetus": null, "karto_nimi": null, "tahtsus": 997, "tahtsus_tekst": "Täitmata", "no_oid": null, "markused": null, "vajalik": 30, "vajalik_tekst": "Korras", "andmeallika_id": 58, "korgusallika_id": 221, "ruumikujuallika_id": 223, "muutmisaeg": "2025-09-17T12:27:18Z", "geom_muutmisaeg": "2022-06-14T10:55:42Z" }, "geometry": { "type": "LineString", "coordinates": [ [ 23.02492930610126, 58.37951424316531 ], [ 23.024939933947845, 58.37953234590686 ], [ 23.025001955201791, 58.379637958876422 ], [ 23.025160428153043, 58.379862790902628 ], [ 23.025354373857279, 58.380128480195225 ] ] } },
{ "type": "Feature", "properties": { "id": "e_501_tee_j.610060", "fid": 610060, "sys_id": 916042987, "etak_id": 8663492, "kood": 501, "kood_tekst": "Tee", "tyyp": 60, "tyyp_tekst": "Muu tee", "laius": 3, "teekate": 40, "teekate_tekst": "Pinnas", "liiklus": 10, "liiklus_tekst": "Kahesuunaline", "tee": null, "teeosa": null, "soidutee": 997, "soidutee_tekst": "Täitmata", "tee_synon": null, "teeosa_synon": null, "soidutee_synon": 997, "soidutee_synon_tekst": "Täitmata", "tee_synon2": null, "teeosa_synon2": null, "soidutee_synon2": 997, "soidutee_synon2_tekst": "Täitmata", "nimetus": null, "a_tasand": 0, "l_tasand": 0, "ads_oid": null, "ads_nimetus": null, "karto_nimi": null, "tahtsus": 997, "tahtsus_tekst": "Täitmata", "no_oid": null, "markused": null, "vajalik": 30, "vajalik_tekst": "Korras", "andmeallika_id": 223, "korgusallika_id": 221, "ruumikujuallika_id": 223, "muutmisaeg": "2024-05-29T14:54:15Z", "geom_muutmisaeg": "2022-06-01T11:43:46Z" }, "geometry": { "type": "LineString", "coordinates": [ [ 23.02413543398508, 58.378508730131692 ], [ 23.023669709432319, 58.378764754581155 ] ] } },
{ "type": "Feature", "properties": { "id": "e_501_tee_j.610065", "fid": 610065, "sys_id": 916042992, "etak_id": 8663517, "kood": 501, "kood_tekst": "Tee", "tyyp": 70, "tyyp_tekst": "Rada", "laius": 0, "teekate": 40, "teekate_tekst": "Pinnas", "liiklus": 10, "liiklus_tekst": "Kahesuunaline", "tee": null, "teeosa": null, "soidutee": 997, "soidutee_tekst": "Täitmata", "tee_synon": null, "teeosa_synon": null, "soidutee_synon": 997, "soidutee_synon_tekst": "Täitmata", "tee_synon2": null, "teeosa_synon2": null, "soidutee_synon2": 997, "soidutee_synon2_tekst": "Täitmata", "nimetus": null, "a_tasand": 0, "l_tasand": 0, "ads_oid": null, "ads_nimetus": null, "karto_nimi": null, "tahtsus": 997, "tahtsus_tekst": "Täitmata", "no_oid": null, "markused": null, "vajalik": 30, "vajalik_tekst": "Korras", "andmeallika_id": 223, "korgusallika_id": 221, "ruumikujuallika_id": 223, "muutmisaeg": "2024-05-29T14:54:13Z", "geom_muutmisaeg": "2022-06-01T11:43:46Z" }, "geometry": { "type": "LineString", "coordinates": [ [ 23.011272474897485, 58.385226679880063 ], [ 23.011202403539428, 58.385112934226136 ], [ 23.011138673513749, 58.385016936006153 ] ] } },
{ "type": "Feature", "properties": { "id": "e_501_tee_j.610075", "fid": 610075, "sys_id": 916043001, "etak_id": 8663509, "kood": 501, "kood_tekst": "Tee", "tyyp": 60, "tyyp_tekst": "Muu tee", "laius": 4, "teekate": 10, "teekate_tekst": "Püsikate", "liiklus": 10, "liiklus_tekst": "Kahesuunaline", "tee": 3860006.0, "teeosa": 1.0, "soidutee": 1, "soidutee_tekst": "Parempoolne või ainuke", "tee_synon": null, "teeosa_synon": null, "soidutee_synon": 997, "soidutee_synon_tekst": "Täitmata", "tee_synon2": null, "teeosa_synon2": null, "soidutee_synon2": 997, "soidutee_synon2_tekst": "Täitmata", "nimetus": "Pärdi tee", "a_tasand": 0, "l_tasand": 0, "ads_oid": null, "ads_nimetus": null, "karto_nimi": null, "tahtsus": 997, "tahtsus_tekst": "Täitmata", "no_oid": null, "markused": null, "vajalik": 30, "vajalik_tekst": "Korras", "andmeallika_id": 227, "korgusallika_id": 221, "ruumikujuallika_id": 223, "muutmisaeg": "2024-05-29T14:24:16Z", "geom_muutmisaeg": "2022-06-01T11:43:46Z" }, "geometry": { "type": "LineString", "coordinates": [ [ 23.023575506865459, 58.375879707971009 ], [ 23.023499748826925, 58.375773647923261 ], [ 23.023441897150505, 58.375609278056579 ], [ 23.023400281707652, 58.375393203415335 ] ] } },
{ "type": "Feature", "properties": { "id": "e_501_tee_j.610077", "fid": 610077, "sys_id": 916043003, "etak_id": 8663465, "kood": 501, "kood_tekst": "Tee", "tyyp": 60, "tyyp_tekst": "Muu tee", "laius": 4, "teekate": 10, "teekate_tekst": "Püsikate", "liiklus": 10, "liiklus_tekst": "Kahesuunaline", "tee": 3860006.0, "teeosa": 1.0, "soidutee": 1, "soidutee_tekst": "Parempoolne või ainuke", "tee_synon": null, "teeosa_synon": null, "soidutee_synon": 997, "soidutee_synon_tekst": "Täitmata", "tee_synon2": null, "teeosa_synon2": null, "soidutee_synon2": 997, "soidutee_synon2_tekst": "Täitmata", "nimetus": "Pärdi tee", "a_tasand": 0, "l_tasand": 0, "ads_oid": null, "ads_nimetus": null, "karto_nimi": null, "tahtsus": 997, "tahtsus_tekst": "Täitmata", "no_oid": null, "markused": null, "vajalik": 30, "vajalik_tekst": "Korras", "andmeallika_id": 46, "korgusallika_id": 221, "ruumikujuallika_id": 223, "muutmisaeg": "2024-05-29T14:31:07Z", "geom_muutmisaeg": "2022-06-01T11:43:46Z" }, "geometry": { "type": "LineString", "coordinates": [ [ 23.024346950295339, 58.376469596423242 ], [ 23.024368717776081, 58.376339077015039 ], [ 23.024353733493292, 58.376291919602906 ] ] } },
{ "type": "Feature", "properties": { "id": "e_501_tee_j.610088", "fid": 610088, "sys_id": 916043014, "etak_id": 8663493, "kood": 501, "kood_tekst": "Tee", "tyyp": 60, "tyyp_tekst": "Muu tee", "laius": 4, "teekate": 10, "teekate_tekst": "Püsikate", "liiklus": 10, "liiklus_tekst": "Kahesuunaline", "tee": 3860006.0, "teeosa": 1.0, "soidutee": 1, "soidutee_tekst": "Parempoolne või ainuke", "tee_synon": null, "teeosa_synon": null, "soidutee_synon": 997, "soidutee_synon_tekst": "Täitmata", "tee_synon2": null, "teeosa_synon2": null, "soidutee_synon2": 997, "soidutee_synon2_tekst": "Täitmata", "nimetus": "Pärdi tee", "a_tasand": 0, "l_tasand": 0, "ads_oid": null, "ads_nimetus": null, "karto_nimi": null, "tahtsus": 997, "tahtsus_tekst": "Täitmata", "no_oid": null, "markused": null, "vajalik": 30, "vajalik_tekst": "Korras", "andmeallika_id": 46, "korgusallika_id": 999, "ruumikujuallika_id": 46, "muutmisaeg": "2024-12-06T13:57:25Z", "geom_muutmisaeg": "2024-12-06T13:59:28Z" }, "geometry": { "type": "LineString", "coordinates": [ [ 23.023669709432319, 58.378764754581155 ], [ 23.023677980820487, 58.378719193650788 ], [ 23.02369510076969, 58.378625130968452 ], [ 23.023704697305504, 58.378531747069687 ], [ 23.023726140052322, 58.378326094897744 ] ] } },
{ "type": "Feature", "properties": { "id": "e_501_tee_j.610089", "fid": 610089, "sys_id": 916043015, "etak_id": 8663508, "kood": 501, "kood_tekst": "Tee", "tyyp": 60, "tyyp_tekst": "Muu tee", "laius": 3, "teekate": 40, "teekate_tekst": "Pinnas", "liiklus": 10, "liiklus_tekst": "Kahesuunaline", "tee": null, "teeosa": null, "soidutee": 997, "soidutee_tekst": "Täitmata", "tee_synon": null, "teeosa_synon": null, "soidutee_synon": 997, "soidutee_synon_tekst": "Täitmata", "tee_synon2": null, "teeosa_synon2": null, "soidutee_synon2": 997, "soidutee_synon2_tekst": "Täitmata", "nimetus": null, "a_tasand": 0, "l_tasand": 0, "ads_oid": null, "ads_nimetus": null, "karto_nimi": null, "tahtsus": 997, "tahtsus_tekst": "Täitmata", "no_oid": null, "markused": null, "vajalik": 30, "vajalik_tekst": "Korras", "andmeallika_id": 58, "korgusallika_id": 221, "ruumikujuallika_id": 223, "muutmisaeg": "2025-09-17T12:26:13Z", "geom_muutmisaeg": "2022-06-01T11:43:46Z" }, "geometry": { "type": "LineString", "coordinates": [ [ 23.023575506865459, 58.375879707971009 ], [ 23.023581214468742, 58.376006827675631 ], [ 23.023627106115054, 58.376237670081885 ], [ 23.023654002240658, 58.376315717914842 ], [ 23.023716060786107, 58.376375842400314 ] ] } },
{ "type": "Feature", "properties": { "id": "e_501_tee_j.610103", "fid": 610103, "sys_id": 916043029, "etak_id": 8663503, "kood": 501, "kood_tekst": "Tee", "tyyp": 30, "tyyp_tekst": "Kõrvalmaantee", "laius": 5, "teekate": 20, "teekate_tekst": "Kruuskate", "liiklus": 10, "liiklus_tekst": "Kahesuunaline", "tee": 21168.0, "teeosa": 1.0, "soidutee": 1, "soidutee_tekst": "Parempoolne või ainuke", "tee_synon": null, "teeosa_synon": null, "soidutee_synon": 997, "soidutee_synon_tekst": "Täitmata", "tee_synon2": null, "teeosa_synon2": null, "soidutee_synon2": 997, "soidutee_synon2_tekst": "Täitmata", "nimetus": "Kahtla-Ruhve tee", "a_tasand": 0, "l_tasand": 0, "ads_oid": null, "ads_nimetus": null, "karto_nimi": null, "tahtsus": 997, "tahtsus_tekst": "Täitmata", "no_oid": null, "markused": null, "vajalik": 30, "vajalik_tekst": "Korras", "andmeallika_id": 58, "korgusallika_id": 221, "ruumikujuallika_id": 223, "muutmisaeg": "2024-05-29T14:29:07Z", "geom_muutmisaeg": "2022-06-01T11:43:46Z" }, "geometry": { "type": "LineString", "coordinates": [ [ 23.024574663059866, 58.379488547432409 ], [ 23.02492930610126, 58.37951424316531 ] ] } },
{ "type": "Feature", "properties": { "id": "e_501_tee_j.610108", "fid": 610108, "sys_id": 916043034, "etak_id": 8663501, "kood": 501, "kood_tekst": "Tee", "tyyp": 60, "tyyp_tekst": "Muu tee", "laius": 3, "teekate": 40, "teekate_tekst": "Pinnas", "liiklus": 10, "liiklus_tekst": "Kahesuunaline", "tee": null, "teeosa": null, "soidutee": 997, "soidutee_tekst": "Täitmata", "tee_synon": null, "teeosa_synon": null, "soidutee_synon": 997, "soidutee_synon_tekst": "Täitmata", "tee_synon2": null, "teeosa_synon2": null, "soidutee_synon2": 997, "soidutee_synon2_tekst": "Täitmata", "nimetus": null, "a_tasand": 0, "l_tasand": 0, "ads_oid": null, "ads_nimetus": null, "karto_nimi": null, "tahtsus": 997, "tahtsus_tekst": "Täitmata", "no_oid": null, "markused": null, "vajalik": 30, "vajalik_tekst": "Korras", "andmeallika_id": 58, "korgusallika_id": 221, "ruumikujuallika_id": 223, "muutmisaeg": "2025-09-17T12:26:12Z", "geom_muutmisaeg": "2022-06-14T10:55:42Z" }, "geometry": { "type": "LineString", "coordinates": [ [ 23.024574663059866, 58.379488547432409 ], [ 23.024584672181295, 58.379504292884604 ], [ 23.024617059856173, 58.379555192887999 ], [ 23.02462330722442, 58.379591346641092 ], [ 23.024611243963466, 58.379634975032353 ], [ 23.024575929887185, 58.379726815623982 ] ] } },
{ "type": "Feature", "properties": { "id": "e_501_tee_j.610124", "fid": 610124, "sys_id": 916043052, "etak_id": 8663515, "kood": 501, "kood_tekst": "Tee", "tyyp": 70, "tyyp_tekst": "Rada", "laius": 0, "teekate": 40, "teekate_tekst": "Pinnas", "liiklus": 10, "liiklus_tekst": "Kahesuunaline", "tee": null, "teeosa": null, "soidutee": 997, "soidutee_tekst": "Täitmata", "tee_synon": null, "teeosa_synon": null, "soidutee_synon": 997, "soidutee_synon_tekst": "Täitmata", "tee_synon2": null, "teeosa_synon2": null, "soidutee_synon2": 997, "soidutee_synon2_tekst": "Täitmata", "nimetus": null, "a_tasand": 0, "l_tasand": 0, "ads_oid": null, "ads_nimetus": null, "karto_nimi": null, "tahtsus": 997, "tahtsus_tekst": "Täitmata", "no_oid": null, "markused": null, "vajalik": 30, "vajalik_tekst": "Korras", "andmeallika_id": 223, "korgusallika_id": 221, "ruumikujuallika_id": 223, "muutmisaeg": "2024-05-29T14:54:12Z", "geom_muutmisaeg": "2022-06-01T11:43:46Z" }, "geometry": { "type": "LineString", "coordinates": [ [ 23.010607272971587, 58.384314547011954 ], [ 23.010502032044215, 58.384179040782982 ] ] } },
{ "type": "Feature", "properties": { "id": "e_501_tee_j.610361", "fid": 610361, "sys_id": 916043289, "etak_id": 8669949, "kood": 501, "kood_tekst": "Tee", "tyyp": 70, "tyyp_tekst": "Rada", "laius": 0, "teekate": 40, "teekate_tekst": "Pinnas", "liiklus": 10, "liiklus_tekst": "Kahesuunaline", "tee": null, "teeosa": null, "soidutee": 997, "soidutee_tekst": "Täitmata", "tee_synon": null, "teeosa_synon": null, "soidutee_synon": 997, "soidutee_synon_tekst": "Täitmata", "tee_synon2": null, "teeosa_synon2": null, "soidutee_synon2": 997, "soidutee_synon2_tekst": "Täitmata", "nimetus": null, "a_tasand": 0, "l_tasand": 0, "ads_oid": null, "ads_nimetus": null, "karto_nimi": null, "tahtsus": 997, "tahtsus_tekst": "Täitmata", "no_oid": null, "markused": null, "vajalik": 30, "vajalik_tekst": "Korras", "andmeallika_id": 222, "korgusallika_id": 222, "ruumikujuallika_id": 222, "muutmisaeg": "2022-06-08T14:30:27Z", "geom_muutmisaeg": "2022-06-08T14:30:42Z" }, "geometry": { "type": "LineString", "coordinates": [ [ 22.999237116916987, 58.362370736545437 ], [ 22.999070634468794, 58.362410646607017 ], [ 22.99834287156207, 58.362568192139101 ], [ 22.99812045447954, 58.362618571993551 ], [ 22.997876847638782, 58.36269964739143 ], [ 22.997428812563257, 58.362888782464253 ], [ 22.997107926990164, 58.363011551462897 ], [ 22.996768159320276, 58.363124662036867 ], [ 22.996660496248055, 58.363165363562963 ], [ 22.99637517571179, 58.363271520020135 ] ] } },
{ "type": "Feature", "properties": { "id": "e_501_tee_j.610383", "fid": 610383, "sys_id": 916043314, "etak_id": 8669531, "kood": 501, "kood_tekst": "Tee", "tyyp": 70, "tyyp_tekst": "Rada", "laius": 0, "teekate": 40, "teekate_tekst": "Pinnas", "liiklus": 10, "liiklus_tekst": "Kahesuunaline", "tee": null, "teeosa": null, "soidutee": 997, "soidutee_tekst": "Täitmata", "tee_synon": null, "teeosa_synon": null, "soidutee_synon": 997, "soidutee_synon_tekst": "Täitmata", "tee_synon2": null, "teeosa_synon2": null, "soidutee_synon2": 997, "soidutee_synon2_tekst": "Täitmata", "nimetus": null, "a_tasand": 0, "l_tasand": 0, "ads_oid": null, "ads_nimetus": null, "karto_nimi": null, "tahtsus": 997, "tahtsus_tekst": "Täitmata", "no_oid": null, "markused": null, "vajalik": 30, "vajalik_tekst": "Korras", "andmeallika_id": 222, "korgusallika_id": 222, "ruumikujuallika_id": 222, "muutmisaeg": "2022-11-29T16:14:48Z", "geom_muutmisaeg": "2022-11-29T16:30:30Z" }, "geometry": { "type": "LineString", "coordinates": [ [ 23.032964484116505, 58.367515787140661 ], [ 23.032916328997583, 58.367561791728079 ], [ 23.032893118477418, 58.367603639276908 ], [ 23.032888672091236, 58.367623683434189 ], [ 23.032877382377158, 58.367674519838417 ], [ 23.032848550889941, 58.367720670802647 ], [ 23.032808863671264, 58.367759493167306 ], [ 23.032542286245786, 58.367927003360997 ], [ 23.032478125074537, 58.36795404778735 ], [ 23.03237014925843, 58.367969167712715 ], [ 23.032187906373622, 58.367977932815222 ], [ 23.032097011266696, 58.367972206226931 ], [ 23.032030989382342, 58.367968051008297 ], [ 23.031926937772003, 58.367951664806775 ], [ 23.031805847576262, 58.36793156652444 ], [ 23.031731628731439, 58.367926576753774 ], [ 23.031667767844006, 58.367937693670626 ] ] } },
{ "type": "Feature", "properties": { "id": "e_501_tee_j.610410", "fid": 610410, "sys_id": 916043341, "etak_id": 8669955, "kood": 501, "kood_tekst": "Tee", "tyyp": 70, "tyyp_tekst": "Rada", "laius": 0, "teekate": 40, "teekate_tekst": "Pinnas", "liiklus": 10, "liiklus_tekst": "Kahesuunaline", "tee": null, "teeosa": null, "soidutee": 997, "soidutee_tekst": "Täitmata", "tee_synon": null, "teeosa_synon": null, "soidutee_synon": 997, "soidutee_synon_tekst": "Täitmata", "tee_synon2": null, "teeosa_synon2": null, "soidutee_synon2": 997, "soidutee_synon2_tekst": "Täitmata", "nimetus": null, "a_tasand": 0, "l_tasand": 0, "ads_oid": null, "ads_nimetus": null, "karto_nimi": null, "tahtsus": 997, "tahtsus_tekst": "Täitmata", "no_oid": null, "markused": null, "vajalik": 30, "vajalik_tekst": "Korras", "andmeallika_id": 222, "korgusallika_id": 222, "ruumikujuallika_id": 222, "muutmisaeg": "2022-06-08T14:30:27Z", "geom_muutmisaeg": "2022-06-08T14:30:42Z" }, "geometry": { "type": "LineString", "coordinates": [ [ 22.999278072420658, 58.361653403899219 ], [ 22.999220716841503, 58.361725489980984 ], [ 22.999182908032346, 58.361766283363508 ], [ 22.999181887414565, 58.361802228987692 ], [ 22.999202086595563, 58.361865315207766 ], [ 22.999232458907951, 58.362000388447257 ], [ 22.999241282622084, 58.362033843145717 ], [ 22.999250033456036, 58.362069865388072 ], [ 22.999237309437831, 58.362173783301941 ], [ 22.999231439593665, 58.36220840684377 ], [ 22.999230601259349, 58.362237933605975 ], [ 22.999258129375246, 58.362301077279767 ], [ 22.999257145267173, 58.362335739131055 ], [ 22.999237116916987, 58.362370736545437 ] ] } },
{ "type": "Feature", "properties": { "id": "e_501_tee_j.610426", "fid": 610426, "sys_id": 916043356, "etak_id": 8669819, "kood": 501, "kood_tekst": "Tee", "tyyp": 60, "tyyp_tekst": "Muu tee", "laius": 3, "teekate": 40, "teekate_tekst": "Pinnas", "liiklus": 10, "liiklus_tekst": "Kahesuunaline", "tee": null, "teeosa": null, "soidutee": 997, "soidutee_tekst": "Täitmata", "tee_synon": null, "teeosa_synon": null, "soidutee_synon": 997, "soidutee_synon_tekst": "Täitmata", "tee_synon2": null, "teeosa_synon2": null, "soidutee_synon2": 997, "soidutee_synon2_tekst": "Täitmata", "nimetus": null, "a_tasand": 0, "l_tasand": 0, "ads_oid": null, "ads_nimetus": null, "karto_nimi": null, "tahtsus": 997, "tahtsus_tekst": "Täitmata", "no_oid": null, "markused": null, "vajalik": 30, "vajalik_tekst": "Korras", "andmeallika_id": 222, "korgusallika_id": 222, "ruumikujuallika_id": 222, "muutmisaeg": "2022-11-29T14:48:46Z", "geom_muutmisaeg": "2022-11-29T14:58:18Z" }, "geometry": { "type": "LineString", "coordinates": [ [ 23.008339104028465, 58.364263685219193 ], [ 23.008280201040552, 58.36421030293846 ], [ 23.008249208638091, 58.364156697507887 ], [ 23.00824717933094, 58.364119506990697 ], [ 23.008243856057337, 58.364058466090555 ], [ 23.008271160199953, 58.363954077119359 ], [ 23.00835313109631, 58.363783952599263 ], [ 23.008586912720105, 58.363559505596747 ], [ 23.008614763032483, 58.363514016737142 ], [ 23.008611925200643, 58.363430836399786 ], [ 23.00859418869651, 58.36333241901395 ], [ 23.008546394492029, 58.363169053548042 ], [ 23.008539280493821, 58.363018000560281 ], [ 23.008549130970447, 58.362912613930128 ], [ 23.008606191241434, 58.362830365791552 ], [ 23.008672963698327, 58.362773990903712 ], [ 23.00885621606, 58.362642931920206 ], [ 23.009070405135908, 58.362517563379335 ], [ 23.009138781692929, 58.36247397840782 ], [ 23.0092110553487, 58.362427909419715 ], [ 23.009299976884201, 58.362336048930111 ], [ 23.00933958420163, 58.362278286540111 ], [ 23.009344165168326, 58.362264242387035 ], [ 23.009358469988868, 58.362220354324648 ], [ 23.009350422383889, 58.362183260786068 ], [ 23.009346247691031, 58.362164003472174 ], [ 23.009285833922789, 58.362101828046043 ], [ 23.009061739539565, 58.361965792320319 ], [ 23.009003422556468, 58.361926306037859 ], [ 23.008979696851181, 58.361910237241496 ], [ 23.008906423640401, 58.361860622739549 ], [ 23.00887196698104, 58.361837287065065 ], [ 23.008725354502886, 58.361770814257632 ], [ 23.008455605383077, 58.361661648396797 ], [ 23.008236223111037, 58.361603687828257 ] ] } },
{ "type": "Feature", "properties": { "id": "e_501_tee_j.610474", "fid": 610474, "sys_id": 916043404, "etak_id": 8669879, "kood": 501, "kood_tekst": "Tee", "tyyp": 70, "tyyp_tekst": "Rada", "laius": 0, "teekate": 40, "teekate_tekst": "Pinnas", "liiklus": 10, "liiklus_tekst": "Kahesuunaline", "tee": null, "teeosa": null, "soidutee": 997, "soidutee_tekst": "Täitmata", "tee_synon": null, "teeosa_synon": null, "soidutee_synon": 997, "soidutee_synon_tekst": "Täitmata", "tee_synon2": null, "teeosa_synon2": null, "soidutee_synon2": 997, "soidutee_synon2_tekst": "Täitmata", "nimetus": null, "a_tasand": 0, "l_tasand": 0, "ads_oid": null, "ads_nimetus": null, "karto_nimi": null, "tahtsus": 997, "tahtsus_tekst": "Täitmata", "no_oid": null, "markused": null, "vajalik": 30, "vajalik_tekst": "Korras", "andmeallika_id": 222, "korgusallika_id": 222, "ruumikujuallika_id": 222, "muutmisaeg": "2022-12-05T11:05:30Z", "geom_muutmisaeg": "2022-12-05T11:17:52Z" }, "geometry": { "type": "LineString", "coordinates": [ [ 23.008339104028465, 58.364263685219193 ], [ 23.007839133540028, 58.364073737472921 ], [ 23.007631187888158, 58.364036948535229 ], [ 23.007463515733544, 58.363985072750843 ], [ 23.007113899866336, 58.363876037350991 ], [ 23.006767791449374, 58.363763885476182 ], [ 23.006654717742649, 58.363762278182023 ], [ 23.006172722760102, 58.363736535497203 ], [ 23.005861811017216, 58.363624655183081 ], [ 23.005651188844794, 58.363483025440509 ], [ 23.005622336638879, 58.363354933811465 ], [ 23.005562113013422, 58.363230458900269 ], [ 23.00544681055797, 58.363150451851155 ], [ 23.005182661327186, 58.362968176409083 ], [ 23.005046070312559, 58.362879688112159 ], [ 23.004944013826918, 58.362813558269885 ], [ 23.00469129233413, 58.362670916208501 ], [ 23.004447264390343, 58.362549649596716 ], [ 23.004353087233536, 58.362496214763958 ], [ 23.004313168138076, 58.362457651034916 ] ] } },
{ "type": "Feature", "properties": { "id": "e_501_tee_j.616575", "fid": 616575, "sys_id": 916049523, "etak_id": 8791155, "kood": 501, "kood_tekst": "Tee", "tyyp": 70, "tyyp_tekst": "Rada", "laius": 0, "teekate": 40, "teekate_tekst": "Pinnas", "liiklus": 10, "liiklus_tekst": "Kahesuunaline", "tee": null, "teeosa": null, "soidutee": 997, "soidutee_tekst": "Täitmata", "tee_synon": null, "teeosa_synon": null, "soidutee_synon": 997, "soidutee_synon_tekst": "Täitmata", "tee_synon2": null, "teeosa_synon2": null, "soidutee_synon2": 997, "soidutee_synon2_tekst": "Täitmata", "nimetus": null, "a_tasand": 0, "l_tasand": 0, "ads_oid": null, "ads_nimetus": null, "karto_nimi": null, "tahtsus": 997, "tahtsus_tekst": "Täitmata", "no_oid": null, "markused": null, "vajalik": 30, "vajalik_tekst": "Korras", "andmeallika_id": 58, "korgusallika_id": 222, "ruumikujuallika_id": 222, "muutmisaeg": "2025-09-02T15:41:32Z", "geom_muutmisaeg": "2022-11-29T14:58:18Z" }, "geometry": { "type": "LineString", "coordinates": [ [ 23.007306034047136, 58.361706391127797 ], [ 23.007383927358305, 58.361695000464152 ], [ 23.007440619086417, 58.361699895152732 ], [ 23.007494769096748, 58.361710103820457 ], [ 23.007536536003617, 58.361703765891562 ], [ 23.007558769345458, 58.36167814093286 ], [ 23.007598577001701, 58.361653999536095 ], [ 23.007687551806129, 58.361615559075872 ], [ 23.007761119210773, 58.361585448397157 ], [ 23.007967756240312, 58.361544375583158 ], [ 23.008103783803854, 58.361512092282503 ], [ 23.008201821068834, 58.361494634946901 ], [ 23.008298440374404, 58.361502066421352 ], [ 23.008357523487234, 58.361506979285821 ], [ 23.008441368398252, 58.361481392882354 ], [ 23.008495302111587, 58.361468917458232 ], [ 23.008514706170388, 58.361460627557008 ], [ 23.008543369619581, 58.361434163424256 ], [ 23.008604452400714, 58.361391060850806 ], [ 23.008695298168767, 58.361337063939708 ] ] } },
{ "type": "Feature", "properties": { "id": "e_501_tee_j.616617", "fid": 616617, "sys_id": 916049565, "etak_id": 8791063, "kood": 501, "kood_tekst": "Tee", "tyyp": 60, "tyyp_tekst": "Muu tee", "laius": 3, "teekate": 20, "teekate_tekst": "Kruuskate", "liiklus": 10, "liiklus_tekst": "Kahesuunaline", "tee": null, "teeosa": null, "soidutee": 997, "soidutee_tekst": "Täitmata", "tee_synon": null, "teeosa_synon": null, "soidutee_synon": 997, "soidutee_synon_tekst": "Täitmata", "tee_synon2": null, "teeosa_synon2": null, "soidutee_synon2": 997, "soidutee_synon2_tekst": "Täitmata", "nimetus": null, "a_tasand": 0, "l_tasand": 0, "ads_oid": null, "ads_nimetus": null, "karto_nimi": null, "tahtsus": 997, "tahtsus_tekst": "Täitmata", "no_oid": null, "markused": null, "vajalik": 30, "vajalik_tekst": "Korras", "andmeallika_id": 58, "korgusallika_id": 222, "ruumikujuallika_id": 222, "muutmisaeg": "2025-09-17T12:26:10Z", "geom_muutmisaeg": "2022-11-29T14:00:06Z" }, "geometry": { "type": "LineString", "coordinates": [ [ 22.990766689132691, 58.367338407479984 ], [ 22.990395443224507, 58.367443359739056 ], [ 22.990095919627059, 58.367516687088795 ] ] } },
{ "type": "Feature", "properties": { "id": "e_501_tee_j.616624", "fid": 616624, "sys_id": 916049572, "etak_id": 8791156, "kood": 501, "kood_tekst": "Tee", "tyyp": 70, "tyyp_tekst": "Rada", "laius": 0, "teekate": 40, "teekate_tekst": "Pinnas", "liiklus": 10, "liiklus_tekst": "Kahesuunaline", "tee": null, "teeosa": null, "soidutee": 997, "soidutee_tekst": "Täitmata", "tee_synon": null, "teeosa_synon": null, "soidutee_synon": 997, "soidutee_synon_tekst": "Täitmata", "tee_synon2": null, "teeosa_synon2": null, "soidutee_synon2": 997, "soidutee_synon2_tekst": "Täitmata", "nimetus": null, "a_tasand": 0, "l_tasand": 0, "ads_oid": null, "ads_nimetus": null, "karto_nimi": null, "tahtsus": 997, "tahtsus_tekst": "Täitmata", "no_oid": null, "markused": null, "vajalik": 30, "vajalik_tekst": "Korras", "andmeallika_id": 222, "korgusallika_id": 222, "ruumikujuallika_id": 222, "muutmisaeg": "2022-11-29T15:00:08Z", "geom_muutmisaeg": "2022-11-29T15:01:35Z" }, "geometry": { "type": "LineString", "coordinates": [ [ 23.008695298168767, 58.361337063939708 ], [ 23.008764020501793, 58.361337624638566 ], [ 23.009017692015657, 58.361357373791641 ], [ 23.009231904516739, 58.361377372848494 ], [ 23.009466649620379, 58.361398779039341 ], [ 23.009909301740759, 58.361428685040877 ], [ 23.010357679102476, 58.361482303608526 ], [ 23.010609563241452, 58.361492140418896 ], [ 23.010934416821129, 58.361491856745033 ], [ 23.011118807229426, 58.361486568970449 ], [ 23.011351488275086, 58.36147989505163 ], [ 23.011830882249022, 58.36137801890473 ], [ 23.011928776637902, 58.361360090688372 ], [ 23.012204593985295, 58.361309714182354 ], [ 23.012391267941123, 58.361257641611481 ], [ 23.01250254134866, 58.361231744007327 ], [ 23.012777910123194, 58.361185116194861 ], [ 23.013168657231976, 58.361191720894269 ], [ 23.013466897366314, 58.361170329951662 ] ] } },
{ "type": "Feature", "properties": { "id": "e_501_tee_j.616635", "fid": 616635, "sys_id": 916049583, "etak_id": 8791576, "kood": 501, "kood_tekst": "Tee", "tyyp": 60, "tyyp_tekst": "Muu tee", "laius": 3, "teekate": 40, "teekate_tekst": "Pinnas", "liiklus": 10, "liiklus_tekst": "Kahesuunaline", "tee": null, "teeosa": null, "soidutee": 997, "soidutee_tekst": "Täitmata", "tee_synon": null, "teeosa_synon": null, "soidutee_synon": 997, "soidutee_synon_tekst": "Täitmata", "tee_synon2": null, "teeosa_synon2": null, "soidutee_synon2": 997, "soidutee_synon2_tekst": "Täitmata", "nimetus": null, "a_tasand": 0, "l_tasand": 0, "ads_oid": null, "ads_nimetus": null, "karto_nimi": null, "tahtsus": 997, "tahtsus_tekst": "Täitmata", "no_oid": null, "markused": null, "vajalik": 30, "vajalik_tekst": "Korras", "andmeallika_id": 222, "korgusallika_id": 222, "ruumikujuallika_id": 222, "muutmisaeg": "2022-11-29T17:53:44Z", "geom_muutmisaeg": "2022-11-29T17:54:53Z" }, "geometry": { "type": "LineString", "coordinates": [ [ 23.021770849129567, 58.368744081280859 ], [ 23.021352821084207, 58.36880540302446 ] ] } },
{ "type": "Feature", "properties": { "id": "e_501_tee_j.616642", "fid": 616642, "sys_id": 916049590, "etak_id": 8791449, "kood": 501, "kood_tekst": "Tee", "tyyp": 60, "tyyp_tekst": "Muu tee", "laius": 3, "teekate": 40, "teekate_tekst": "Pinnas", "liiklus": 10, "liiklus_tekst": "Kahesuunaline", "tee": null, "teeosa": null, "soidutee": 997, "soidutee_tekst": "Täitmata", "tee_synon": null, "teeosa_synon": null, "soidutee_synon": 997, "soidutee_synon_tekst": "Täitmata", "tee_synon2": null, "teeosa_synon2": null, "soidutee_synon2": 997, "soidutee_synon2_tekst": "Täitmata", "nimetus": null, "a_tasand": 0, "l_tasand": 0, "ads_oid": null, "ads_nimetus": null, "karto_nimi": null, "tahtsus": 997, "tahtsus_tekst": "Täitmata", "no_oid": null, "markused": null, "vajalik": 30, "vajalik_tekst": "Korras", "andmeallika_id": 46, "korgusallika_id": 999, "ruumikujuallika_id": 46, "muutmisaeg": "2024-12-06T10:43:07Z", "geom_muutmisaeg": "2024-12-06T11:46:07Z" }, "geometry": { "type": "LineString", "coordinates": [ [ 23.027467206915397, 58.368295752083803 ], [ 23.027661765288546, 58.368272451138282 ], [ 23.027720525505256, 58.368265409912055 ], [ 23.027905623855386, 58.36824925595495 ], [ 23.028020453692438, 58.368244114173756 ], [ 23.02810502037142, 58.368255614111945 ], [ 23.028216729899835, 58.368280583151417 ], [ 23.028294278151414, 58.368296851453366 ], [ 23.028367712502291, 58.36829621616566 ], [ 23.02845307683523, 58.368278790425478 ], [ 23.028520157066595, 58.368258819011992 ] ] } },
{ "type": "Feature", "properties": { "id": "e_501_tee_j.616651", "fid": 616651, "sys_id": 916049599, "etak_id": 8791812, "kood": 501, "kood_tekst": "Tee", "tyyp": 70, "tyyp_tekst": "Rada", "laius": 0, "teekate": 40, "teekate_tekst": "Pinnas", "liiklus": 10, "liiklus_tekst": "Kahesuunaline", "tee": null, "teeosa": null, "soidutee": 997, "soidutee_tekst": "Täitmata", "tee_synon": null, "teeosa_synon": null, "soidutee_synon": 997, "soidutee_synon_tekst": "Täitmata", "tee_synon2": null, "teeosa_synon2": null, "soidutee_synon2": 997, "soidutee_synon2_tekst": "Täitmata", "nimetus": null, "a_tasand": 0, "l_tasand": 0, "ads_oid": null, "ads_nimetus": null, "karto_nimi": null, "tahtsus": 997, "tahtsus_tekst": "Täitmata", "no_oid": null, "markused": null, "vajalik": 30, "vajalik_tekst": "Korras", "andmeallika_id": 58, "korgusallika_id": 222, "ruumikujuallika_id": 222, "muutmisaeg": "2025-09-02T15:41:32Z", "geom_muutmisaeg": "2022-11-30T11:03:22Z" }, "geometry": { "type": "LineString", "coordinates": [ [ 23.023666426161736, 58.365537286965576 ], [ 23.022918964758023, 58.365750080652035 ], [ 23.022256489933909, 58.365898896451434 ] ] } },
{ "type": "Feature", "properties": { "id": "e_501_tee_j.616662", "fid": 616662, "sys_id": 916049610, "etak_id": 8791889, "kood": 501, "kood_tekst": "Tee", "tyyp": 60, "tyyp_tekst": "Muu tee", "laius": 3, "teekate": 20, "teekate_tekst": "Kruuskate", "liiklus": 10, "liiklus_tekst": "Kahesuunaline", "tee": null, "teeosa": null, "soidutee": 997, "soidutee_tekst": "Täitmata", "tee_synon": null, "teeosa_synon": null, "soidutee_synon": 997, "soidutee_synon_tekst": "Täitmata", "tee_synon2": null, "teeosa_synon2": null, "soidutee_synon2": 997, "soidutee_synon2_tekst": "Täitmata", "nimetus": null, "a_tasand": 0, "l_tasand": 0, "ads_oid": null, "ads_nimetus": null, "karto_nimi": null, "tahtsus": 997, "tahtsus_tekst": "Täitmata", "no_oid": null, "markused": null, "vajalik": 30, "vajalik_tekst": "Korras", "andmeallika_id": 222, "korgusallika_id": 222, "ruumikujuallika_id": 222, "muutmisaeg": "2022-11-30T11:20:06Z", "geom_muutmisaeg": "2022-11-30T11:21:37Z" }, "geometry": { "type": "LineString", "coordinates": [ [ 22.994420219616437, 58.376209044526803 ], [ 22.994456552609947, 58.376283590541966 ], [ 22.994456802052568, 58.376513232402687 ], [ 22.994457103491168, 58.376795556973001 ] ] } },
{ "type": "Feature", "properties": { "id": "e_501_tee_j.616663", "fid": 616663, "sys_id": 916049611, "etak_id": 8791811, "kood": 501, "kood_tekst": "Tee", "tyyp": 70, "tyyp_tekst": "Rada", "laius": 0, "teekate": 40, "teekate_tekst": "Pinnas", "liiklus": 10, "liiklus_tekst": "Kahesuunaline", "tee": null, "teeosa": null, "soidutee": 997, "soidutee_tekst": "Täitmata", "tee_synon": null, "teeosa_synon": null, "soidutee_synon": 997, "soidutee_synon_tekst": "Täitmata", "tee_synon2": null, "teeosa_synon2": null, "soidutee_synon2": 997, "soidutee_synon2_tekst": "Täitmata", "nimetus": null, "a_tasand": 0, "l_tasand": 0, "ads_oid": null, "ads_nimetus": null, "karto_nimi": null, "tahtsus": 997, "tahtsus_tekst": "Täitmata", "no_oid": null, "markused": null, "vajalik": 30, "vajalik_tekst": "Korras", "andmeallika_id": 58, "korgusallika_id": 222, "ruumikujuallika_id": 222, "muutmisaeg": "2025-09-02T15:41:32Z", "geom_muutmisaeg": "2022-11-30T11:15:37Z" }, "geometry": { "type": "LineString", "coordinates": [ [ 23.021770849129567, 58.368744081280859 ], [ 23.021755704830703, 58.368693079087954 ], [ 23.021751657302875, 58.368679435332446 ], [ 23.021749336969528, 58.368655900557911 ], [ 23.021746029377667, 58.368622373148277 ], [ 23.021751778699876, 58.368546388806074 ], [ 23.021887139735302, 58.368233830223325 ], [ 23.021997143750607, 58.368052221065177 ], [ 23.022039239582888, 58.368009568268548 ], [ 23.022067883771093, 58.36798054187696 ], [ 23.022521704469714, 58.367662852358386 ], [ 23.022769771864709, 58.367459501072041 ], [ 23.023020592764276, 58.367157334392047 ], [ 23.023060906367263, 58.367070390323995 ], [ 23.023083280359614, 58.366998097984244 ], [ 23.02305042123086, 58.366880243597578 ], [ 23.02288405907613, 58.366479657307643 ], [ 23.022821985333426, 58.366370836949812 ], [ 23.022816461334042, 58.366309977333216 ], [ 23.022841898593864, 58.366177124618218 ], [ 23.022843015237253, 58.366170748828537 ], [ 23.022850512323959, 58.366127777040255 ], [ 23.022864423854198, 58.36609382475384 ], [ 23.022877693083156, 58.366061465878524 ], [ 23.022974221171648, 58.36597287791372 ], [ 23.023316432086713, 58.36576455329849 ], [ 23.023666426161736, 58.365537286965576 ] ] } },
{ "type": "Feature", "properties": { "id": "e_501_tee_j.616670", "fid": 616670, "sys_id": 916049618, "etak_id": 8791927, "kood": 501, "kood_tekst": "Tee", "tyyp": 60, "tyyp_tekst": "Muu tee", "laius": 3, "teekate": 20, "teekate_tekst": "Kruuskate", "liiklus": 10, "liiklus_tekst": "Kahesuunaline", "tee": null, "teeosa": null, "soidutee": 997, "soidutee_tekst": "Täitmata", "tee_synon": null, "teeosa_synon": null, "soidutee_synon": 997, "soidutee_synon_tekst": "Täitmata", "tee_synon2": null, "teeosa_synon2": null, "soidutee_synon2": 997, "soidutee_synon2_tekst": "Täitmata", "nimetus": null, "a_tasand": 0, "l_tasand": 0, "ads_oid": null, "ads_nimetus": null, "karto_nimi": null, "tahtsus": 997, "tahtsus_tekst": "Täitmata", "no_oid": null, "markused": null, "vajalik": 30, "vajalik_tekst": "Korras", "andmeallika_id": 46, "korgusallika_id": 222, "ruumikujuallika_id": 222, "muutmisaeg": "2023-06-29T15:27:27Z", "geom_muutmisaeg": "2022-11-30T12:02:01Z" }, "geometry": { "type": "LineString", "coordinates": [ [ 23.025223637901629, 58.368005244614764 ], [ 23.025281809049684, 58.367978723753694 ], [ 23.025432772300217, 58.367905976151903 ], [ 23.0255369410004, 58.367836435975143 ] ] } },
{ "type": "Feature", "properties": { "id": "e_501_tee_j.616690", "fid": 616690, "sys_id": 916049637, "etak_id": 8791926, "kood": 501, "kood_tekst": "Tee", "tyyp": 60, "tyyp_tekst": "Muu tee", "laius": 3, "teekate": 40, "teekate_tekst": "Pinnas", "liiklus": 10, "liiklus_tekst": "Kahesuunaline", "tee": null, "teeosa": null, "soidutee": 997, "soidutee_tekst": "Täitmata", "tee_synon": null, "teeosa_synon": null, "soidutee_synon": 997, "soidutee_synon_tekst": "Täitmata", "tee_synon2": null, "teeosa_synon2": null, "soidutee_synon2": 997, "soidutee_synon2_tekst": "Täitmata", "nimetus": null, "a_tasand": 0, "l_tasand": 0, "ads_oid": null, "ads_nimetus": null, "karto_nimi": null, "tahtsus": 997, "tahtsus_tekst": "Täitmata", "no_oid": null, "markused": null, "vajalik": 30, "vajalik_tekst": "Korras", "andmeallika_id": 222, "korgusallika_id": 222, "ruumikujuallika_id": 222, "muutmisaeg": "2022-11-30T11:46:58Z", "geom_muutmisaeg": "2022-11-30T12:02:01Z" }, "geometry": { "type": "LineString", "coordinates": [ [ 23.0255369410004, 58.367836435975143 ], [ 23.02571430828678, 58.367782773227702 ], [ 23.025941614213703, 58.367714118628228 ], [ 23.026070519839106, 58.367678834517676 ], [ 23.026158311467174, 58.367661374957152 ], [ 23.026249520283063, 58.367651358364284 ] ] } },
{ "type": "Feature", "properties": { "id": "e_501_tee_j.616694", "fid": 616694, "sys_id": 916049641, "etak_id": 8792703, "kood": 501, "kood_tekst": "Tee", "tyyp": 70, "tyyp_tekst": "Rada", "laius": 0, "teekate": 40, "teekate_tekst": "Pinnas", "liiklus": 10, "liiklus_tekst": "Kahesuunaline", "tee": null, "teeosa": null, "soidutee": 997, "soidutee_tekst": "Täitmata", "tee_synon": null, "teeosa_synon": null, "soidutee_synon": 997, "soidutee_synon_tekst": "Täitmata", "tee_synon2": null, "teeosa_synon2": null, "soidutee_synon2": 997, "soidutee_synon2_tekst": "Täitmata", "nimetus": null, "a_tasand": 0, "l_tasand": 0, "ads_oid": null, "ads_nimetus": null, "karto_nimi": null, "tahtsus": 997, "tahtsus_tekst": "Täitmata", "no_oid": null, "markused": null, "vajalik": 30, "vajalik_tekst": "Korras", "andmeallika_id": 222, "korgusallika_id": 222, "ruumikujuallika_id": 222, "muutmisaeg": "2022-12-01T09:57:03Z", "geom_muutmisaeg": "2022-12-01T09:59:56Z" }, "geometry": { "type": "LineString", "coordinates": [ [ 23.039323096200725, 58.37472082998103 ], [ 23.039418926656161, 58.374680371745207 ], [ 23.03949307141556, 58.374645371366874 ], [ 23.03957408744634, 58.374619770128625 ], [ 23.039623579148131, 58.374601267839594 ], [ 23.039640600498377, 58.374575661082432 ], [ 23.039672574046246, 58.37436142104773 ], [ 23.03976047738346, 58.374256170873231 ], [ 23.039824436179046, 58.374207912029881 ], [ 23.039853026413319, 58.374146636515604 ], [ 23.039882382806404, 58.374064139596044 ], [ 23.039953263198086, 58.373920536229456 ] ] } },
{ "type": "Feature", "properties": { "id": "e_501_tee_j.616697", "fid": 616697, "sys_id": 916049644, "etak_id": 8792689, "kood": 501, "kood_tekst": "Tee", "tyyp": 70, "tyyp_tekst": "Rada", "laius": 0, "teekate": 40, "teekate_tekst": "Pinnas", "liiklus": 10, "liiklus_tekst": "Kahesuunaline", "tee": null, "teeosa": null, "soidutee": 997, "soidutee_tekst": "Täitmata", "tee_synon": null, "teeosa_synon": null, "soidutee_synon": 997, "soidutee_synon_tekst": "Täitmata", "tee_synon2": null, "teeosa_synon2": null, "soidutee_synon2": 997, "soidutee_synon2_tekst": "Täitmata", "nimetus": null, "a_tasand": 0, "l_tasand": 0, "ads_oid": null, "ads_nimetus": null, "karto_nimi": null, "tahtsus": 997, "tahtsus_tekst": "Täitmata", "no_oid": null, "markused": null, "vajalik": 30, "vajalik_tekst": "Korras", "andmeallika_id": 46, "korgusallika_id": 999, "ruumikujuallika_id": 46, "muutmisaeg": "2024-12-06T11:17:43Z", "geom_muutmisaeg": "2024-12-06T11:46:07Z" }, "geometry": { "type": "LineString", "coordinates": [ [ 23.038517325926939, 58.37377328943699 ], [ 23.038428987433971, 58.373701480806254 ], [ 23.038135555797741, 58.373425732718033 ], [ 23.038013605853845, 58.373347411952743 ], [ 23.037886524036356, 58.373273649817982 ], [ 23.037601838396345, 58.373124781641685 ], [ 23.037538171830668, 58.373071566001983 ], [ 23.037405872877709, 58.372947973568976 ], [ 23.037354461567212, 58.37284346143533 ] ] } },
{ "type": "Feature", "properties": { "id": "e_501_tee_j.616698", "fid": 616698, "sys_id": 916049645, "etak_id": 8792690, "kood": 501, "kood_tekst": "Tee", "tyyp": 70, "tyyp_tekst": "Rada", "laius": 0, "teekate": 40, "teekate_tekst": "Pinnas", "liiklus": 10, "liiklus_tekst": "Kahesuunaline", "tee": null, "teeosa": null, "soidutee": 997, "soidutee_tekst": "Täitmata", "tee_synon": null, "teeosa_synon": null, "soidutee_synon": 997, "soidutee_synon_tekst": "Täitmata", "tee_synon2": null, "teeosa_synon2": null, "soidutee_synon2": 997, "soidutee_synon2_tekst": "Täitmata", "nimetus": null, "a_tasand": 0, "l_tasand": 0, "ads_oid": null, "ads_nimetus": null, "karto_nimi": null, "tahtsus": 997, "tahtsus_tekst": "Täitmata", "no_oid": null, "markused": null, "vajalik": 30, "vajalik_tekst": "Korras", "andmeallika_id": 222, "korgusallika_id": 222, "ruumikujuallika_id": 222, "muutmisaeg": "2022-12-01T09:53:52Z", "geom_muutmisaeg": "2022-12-01T09:55:42Z" }, "geometry": { "type": "LineString", "coordinates": [ [ 23.038517325926939, 58.37377328943699 ], [ 23.038629032437203, 58.373318770176553 ], [ 23.038754780564737, 58.373089989487646 ] ] } },
{ "type": "Feature", "properties": { "id": "e_501_tee_j.616713", "fid": 616713, "sys_id": 916049660, "etak_id": 8792638, "kood": 501, "kood_tekst": "Tee", "tyyp": 70, "tyyp_tekst": "Rada", "laius": 0, "teekate": 40, "teekate_tekst": "Pinnas", "liiklus": 10, "liiklus_tekst": "Kahesuunaline", "tee": null, "teeosa": null, "soidutee": 997, "soidutee_tekst": "Täitmata", "tee_synon": null, "teeosa_synon": null, "soidutee_synon": 997, "soidutee_synon_tekst": "Täitmata", "tee_synon2": null, "teeosa_synon2": null, "soidutee_synon2": 997, "soidutee_synon2_tekst": "Täitmata", "nimetus": null, "a_tasand": 0, "l_tasand": 0, "ads_oid": null, "ads_nimetus": null, "karto_nimi": null, "tahtsus": 997, "tahtsus_tekst": "Täitmata", "no_oid": null, "markused": null, "vajalik": 30, "vajalik_tekst": "Korras", "andmeallika_id": 222, "korgusallika_id": 222, "ruumikujuallika_id": 222, "muutmisaeg": "2022-12-01T09:57:04Z", "geom_muutmisaeg": "2022-12-01T09:59:56Z" }, "geometry": { "type": "LineString", "coordinates": [ [ 23.039953263198086, 58.373920536229456 ], [ 23.040002537752368, 58.373876710428796 ], [ 23.04006925725372, 58.373780405818799 ], [ 23.040143489087662, 58.37372956617827 ], [ 23.040333260088396, 58.373671325040199 ], [ 23.040834062095652, 58.373554450977558 ], [ 23.040923247829458, 58.373511149151788 ], [ 23.040954740313655, 58.373473142716556 ], [ 23.040991560826093, 58.373418977568477 ], [ 23.041068059650332, 58.373289154211697 ], [ 23.041143705689613, 58.373159243593385 ], [ 23.041254474486507, 58.373063269213311 ] ] } },
{ "type": "Feature", "properties": { "id": "e_501_tee_j.616724", "fid": 616724, "sys_id": 916049672, "etak_id": 8792699, "kood": 501, "kood_tekst": "Tee", "tyyp": 70, "tyyp_tekst": "Rada", "laius": 0, "teekate": 40, "teekate_tekst": "Pinnas", "liiklus": 10, "liiklus_tekst": "Kahesuunaline", "tee": null, "teeosa": null, "soidutee": 997, "soidutee_tekst": "Täitmata", "tee_synon": null, "teeosa_synon": null, "soidutee_synon": 997, "soidutee_synon_tekst": "Täitmata", "tee_synon2": null, "teeosa_synon2": null, "soidutee_synon2": 997, "soidutee_synon2_tekst": "Täitmata", "nimetus": null, "a_tasand": 0, "l_tasand": 0, "ads_oid": null, "ads_nimetus": null, "karto_nimi": null, "tahtsus": 997, "tahtsus_tekst": "Täitmata", "no_oid": null, "markused": null, "vajalik": 30, "vajalik_tekst": "Korras", "andmeallika_id": 58, "korgusallika_id": 222, "ruumikujuallika_id": 222, "muutmisaeg": "2024-11-06T10:04:46Z", "geom_muutmisaeg": "2022-12-01T09:55:42Z" }, "geometry": { "type": "LineString", "coordinates": [ [ 23.039953263198086, 58.373920536229456 ], [ 23.039909745446113, 58.373888574771613 ], [ 23.039856161880145, 58.37386346067219 ], [ 23.039776631504861, 58.373860958933527 ], [ 23.039605017540104, 58.373873164069465 ], [ 23.039486629314471, 58.3738815850419 ], [ 23.039334969348001, 58.373870943838817 ], [ 23.039089114724444, 58.373865295432168 ], [ 23.038854578264516, 58.373842617130002 ], [ 23.038627633383236, 58.373806697152084 ], [ 23.038517325926939, 58.37377328943699 ] ] } },
{ "type": "Feature", "properties": { "id": "e_501_tee_j.616745", "fid": 616745, "sys_id": 916049693, "etak_id": 8792601, "kood": 501, "kood_tekst": "Tee", "tyyp": 60, "tyyp_tekst": "Muu tee", "laius": 3, "teekate": 20, "teekate_tekst": "Kruuskate", "liiklus": 10, "liiklus_tekst": "Kahesuunaline", "tee": null, "teeosa": null, "soidutee": 997, "soidutee_tekst": "Täitmata", "tee_synon": null, "teeosa_synon": null, "soidutee_synon": 997, "soidutee_synon_tekst": "Täitmata", "tee_synon2": null, "teeosa_synon2": null, "soidutee_synon2": 997, "soidutee_synon2_tekst": "Täitmata", "nimetus": null, "a_tasand": 0, "l_tasand": 0, "ads_oid": null, "ads_nimetus": null, "karto_nimi": null, "tahtsus": 997, "tahtsus_tekst": "Täitmata", "no_oid": null, "markused": null, "vajalik": 30, "vajalik_tekst": "Korras", "andmeallika_id": 46, "korgusallika_id": 999, "ruumikujuallika_id": 46, "muutmisaeg": "2024-12-06T11:18:34Z", "geom_muutmisaeg": "2024-12-06T11:46:07Z" }, "geometry": { "type": "LineString", "coordinates": [ [ 23.036454016997947, 58.371647722271625 ], [ 23.036397804823057, 58.371627696082882 ], [ 23.036322485555001, 58.37162014162584 ], [ 23.036256462513713, 58.371623261912774 ], [ 23.03612308045275, 58.37163210528842 ], [ 23.036019187487788, 58.371639447161336 ], [ 23.035950279019325, 58.371633709823001 ], [ 23.035875503238731, 58.371623160102942 ], [ 23.035802651402861, 58.371607883772739 ], [ 23.035742634881544, 58.371586993480037 ], [ 23.035618934128195, 58.371539348524799 ], [ 23.035532126091567, 58.371546298256362 ], [ 23.035449894754858, 58.371559002354005 ], [ 23.035375625360327, 58.371584283773906 ], [ 23.035292807390594, 58.371634642736204 ], [ 23.035259723574086, 58.371680043752342 ], [ 23.035213654698005, 58.371733401108834 ], [ 23.035153556425605, 58.371786661401103 ], [ 23.035073260842129, 58.371830385590279 ], [ 23.034897789306406, 58.371927571681248 ], [ 23.0348079837113, 58.371993375876272 ], [ 23.034664351356135, 58.372104307310025 ], [ 23.03445730844064, 58.372248934446056 ], [ 23.034215038430176, 58.372363618016124 ], [ 23.033930724253576, 58.372385935647891 ], [ 23.033889225452597, 58.372387201983663 ], [ 23.033699748411248, 58.372404660558303 ] ] } },
{ "type": "Feature", "properties": { "id": "e_501_tee_j.616754", "fid": 616754, "sys_id": 916049702, "etak_id": 8792691, "kood": 501, "kood_tekst": "Tee", "tyyp": 70, "tyyp_tekst": "Rada", "laius": 0, "teekate": 40, "teekate_tekst": "Pinnas", "liiklus": 10, "liiklus_tekst": "Kahesuunaline", "tee": null, "teeosa": null, "soidutee": 997, "soidutee_tekst": "Täitmata", "tee_synon": null, "teeosa_synon": null, "soidutee_synon": 997, "soidutee_synon_tekst": "Täitmata", "tee_synon2": null, "teeosa_synon2": null, "soidutee_synon2": 997, "soidutee_synon2_tekst": "Täitmata", "nimetus": null, "a_tasand": 0, "l_tasand": 0, "ads_oid": null, "ads_nimetus": null, "karto_nimi": null, "tahtsus": 997, "tahtsus_tekst": "Täitmata", "no_oid": null, "markused": null, "vajalik": 30, "vajalik_tekst": "Korras", "andmeallika_id": 222, "korgusallika_id": 222, "ruumikujuallika_id": 222, "muutmisaeg": "2022-12-01T09:53:26Z", "geom_muutmisaeg": "2022-12-01T09:55:42Z" }, "geometry": { "type": "LineString", "coordinates": [ [ 23.038138959456859, 58.374245276148699 ], [ 23.038364327525716, 58.373918814718103 ], [ 23.038414233271382, 58.373871348656252 ], [ 23.038517325926939, 58.37377328943699 ] ] } },
{ "type": "Feature", "properties": { "id": "e_501_tee_j.620051", "fid": 620051, "sys_id": 916052985, "etak_id": 8850011, "kood": 501, "kood_tekst": "Tee", "tyyp": 30, "tyyp_tekst": "Kõrvalmaantee", "laius": 5, "teekate": 20, "teekate_tekst": "Kruuskate", "liiklus": 10, "liiklus_tekst": "Kahesuunaline", "tee": 21168.0, "teeosa": 1.0, "soidutee": 1, "soidutee_tekst": "Parempoolne või ainuke", "tee_synon": null, "teeosa_synon": null, "soidutee_synon": 997, "soidutee_synon_tekst": "Täitmata", "tee_synon2": null, "teeosa_synon2": null, "soidutee_synon2": 997, "soidutee_synon2_tekst": "Täitmata", "nimetus": "Kahtla-Ruhve tee", "a_tasand": 0, "l_tasand": 0, "ads_oid": null, "ads_nimetus": null, "karto_nimi": null, "tahtsus": 997, "tahtsus_tekst": "Täitmata", "no_oid": null, "markused": null, "vajalik": 30, "vajalik_tekst": "Korras", "andmeallika_id": 58, "korgusallika_id": 222, "ruumikujuallika_id": 222, "muutmisaeg": "2023-12-02T14:04:57Z", "geom_muutmisaeg": "2023-02-09T11:11:28Z" }, "geometry": { "type": "LineString", "coordinates": [ [ 23.015390724033196, 58.382715974871033 ], [ 23.015818781662663, 58.382436585588557 ], [ 23.016001017689192, 58.382315232776719 ] ] } },
{ "type": "Feature", "properties": { "id": "e_501_tee_j.620057", "fid": 620057, "sys_id": 916052991, "etak_id": 8850040, "kood": 501, "kood_tekst": "Tee", "tyyp": 60, "tyyp_tekst": "Muu tee", "laius": 3, "teekate": 40, "teekate_tekst": "Pinnas", "liiklus": 10, "liiklus_tekst": "Kahesuunaline", "tee": null, "teeosa": null, "soidutee": 997, "soidutee_tekst": "Täitmata", "tee_synon": null, "teeosa_synon": null, "soidutee_synon": 997, "soidutee_synon_tekst": "Täitmata", "tee_synon2": null, "teeosa_synon2": null, "soidutee_synon2": 997, "soidutee_synon2_tekst": "Täitmata", "nimetus": null, "a_tasand": 0, "l_tasand": 0, "ads_oid": null, "ads_nimetus": null, "karto_nimi": null, "tahtsus": 997, "tahtsus_tekst": "Täitmata", "no_oid": null, "markused": null, "vajalik": 30, "vajalik_tekst": "Korras", "andmeallika_id": 222, "korgusallika_id": 222, "ruumikujuallika_id": 222, "muutmisaeg": "2023-02-09T11:11:16Z", "geom_muutmisaeg": "2023-02-09T11:11:28Z" }, "geometry": { "type": "LineString", "coordinates": [ [ 23.018083545977319, 58.38180567245054 ], [ 23.018165021381069, 58.381764751319032 ], [ 23.018218395515838, 58.38173285387434 ], [ 23.018230616604313, 58.381684486129132 ], [ 23.017986582593682, 58.381382276493262 ] ] } },
{ "type": "Feature", "properties": { "id": "e_501_tee_j.620081", "fid": 620081, "sys_id": 916053015, "etak_id": 8850046, "kood": 501, "kood_tekst": "Tee", "tyyp": 60, "tyyp_tekst": "Muu tee", "laius": 3, "teekate": 40, "teekate_tekst": "Pinnas", "liiklus": 10, "liiklus_tekst": "Kahesuunaline", "tee": null, "teeosa": null, "soidutee": 997, "soidutee_tekst": "Täitmata", "tee_synon": null, "teeosa_synon": null, "soidutee_synon": 997, "soidutee_synon_tekst": "Täitmata", "tee_synon2": null, "teeosa_synon2": null, "soidutee_synon2": 997, "soidutee_synon2_tekst": "Täitmata", "nimetus": null, "a_tasand": 0, "l_tasand": 0, "ads_oid": null, "ads_nimetus": null, "karto_nimi": null, "tahtsus": 997, "tahtsus_tekst": "Täitmata", "no_oid": null, "markused": null, "vajalik": 30, "vajalik_tekst": "Korras", "andmeallika_id": 222, "korgusallika_id": 222, "ruumikujuallika_id": 222, "muutmisaeg": "2023-02-09T11:11:06Z", "geom_muutmisaeg": "2023-03-16T11:05:50Z" }, "geometry": { "type": "LineString", "coordinates": [ [ 23.017986582593682, 58.381382276493262 ], [ 23.017755828339133, 58.381389992990357 ], [ 23.017671616971395, 58.381381901320786 ], [ 23.017617210119226, 58.381369908367169 ], [ 23.017591111322041, 58.381364149353729 ], [ 23.01754124137609, 58.381353152063653 ] ] } },
{ "type": "Feature", "properties": { "id": "e_501_tee_j.620120", "fid": 620120, "sys_id": 916053054, "etak_id": 8850008, "kood": 501, "kood_tekst": "Tee", "tyyp": 60, "tyyp_tekst": "Muu tee", "laius": 3, "teekate": 40, "teekate_tekst": "Pinnas", "liiklus": 10, "liiklus_tekst": "Kahesuunaline", "tee": null, "teeosa": null, "soidutee": 997, "soidutee_tekst": "Täitmata", "tee_synon": null, "teeosa_synon": null, "soidutee_synon": 997, "soidutee_synon_tekst": "Täitmata", "tee_synon2": null, "teeosa_synon2": null, "soidutee_synon2": 997, "soidutee_synon2_tekst": "Täitmata", "nimetus": null, "a_tasand": 0, "l_tasand": 0, "ads_oid": null, "ads_nimetus": null, "karto_nimi": null, "tahtsus": 997, "tahtsus_tekst": "Täitmata", "no_oid": null, "markused": null, "vajalik": 30, "vajalik_tekst": "Korras", "andmeallika_id": 58, "korgusallika_id": 222, "ruumikujuallika_id": 222, "muutmisaeg": "2025-09-17T12:26:57Z", "geom_muutmisaeg": "2023-02-09T11:11:28Z" }, "geometry": { "type": "LineString", "coordinates": [ [ 23.016001017689192, 58.382315232776719 ], [ 23.016045549936532, 58.382320882719398 ], [ 23.016119282394065, 58.382330223661349 ], [ 23.016197751012172, 58.382310777232867 ], [ 23.01630833721482, 58.382257276924562 ], [ 23.016371089631171, 58.382219005278834 ], [ 23.01644266939466, 58.382204408383345 ], [ 23.016554873509335, 58.382194587055999 ], [ 23.016664780929098, 58.382185583028033 ], [ 23.01680361172712, 58.382177932994537 ] ] } }
]
}
